image,person,face_found,detection_ms,best_frame_ms,embedding_ms,matching_ms,state_check_ms,total_ms
0001.jpg,ca sĩ Akira Phan,True,6.78,0.90,17.42,0.25,0.00,25.35
0003.jpg,ca sĩ Akira Phan,True,6.22,1.26,17.35,0.28,0.00,25.11
0004.jpg,ca sĩ Akira Phan,True,6.68,0.81,18.97,0.27,0.00,26.73
0005.jpg,ca sĩ Akira Phan,True,6.39,0.42,18.05,0.27,0.00,25.14
0007.jpg,ca sĩ Akira Phan,True,6.50,1.07,17.47,0.38,0.00,25.43
0008.jpg,ca sĩ Akira Phan,True,7.05,0.92,17.80,0.25,0.00,26.02
0010.jpg,ca sĩ Akira Phan,True,6.78,0.82,17.72,0.25,0.00,25.57
0011.jpg,ca sĩ Akira Phan,True,5.03,0.39,19.08,0.26,0.00,24.76
0013.jpg,ca sĩ Akira Phan,True,5.84,0.97,17.24,0.25,0.00,24.31
0015.jpg,ca sĩ Akira Phan,True,11.08,0.90,19.27,0.27,0.00,31.52
0016.jpg,ca sĩ Akira Phan,True,5.10,1.99,16.61,0.33,0.00,24.03
0017.jpg,ca sĩ Akira Phan,True,7.03,0.85,15.84,0.26,0.00,23.98
0018.jpg,ca sĩ Akira Phan,True,5.37,0.94,17.71,0.30,0.00,24.32
0019.jpg,ca sĩ Akira Phan,True,8.12,1.09,17.33,0.30,0.00,26.84
0020.jpg,ca sĩ Akira Phan,True,5.35,0.90,18.47,0.30,0.00,25.01
0023.jpg,ca sĩ Akira Phan,True,6.84,1.13,14.35,0.26,0.00,22.59
0024.jpg,ca sĩ Akira Phan,True,6.12,0.76,16.03,0.30,0.00,23.21
0026.jpg,ca sĩ Akira Phan,True,4.55,0.84,15.50,0.31,0.00,21.20
0027.jpg,ca sĩ Akira Phan,True,5.81,0.77,15.92,0.27,0.00,22.77
0028.jpg,ca sĩ Akira Phan,True,21.91,0.26,33.19,0.30,0.00,55.65
0029.jpg,ca sĩ Akira Phan,True,7.37,1.01,17.44,0.28,0.00,26.10
0030.jpg,ca sĩ Akira Phan,True,4.98,1.08,15.34,0.29,0.00,21.69
0031.jpg,ca sĩ Akira Phan,True,7.39,0.97,16.76,0.31,0.00,25.42
0033.jpg,ca sĩ Akira Phan,True,9.79,5.84,30.78,0.33,0.00,46.74
0035.jpg,ca sĩ Akira Phan,True,9.08,1.15,21.08,0.33,0.00,31.64
0036.jpg,ca sĩ Akira Phan,True,7.65,0.81,19.83,0.35,0.00,28.64
0037.jpg,ca sĩ Akira Phan,True,6.22,0.44,18.29,0.29,0.00,25.24
0038.jpg,ca sĩ Akira Phan,True,8.75,1.10,19.01,0.32,0.00,29.18
0041.jpg,ca sĩ Akira Phan,True,8.95,0.48,19.28,0.31,0.00,29.02
0001.jpg,ca sĩ Anh Thơ,True,6.98,1.14,17.39,0.35,0.00,25.85
0004.jpg,ca sĩ Anh Thơ,True,7.12,1.21,20.57,0.35,0.00,29.25
0005.jpg,ca sĩ Anh Thơ,True,5.80,0.94,19.49,0.35,0.00,26.58
0008.jpg,ca sĩ Anh Thơ,True,4.77,0.93,23.42,5.35,0.00,34.46
0009.jpg,ca sĩ Anh Thơ,True,5.70,1.05,18.57,0.33,0.00,25.65
0010.jpg,ca sĩ Anh Thơ,True,5.75,1.06,17.98,0.34,0.00,25.14
0011.jpg,ca sĩ Anh Thơ,True,5.15,0.99,19.33,0.32,0.00,25.80
0012.jpg,ca sĩ Anh Thơ,True,6.33,0.86,17.73,0.27,0.00,25.19
0015.jpg,ca sĩ Anh Thơ,True,4.87,0.97,17.44,0.47,0.00,23.75
0016.jpg,ca sĩ Anh Thơ,True,42.80,0.97,21.39,0.41,0.00,65.56
0017.jpg,ca sĩ Anh Thơ,True,4.74,0.68,18.75,0.33,0.00,24.49
0018.jpg,ca sĩ Anh Thơ,True,5.80,0.89,17.93,0.32,0.00,24.94
0023.jpg,ca sĩ Anh Thơ,True,8.30,1.06,16.74,0.30,0.00,26.39
0024.jpg,ca sĩ Anh Thơ,True,6.38,1.03,37.95,0.32,0.00,45.69
0028.jpg,ca sĩ Anh Thơ,True,4.83,0.93,35.98,0.34,0.00,42.07
0030.jpg,ca sĩ Anh Thơ,True,7.35,1.10,20.74,0.34,0.00,29.53
0031.jpg,ca sĩ Anh Thơ,True,7.30,0.04,21.20,0.64,0.00,29.19
0034.jpg,ca sĩ Anh Thơ,True,6.78,1.00,21.82,0.38,0.00,29.98
0035.jpg,ca sĩ Anh Thơ,True,7.98,1.03,21.53,0.33,0.00,30.88
0036.jpg,ca sĩ Anh Thơ,True,5.93,0.61,19.95,0.32,0.00,26.81
0038.jpg,ca sĩ Anh Thơ,True,6.84,4.05,21.38,0.36,0.00,32.63
0039.jpg,ca sĩ Anh Thơ,True,7.55,1.21,20.30,0.35,0.00,29.41
0040.jpg,ca sĩ Anh Thơ,True,6.39,0.96,20.42,0.34,0.00,28.11
0041.jpg,ca sĩ Anh Thơ,True,5.79,1.05,20.80,0.35,0.00,27.98
0002.jpg,ca sĩ Bằng Kiều,True,6.60,0.96,19.81,0.34,0.00,27.70
0003.jpg,ca sĩ Bằng Kiều,True,7.18,1.14,19.78,0.39,0.05,28.55
0004.jpg,ca sĩ Bằng Kiều,True,7.30,1.15,35.86,0.74,0.00,45.05
0005.jpg,ca sĩ Bằng Kiều,True,7.14,1.13,18.25,0.28,0.00,26.80
0007.jpg,ca sĩ Bằng Kiều,True,5.90,1.06,17.17,0.34,0.00,24.46
0009.jpg,ca sĩ Bằng Kiều,True,7.12,0.04,19.04,0.31,0.00,26.51
0011.jpg,ca sĩ Bằng Kiều,True,8.88,1.24,17.33,0.32,0.00,27.77
0013.jpg,ca sĩ Bằng Kiều,True,5.76,1.83,20.29,0.38,0.00,28.26
0014.jpg,ca sĩ Bằng Kiều,True,6.37,1.21,40.45,0.35,0.00,48.38
0016.jpg,ca sĩ Bằng Kiều,True,7.94,1.12,20.80,0.34,0.00,30.20
0017.jpg,ca sĩ Bằng Kiều,True,7.82,0.99,20.58,0.34,0.00,29.73
0019.jpg,ca sĩ Bằng Kiều,True,6.73,0.91,18.84,0.33,0.00,26.81
0022.jpg,ca sĩ Bằng Kiều,True,6.84,0.43,19.69,2.25,0.00,29.22
0024.jpg,ca sĩ Bằng Kiều,True,7.30,0.92,22.35,0.38,0.00,30.96
0025.jpg,ca sĩ Bằng Kiều,True,6.21,1.13,21.65,0.31,0.00,29.30
0028.jpg,ca sĩ Bằng Kiều,True,9.39,1.14,20.59,0.36,0.00,31.48
0030.jpg,ca sĩ Bằng Kiều,True,8.26,0.99,20.61,0.36,0.00,30.22
0032.jpg,ca sĩ Bằng Kiều,True,8.35,2.43,22.52,0.39,0.00,33.70
0034.jpg,ca sĩ Bằng Kiều,True,8.49,1.44,20.73,0.33,0.00,30.99
0035.jpg,ca sĩ Bằng Kiều,True,7.61,0.90,18.29,0.27,0.00,27.07
0036.jpg,ca sĩ Bằng Kiều,True,6.99,1.28,17.95,0.33,0.00,26.56
0037.jpg,ca sĩ Bằng Kiều,True,5.48,1.07,20.98,0.41,0.00,27.94
0038.jpg,ca sĩ Bằng Kiều,True,7.96,2.05,19.69,0.31,0.00,30.01
0039.jpg,ca sĩ Bằng Kiều,True,5.18,0.89,17.37,0.26,0.00,23.71
0001.jpg,ca sĩ Bảo Anh,True,23.40,0.97,20.30,0.40,0.00,45.07
0002.jpg,ca sĩ Bảo Anh,True,6.79,0.46,20.72,0.31,0.00,28.28
0003.jpg,ca sĩ Bảo Anh,True,5.71,1.07,20.46,0.37,0.00,27.62
0005.jpg,ca sĩ Bảo Anh,True,5.52,1.03,17.68,0.32,0.00,24.54
0006.jpg,ca sĩ Bảo Anh,True,6.78,1.17,18.91,0.42,0.00,27.29
0011.jpg,ca sĩ Bảo Anh,True,6.75,0.51,22.43,0.45,0.00,30.15
0013.jpg,ca sĩ Bảo Anh,True,8.90,1.27,22.66,0.36,0.00,33.19
0015.jpg,ca sĩ Bảo Anh,True,7.42,1.03,20.96,0.47,0.00,29.88
0016.jpg,ca sĩ Bảo Anh,True,6.58,1.10,21.51,0.40,0.00,29.60
0017.jpg,ca sĩ Bảo Anh,True,6.08,1.08,22.66,0.37,0.00,30.19
0018.jpg,ca sĩ Bảo Anh,True,6.65,1.08,21.75,0.35,0.00,29.84
0019.jpg,ca sĩ Bảo Anh,True,12.92,1.16,21.08,0.30,0.00,35.46
0020.jpg,ca sĩ Bảo Anh,True,7.50,0.93,21.27,0.29,0.00,29.99
0021.jpg,ca sĩ Bảo Anh,True,7.54,1.28,20.32,0.36,0.00,29.50
0022.jpg,ca sĩ Bảo Anh,True,6.82,0.98,20.89,0.76,0.00,29.45
0023.jpg,ca sĩ Bảo Anh,True,6.38,1.25,22.49,0.38,0.00,30.51
0024.jpg,ca sĩ Bảo Anh,True,9.28,0.93,18.87,0.38,0.00,29.45
0026.jpg,ca sĩ Bảo Anh,True,8.00,0.89,18.70,0.35,0.00,27.95
0027.jpg,ca sĩ Bảo Anh,True,7.25,1.33,21.76,0.37,0.00,30.71
0028.jpg,ca sĩ Bảo Anh,True,7.83,1.31,20.49,0.35,0.00,29.98
0030.jpg,ca sĩ Bảo Anh,True,9.03,1.14,24.57,0.51,0.00,35.26
0031.jpg,ca sĩ Bảo Anh,True,6.05,1.01,21.33,0.59,0.00,28.98
0032.jpg,ca sĩ Bảo Anh,True,6.91,1.26,22.73,0.36,0.00,31.26
0033.jpg,ca sĩ Bảo Anh,True,8.88,7.34,29.59,0.40,0.00,46.21
0034.jpg,ca sĩ Bảo Anh,True,7.87,0.99,21.42,0.35,0.00,30.63
0002.jpg,ca sĩ Bảo Thy,True,7.11,1.01,23.49,0.45,0.00,32.06
0005.jpg,ca sĩ Bảo Thy,True,8.99,1.56,20.95,0.34,0.00,31.84
0007.jpg,ca sĩ Bảo Thy,True,8.99,1.42,23.59,0.42,0.00,34.42
0011.jpg,ca sĩ Bảo Thy,True,10.03,0.97,22.70,0.38,0.00,34.08
0012.jpg,ca sĩ Bảo Thy,True,7.08,1.21,24.00,0.38,0.00,32.68
0013.jpg,ca sĩ Bảo Thy,True,9.43,1.34,20.51,0.41,0.00,31.68
0015.jpg,ca sĩ Bảo Thy,True,8.13,1.05,21.47,0.33,0.00,30.98
0016.jpg,ca sĩ Bảo Thy,True,8.31,1.15,21.94,0.38,0.00,31.78
0017.jpg,ca sĩ Bảo Thy,True,8.02,1.83,20.84,0.36,0.00,31.05
0018.jpg,ca sĩ Bảo Thy,True,6.41,1.33,19.77,0.36,0.00,27.86
0023.jpg,ca sĩ Bảo Thy,True,6.20,0.97,23.05,0.32,0.00,30.54
0027.jpg,ca sĩ Bảo Thy,True,5.87,1.28,23.63,0.35,0.00,31.14
0028.jpg,ca sĩ Bảo Thy,True,5.71,1.33,20.19,0.35,0.00,27.58
0031.jpg,ca sĩ Bảo Thy,True,6.91,0.97,19.67,0.33,0.00,27.88
0033.jpg,ca sĩ Bảo Thy,False,6.45,0.00,0.00,0.00,0.00,6.45
0037.jpg,ca sĩ Bảo Thy,True,5.12,0.92,18.95,0.31,0.00,25.30
0038.jpg,ca sĩ Bảo Thy,True,22.41,1.18,20.76,0.39,0.00,44.74
0001.jpg,ca sĩ Bigdaddy,True,7.21,1.25,24.48,0.36,0.00,33.29
0002.jpg,ca sĩ Bigdaddy,True,10.35,1.42,24.81,0.45,0.00,37.03
0005.jpg,ca sĩ Bigdaddy,True,7.74,1.86,27.27,0.42,0.00,37.29
0006.jpg,ca sĩ Bigdaddy,True,7.39,1.34,23.58,0.36,0.00,32.67
0008.jpg,ca sĩ Bigdaddy,True,9.42,1.44,25.51,0.46,0.00,36.83
0009.jpg,ca sĩ Bigdaddy,True,11.67,1.32,24.45,0.76,0.00,38.19
0010.jpg,ca sĩ Bigdaddy,True,6.87,1.28,24.95,0.42,0.00,33.53
0011.jpg,ca sĩ Bigdaddy,True,24.25,1.32,26.20,0.43,0.00,52.20
0012.jpg,ca sĩ Bigdaddy,True,9.76,1.24,27.42,0.99,0.00,39.41
0014.jpg,ca sĩ Bigdaddy,True,14.35,4.65,34.47,0.45,0.00,53.92
0016.jpg,ca sĩ Bigdaddy,True,9.98,0.06,28.79,0.46,0.00,39.29
0017.jpg,ca sĩ Bigdaddy,True,24.48,1.67,24.15,0.47,0.00,50.78
0018.jpg,ca sĩ Bigdaddy,True,8.36,1.37,44.03,0.43,0.00,54.20
0020.jpg,ca sĩ Bigdaddy,True,10.11,1.54,26.26,0.55,0.00,38.47
0021.jpg,ca sĩ Bigdaddy,True,9.25,1.61,28.36,0.51,0.00,39.73
0022.jpg,ca sĩ Bigdaddy,True,11.70,1.39,30.66,0.51,0.00,44.26
0024.jpg,ca sĩ Bigdaddy,True,14.53,1.61,32.55,0.56,0.00,49.25
0026.jpg,ca sĩ Bigdaddy,True,11.56,1.53,30.42,0.58,0.00,44.10
0027.jpg,ca sĩ Bigdaddy,True,10.09,1.29,30.47,0.55,0.00,42.40
0028.jpg,ca sĩ Bigdaddy,True,10.05,1.92,27.67,1.53,0.00,41.17
0030.jpg,ca sĩ Bigdaddy,True,30.44,1.42,34.88,0.45,0.00,67.19
0031.jpg,ca sĩ Bigdaddy,True,13.00,1.69,34.81,0.55,0.00,50.05
0033.jpg,ca sĩ Bigdaddy,True,13.87,1.39,30.64,0.49,0.00,46.38
0034.jpg,ca sĩ Bigdaddy,True,9.63,1.84,30.68,0.46,0.00,42.62
0001.jpg,ca sĩ Bích Phương,True,9.59,1.25,28.92,0.47,0.00,40.23
0004.jpg,ca sĩ Bích Phương,True,9.33,1.27,27.23,0.43,0.00,38.26
0005.jpg,ca sĩ Bích Phương,True,9.10,1.97,24.34,0.43,0.00,35.84
0006.jpg,ca sĩ Bích Phương,True,9.18,2.81,32.05,1.09,0.00,45.14
0009.jpg,ca sĩ Bích Phương,True,10.17,2.00,35.73,0.55,0.00,48.45
0010.jpg,ca sĩ Bích Phương,True,27.71,1.48,32.05,0.48,0.00,61.73
0011.jpg,ca sĩ Bích Phương,True,11.93,1.34,32.33,0.64,0.00,46.24
0014.jpg,ca sĩ Bích Phương,True,11.54,1.42,45.15,0.56,0.00,58.67
0017.jpg,ca sĩ Bích Phương,True,14.24,1.71,36.81,0.53,0.00,53.28
0018.jpg,ca sĩ Bích Phương,True,14.19,1.53,35.90,0.61,0.00,52.23
0019.jpg,ca sĩ Bích Phương,True,12.48,1.59,54.07,0.68,0.00,68.82
0022.jpg,ca sĩ Bích Phương,True,14.57,1.82,32.32,0.54,0.00,49.25
0023.jpg,ca sĩ Bích Phương,True,10.31,1.44,29.60,0.57,0.00,41.92
0025.jpg,ca sĩ Bích Phương,True,10.16,1.69,31.74,0.57,0.00,44.16
0026.jpg,ca sĩ Bích Phương,True,10.88,1.71,32.60,0.55,0.00,45.74
0028.jpg,ca sĩ Bích Phương,True,10.41,1.37,34.16,0.46,0.00,46.39
0031.jpg,ca sĩ Bích Phương,True,12.54,1.55,33.87,0.66,0.00,48.61
0032.jpg,ca sĩ Bích Phương,True,11.08,2.82,53.77,0.66,0.00,68.32
0034.jpg,ca sĩ Bích Phương,True,11.74,1.71,36.45,0.60,0.00,50.50
0038.jpg,ca sĩ Bích Phương,True,13.56,2.92,30.00,0.42,0.00,46.89
0039.jpg,ca sĩ Bích Phương,True,14.81,1.55,35.35,0.93,0.00,52.64
0044.jpg,ca sĩ Bích Phương,True,14.30,1.60,38.26,0.48,0.00,54.63
0045.jpg,ca sĩ Bích Phương,True,10.92,5.08,33.53,0.64,0.00,50.18
0001.jpg,ca sĩ Bùi Anh Tuấn,False,8.76,0.00,0.00,0.00,0.00,8.76
0002.jpg,ca sĩ Bùi Anh Tuấn,True,9.80,1.37,27.61,0.40,0.00,39.18
0004.jpg,ca sĩ Bùi Anh Tuấn,True,9.39,0.06,26.48,0.42,0.00,36.36
0005.jpg,ca sĩ Bùi Anh Tuấn,True,9.01,1.31,26.99,0.34,0.00,37.65
0006.jpg,ca sĩ Bùi Anh Tuấn,True,9.19,0.08,26.79,0.50,0.00,36.55
0010.jpg,ca sĩ Bùi Anh Tuấn,True,13.72,2.51,28.60,0.38,0.00,45.21
0012.jpg,ca sĩ Bùi Anh Tuấn,True,9.00,1.87,31.63,1.04,0.00,43.55
0013.jpg,ca sĩ Bùi Anh Tuấn,True,11.39,0.06,31.12,0.43,0.00,43.00
0014.jpg,ca sĩ Bùi Anh Tuấn,True,12.62,1.54,31.46,0.40,0.00,46.01
0019.jpg,ca sĩ Bùi Anh Tuấn,True,9.45,1.29,34.37,0.46,0.00,45.56
0021.jpg,ca sĩ Bùi Anh Tuấn,True,12.20,1.62,30.50,0.47,0.00,44.79
0022.jpg,ca sĩ Bùi Anh Tuấn,True,9.88,0.07,32.07,0.37,0.00,42.40
0023.jpg,ca sĩ Bùi Anh Tuấn,True,11.07,1.46,29.56,0.41,0.00,42.51
0024.jpg,ca sĩ Bùi Anh Tuấn,True,9.62,1.09,29.72,0.35,0.00,40.77
0025.jpg,ca sĩ Bùi Anh Tuấn,True,8.14,0.06,25.21,1.70,0.00,35.11
0028.jpg,ca sĩ Bùi Anh Tuấn,True,9.95,0.05,23.86,0.41,0.00,34.26
0031.jpg,ca sĩ Bùi Anh Tuấn,True,11.95,0.18,37.60,0.43,0.00,50.16
0032.jpg,ca sĩ Bùi Anh Tuấn,True,13.50,1.76,29.27,0.45,0.00,44.98
0033.jpg,ca sĩ Bùi Anh Tuấn,True,11.22,1.64,30.44,0.50,0.00,43.80
0034.jpg,ca sĩ Bùi Anh Tuấn,True,10.89,1.53,29.72,0.49,0.00,42.64
0035.jpg,ca sĩ Bùi Anh Tuấn,True,11.40,1.54,33.02,0.69,0.00,46.65
0006.jpg,ca sĩ Cao Thái Sơn,True,10.29,1.48,34.03,0.75,0.00,46.54
0007.jpg,ca sĩ Cao Thái Sơn,True,12.03,2.73,40.49,0.74,0.00,55.99
0009.jpg,ca sĩ Cao Thái Sơn,True,15.82,1.71,31.18,0.49,0.00,49.19
0010.jpg,ca sĩ Cao Thái Sơn,True,11.39,2.18,39.41,1.74,0.00,54.73
0012.jpg,ca sĩ Cao Thái Sơn,True,10.11,1.31,31.90,0.51,0.00,43.83
0014.jpg,ca sĩ Cao Thái Sơn,True,10.22,1.48,29.02,0.50,0.00,41.21
0018.jpg,ca sĩ Cao Thái Sơn,True,10.05,0.07,31.76,0.59,0.00,42.47
0019.jpg,ca sĩ Cao Thái Sơn,True,12.02,0.06,29.85,0.42,0.00,42.34
0020.jpg,ca sĩ Cao Thái Sơn,True,10.19,1.33,24.66,0.44,0.00,36.62
0021.jpg,ca sĩ Cao Thái Sơn,True,11.01,1.62,30.16,0.92,0.00,43.71
0023.jpg,ca sĩ Cao Thái Sơn,True,8.57,1.32,27.88,0.50,0.00,38.27
0024.jpg,ca sĩ Cao Thái Sơn,True,8.48,1.45,30.36,0.41,0.00,40.70
0026.jpg,ca sĩ Cao Thái Sơn,True,9.20,1.34,28.52,0.63,0.00,39.69
0030.jpg,ca sĩ Cao Thái Sơn,True,11.46,1.47,46.16,0.46,0.00,59.56
0031.jpg,ca sĩ Cao Thái Sơn,True,13.41,1.27,34.80,0.50,0.00,49.98
0032.jpg,ca sĩ Cao Thái Sơn,True,12.21,1.48,45.76,0.66,0.00,60.11
0038.jpg,ca sĩ Cao Thái Sơn,True,9.33,1.96,30.96,0.51,0.00,42.75
0041.jpg,ca sĩ Cao Thái Sơn,True,28.44,0.83,35.97,0.52,0.00,65.76
0044.jpg,ca sĩ Cao Thái Sơn,True,10.82,1.53,29.63,0.91,0.00,42.89
0045.jpg,ca sĩ Cao Thái Sơn,True,12.64,1.55,29.31,0.49,0.00,43.99
0001.jpg,ca sĩ Cát Tường,True,8.83,1.36,26.49,0.42,0.00,37.10
0005.jpg,ca sĩ Cát Tường,True,8.86,1.53,28.75,0.50,0.00,39.64
0007.jpg,ca sĩ Cát Tường,True,10.17,1.47,29.17,0.50,0.00,41.30
0008.jpg,ca sĩ Cát Tường,True,8.59,1.46,25.89,0.46,0.00,36.41
0011.jpg,ca sĩ Cát Tường,True,10.90,1.83,30.42,1.25,0.00,44.40
0012.jpg,ca sĩ Cát Tường,True,8.74,1.28,29.56,0.48,0.00,40.06
0014.jpg,ca sĩ Cát Tường,True,9.65,1.46,30.57,0.57,0.00,42.26
0016.jpg,ca sĩ Cát Tường,True,11.41,1.70,36.67,0.55,0.00,50.34
0017.jpg,ca sĩ Cát Tường,True,13.35,2.11,29.65,0.44,0.00,45.55
0018.jpg,ca sĩ Cát Tường,True,12.95,1.63,33.71,0.51,0.00,48.80
0019.jpg,ca sĩ Cát Tường,True,9.44,1.38,29.59,1.61,0.00,42.03
0022.jpg,ca sĩ Cát Tường,False,11.55,0.00,0.00,0.00,0.00,11.55
0023.jpg,ca sĩ Cát Tường,True,11.72,1.42,29.03,0.73,0.00,42.89
0025.jpg,ca sĩ Cát Tường,True,14.59,8.17,40.22,0.47,0.00,63.45
0026.jpg,ca sĩ Cát Tường,True,12.98,1.31,31.43,0.50,0.00,46.22
0028.jpg,ca sĩ Cát Tường,True,9.78,1.46,31.93,0.57,0.00,43.74
0030.jpg,ca sĩ Cát Tường,True,14.49,1.60,106.56,24.12,0.00,146.79
0031.jpg,ca sĩ Cát Tường,False,18.22,0.00,0.00,0.00,0.00,18.22
0033.jpg,ca sĩ Cát Tường,True,12.51,1.75,35.36,0.55,0.00,50.17
0036.jpg,ca sĩ Cát Tường,True,8.64,1.48,27.01,0.47,0.00,37.59
0038.jpg,ca sĩ Cát Tường,True,8.92,1.35,28.58,0.50,0.00,39.35
0039.jpg,ca sĩ Cát Tường,True,9.55,1.44,27.45,0.45,0.00,38.89
0041.jpg,ca sĩ Cát Tường,True,10.05,2.16,26.36,0.47,0.00,39.05
0001.jpg,ca sĩ Cẩm Ly,True,11.78,1.65,44.96,0.63,0.00,59.02
0004.jpg,ca sĩ Cẩm Ly,True,13.31,1.38,34.69,0.50,0.00,49.87
0006.jpg,ca sĩ Cẩm Ly,True,11.46,1.42,31.69,0.48,0.00,45.05
0007.jpg,ca sĩ Cẩm Ly,True,11.74,1.84,32.77,0.79,0.00,47.15
0008.jpg,ca sĩ Cẩm Ly,True,14.77,1.82,30.61,0.79,0.00,47.99
0009.jpg,ca sĩ Cẩm Ly,True,15.46,3.10,48.60,0.70,0.00,67.86
0012.jpg,ca sĩ Cẩm Ly,True,11.73,1.75,36.44,2.87,0.00,52.79
0014.jpg,ca sĩ Cẩm Ly,True,11.83,1.40,30.18,0.49,0.00,43.89
0015.jpg,ca sĩ Cẩm Ly,True,11.14,1.32,29.37,0.44,0.00,42.26
0017.jpg,ca sĩ Cẩm Ly,True,10.54,1.39,29.21,0.61,0.00,41.74
0019.jpg,ca sĩ Cẩm Ly,True,10.01,1.58,28.02,0.50,0.00,40.11
0020.jpg,ca sĩ Cẩm Ly,True,12.54,1.38,30.19,0.40,0.00,44.52
0021.jpg,ca sĩ Cẩm Ly,True,11.56,1.33,28.16,0.95,0.00,41.99
0022.jpg,ca sĩ Cẩm Ly,True,14.51,1.62,31.79,0.46,0.00,48.38
0023.jpg,ca sĩ Cẩm Ly,True,16.43,1.37,34.54,0.54,0.00,52.88
0025.jpg,ca sĩ Cẩm Ly,True,10.60,1.65,31.00,0.50,0.00,43.75
0026.jpg,ca sĩ Cẩm Ly,True,15.70,1.51,31.10,0.57,0.00,48.89
0028.jpg,ca sĩ Cẩm Ly,True,12.97,1.71,33.15,0.46,0.00,48.28
0029.jpg,ca sĩ Cẩm Ly,True,29.23,1.46,30.90,2.63,0.00,64.21
0030.jpg,ca sĩ Cẩm Ly,True,12.43,2.26,73.98,0.54,0.00,89.22
0031.jpg,ca sĩ Cẩm Ly,True,13.55,1.65,33.73,0.57,0.00,49.50
0032.jpg,ca sĩ Cẩm Ly,True,18.55,1.51,31.19,0.53,0.00,51.77
0034.jpg,ca sĩ Cẩm Ly,True,13.30,1.44,35.67,0.55,0.00,50.96
0035.jpg,ca sĩ Cẩm Ly,True,12.17,1.85,32.50,0.54,0.00,47.05
0036.jpg,ca sĩ Cẩm Ly,True,12.53,1.56,42.24,0.48,0.00,56.81
0037.jpg,ca sĩ Cẩm Ly,True,44.67,1.81,46.56,0.62,0.00,93.66
0039.jpg,ca sĩ Cẩm Ly,True,29.86,3.56,44.07,0.73,0.00,78.23
0040.jpg,ca sĩ Cẩm Ly,True,35.50,7.47,122.65,0.86,0.00,166.48
0041.jpg,ca sĩ Cẩm Ly,True,26.88,1.81,92.58,0.90,0.00,122.16
0042.jpg,ca sĩ Cẩm Ly,True,24.12,8.31,53.38,0.58,0.00,86.39
0044.jpg,ca sĩ Cẩm Ly,True,24.80,3.20,139.94,1.63,0.00,169.56
0045.jpg,ca sĩ Cẩm Ly,True,25.24,0.07,116.79,0.90,0.00,143.01
0003.jpg,ca sĩ Chi Dân,True,36.31,3.88,46.54,0.71,0.00,87.44
0005.jpg,ca sĩ Chi Dân,True,11.71,2.35,39.00,0.75,0.00,53.80
0008.jpg,ca sĩ Chi Dân,True,13.87,1.76,43.70,0.66,0.00,59.99
0009.jpg,ca sĩ Chi Dân,True,14.84,2.13,37.86,1.93,0.00,56.77
0010.jpg,ca sĩ Chi Dân,True,13.68,2.43,41.41,0.57,0.00,58.10
0015.jpg,ca sĩ Chi Dân,True,11.58,1.94,37.73,0.57,0.00,51.82
0016.jpg,ca sĩ Chi Dân,True,12.53,2.06,40.44,0.62,0.00,55.66
0019.jpg,ca sĩ Chi Dân,True,15.24,2.00,37.82,0.54,0.00,55.61
0020.jpg,ca sĩ Chi Dân,True,21.15,1.76,34.73,0.44,0.00,58.08
0021.jpg,ca sĩ Chi Dân,True,16.22,0.78,36.53,0.47,0.00,54.01
0024.jpg,ca sĩ Chi Dân,False,11.46,0.00,0.00,0.00,0.00,11.46
0025.jpg,ca sĩ Chi Dân,True,12.62,1.72,36.21,0.56,0.00,51.10
0027.jpg,ca sĩ Chi Dân,True,11.79,1.59,34.29,0.55,0.00,48.22
0028.jpg,ca sĩ Chi Dân,True,11.99,1.57,31.30,0.58,0.00,45.44
0029.jpg,ca sĩ Chi Dân,True,13.46,1.53,33.27,0.57,0.00,48.84
0030.jpg,ca sĩ Chi Dân,True,13.98,1.79,35.71,0.46,0.00,51.94
0031.jpg,ca sĩ Chi Dân,True,11.31,1.43,33.57,1.38,0.00,47.69
0032.jpg,ca sĩ Chi Dân,True,11.01,1.51,34.63,0.57,0.00,47.71
0034.jpg,ca sĩ Chi Dân,True,12.91,1.50,31.68,0.61,0.00,46.71
0035.jpg,ca sĩ Chi Dân,True,13.27,3.36,30.74,0.36,0.00,47.74
0039.jpg,ca sĩ Chi Dân,True,8.90,2.18,31.18,0.59,0.01,42.85
0040.jpg,ca sĩ Chi Dân,True,11.07,1.26,28.93,0.44,0.00,41.71
0041.jpg,ca sĩ Chi Dân,True,9.31,1.55,28.55,0.47,0.00,39.89
0042.jpg,ca sĩ Chi Dân,True,10.98,1.35,30.67,0.43,0.00,43.43
0043.jpg,ca sĩ Chi Dân,True,10.01,1.45,30.95,0.42,0.00,42.82
0001.jpg,ca sĩ Dịch Dương Thiên Tỉ,True,15.45,1.66,30.78,0.46,0.00,48.35
0002.jpg,ca sĩ Dịch Dương Thiên Tỉ,True,12.52,0.07,31.16,0.46,0.00,44.23
0003.jpg,ca sĩ Dịch Dương Thiên Tỉ,True,13.10,1.64,33.44,0.39,0.00,48.57
0005.jpg,ca sĩ Dịch Dương Thiên Tỉ,True,10.94,2.30,32.90,0.97,0.00,47.11
0006.jpg,ca sĩ Dịch Dương Thiên Tỉ,True,11.03,1.31,46.12,0.45,0.00,58.90
0007.jpg,ca sĩ Dịch Dương Thiên Tỉ,True,24.02,1.77,30.13,0.70,0.00,56.62
0008.jpg,ca sĩ Dịch Dương Thiên Tỉ,True,9.89,1.64,29.97,0.49,0.00,42.00
0009.jpg,ca sĩ Dịch Dương Thiên Tỉ,True,11.00,0.08,30.35,0.41,0.00,41.84
0011.jpg,ca sĩ Dịch Dương Thiên Tỉ,True,11.17,1.26,30.82,0.60,0.00,43.85
0013.jpg,ca sĩ Dịch Dương Thiên Tỉ,True,8.87,1.25,27.03,0.54,0.00,37.70
0014.jpg,ca sĩ Dịch Dương Thiên Tỉ,True,24.71,5.77,32.64,0.43,0.00,63.55
0016.jpg,ca sĩ Dịch Dương Thiên Tỉ,False,8.33,0.00,0.00,0.00,0.00,8.33
0018.jpg,ca sĩ Dịch Dương Thiên Tỉ,True,9.13,0.65,28.88,0.54,0.00,39.21
0019.jpg,ca sĩ Dịch Dương Thiên Tỉ,True,9.24,1.39,27.60,0.46,0.00,38.70
0020.jpg,ca sĩ Dịch Dương Thiên Tỉ,True,8.99,1.36,28.73,0.48,0.00,39.57
0021.jpg,ca sĩ Dịch Dương Thiên Tỉ,True,9.91,2.41,29.80,0.51,0.00,42.63
0023.jpg,ca sĩ Dịch Dương Thiên Tỉ,True,9.99,1.37,29.78,0.52,0.00,41.65
0024.jpg,ca sĩ Dịch Dương Thiên Tỉ,True,14.85,1.43,29.95,0.55,0.00,46.78
0025.jpg,ca sĩ Dịch Dương Thiên Tỉ,True,11.92,1.33,27.11,0.53,0.00,40.88
0026.jpg,ca sĩ Dịch Dương Thiên Tỉ,True,9.93,1.58,26.68,0.47,0.00,38.66
0027.jpg,ca sĩ Dịch Dương Thiên Tỉ,True,15.18,1.63,26.95,0.42,0.00,44.18
0033.jpg,ca sĩ Dịch Dương Thiên Tỉ,True,10.13,0.69,27.80,0.43,0.00,39.06
0034.jpg,ca sĩ Dịch Dương Thiên Tỉ,True,11.27,1.62,29.93,0.67,0.00,43.48
0035.jpg,ca sĩ Dịch Dương Thiên Tỉ,True,9.20,1.29,30.28,0.47,0.00,41.25
0036.jpg,ca sĩ Dịch Dương Thiên Tỉ,True,12.04,1.47,27.53,0.49,0.00,41.53
0037.jpg,ca sĩ Dịch Dương Thiên Tỉ,True,8.61,1.65,23.01,0.43,0.00,33.71
0038.jpg,ca sĩ Dịch Dương Thiên Tỉ,True,7.28,1.21,23.51,0.41,0.00,32.41
0041.jpg,ca sĩ Dịch Dương Thiên Tỉ,True,8.87,0.05,24.51,0.36,0.00,33.79
0042.jpg,ca sĩ Dịch Dương Thiên Tỉ,True,16.63,10.11,27.60,0.47,0.00,54.80
0043.jpg,ca sĩ Dịch Dương Thiên Tỉ,True,10.23,1.52,28.26,0.47,0.00,40.48
0004.jpg,ca sĩ Doãn Hiếu,True,9.75,1.50,29.19,0.55,0.00,40.99
0005.jpg,ca sĩ Doãn Hiếu,True,9.37,1.25,26.60,0.42,0.00,37.65
0006.jpg,ca sĩ Doãn Hiếu,True,9.65,1.29,25.79,0.44,0.00,37.17
0009.jpg,ca sĩ Doãn Hiếu,True,17.98,7.84,30.08,0.46,0.00,56.36
0015.jpg,ca sĩ Doãn Hiếu,True,9.71,1.38,28.08,0.47,0.00,39.63
0019.jpg,ca sĩ Doãn Hiếu,True,8.55,1.52,28.83,0.49,0.00,39.40
0023.jpg,ca sĩ Doãn Hiếu,True,8.21,1.33,27.54,0.50,0.00,37.58
0024.jpg,ca sĩ Doãn Hiếu,True,7.31,1.46,23.84,0.40,0.00,33.01
0025.jpg,ca sĩ Doãn Hiếu,True,24.04,1.21,31.42,0.44,0.00,57.12
0027.jpg,ca sĩ Doãn Hiếu,True,10.52,3.26,27.36,0.42,0.00,41.56
0030.jpg,ca sĩ Doãn Hiếu,True,10.85,1.30,29.24,0.49,0.00,41.88
0031.jpg,ca sĩ Doãn Hiếu,True,8.49,1.27,29.04,0.48,0.00,39.29
0032.jpg,ca sĩ Doãn Hiếu,True,8.88,1.73,28.55,0.50,0.00,39.66
0034.jpg,ca sĩ Doãn Hiếu,True,7.61,1.67,26.12,0.50,0.00,35.90
0001.jpg,ca sĩ Don Nguyễn,True,9.86,1.27,29.39,0.59,0.00,41.12
0002.jpg,ca sĩ Don Nguyễn,True,24.61,1.42,30.09,0.52,0.00,56.65
0003.jpg,ca sĩ Don Nguyễn,True,8.37,2.65,27.94,0.42,0.00,39.38
0005.jpg,ca sĩ Don Nguyễn,True,11.96,1.40,27.91,0.54,0.00,41.81
0006.jpg,ca sĩ Don Nguyễn,True,10.36,1.27,28.33,0.48,0.00,40.44
0007.jpg,ca sĩ Don Nguyễn,True,9.27,1.55,29.28,0.51,0.00,40.62
0008.jpg,ca sĩ Don Nguyễn,True,9.24,1.64,28.91,1.88,0.00,41.68
0009.jpg,ca sĩ Don Nguyễn,True,10.74,0.06,29.95,0.58,0.00,41.34
0010.jpg,ca sĩ Don Nguyễn,False,8.45,0.00,0.00,0.00,0.00,8.45
0011.jpg,ca sĩ Don Nguyễn,True,10.99,1.51,28.72,0.90,0.00,42.12
0012.jpg,ca sĩ Don Nguyễn,True,11.86,1.62,28.15,0.46,0.00,42.09
0014.jpg,ca sĩ Don Nguyễn,True,8.15,1.28,24.89,0.48,0.00,34.80
0017.jpg,ca sĩ Don Nguyễn,True,8.34,1.25,25.46,0.43,0.00,35.49
0018.jpg,ca sĩ Don Nguyễn,True,7.96,0.06,28.79,0.52,0.00,37.33
0020.jpg,ca sĩ Don Nguyễn,True,8.43,0.05,27.53,0.59,0.00,36.61
0022.jpg,ca sĩ Don Nguyễn,True,8.25,1.22,37.53,4.76,0.00,51.77
0024.jpg,ca sĩ Don Nguyễn,True,7.28,1.25,25.92,0.43,0.00,34.88
0026.jpg,ca sĩ Don Nguyễn,True,10.48,1.48,26.85,0.41,0.00,39.22
0027.jpg,ca sĩ Don Nguyễn,True,8.20,1.40,25.35,0.43,0.00,35.38
0028.jpg,ca sĩ Don Nguyễn,True,10.00,1.44,23.66,0.40,0.00,35.50
0030.jpg,ca sĩ Don Nguyễn,True,8.15,1.46,26.35,0.47,0.00,36.43
0031.jpg,ca sĩ Don Nguyễn,True,9.51,0.66,28.88,0.45,0.00,39.51
0032.jpg,ca sĩ Don Nguyễn,True,9.26,1.20,25.47,0.65,0.00,36.58
0033.jpg,ca sĩ Don Nguyễn,True,13.13,1.52,24.38,0.68,0.00,39.69
0001.jpg,ca sĩ Dương Triệu Vũ,True,9.80,1.48,23.58,0.41,0.00,35.28
0002.jpg,ca sĩ Dương Triệu Vũ,True,8.01,1.43,25.13,0.45,0.00,35.02
0003.jpg,ca sĩ Dương Triệu Vũ,True,9.44,1.46,29.61,0.41,0.00,40.91
0004.jpg,ca sĩ Dương Triệu Vũ,True,8.08,1.44,25.18,0.44,0.00,35.14
0005.jpg,ca sĩ Dương Triệu Vũ,True,9.47,1.46,25.87,0.40,0.00,37.20
0009.jpg,ca sĩ Dương Triệu Vũ,True,35.64,1.93,26.25,0.41,0.00,64.22
0011.jpg,ca sĩ Dương Triệu Vũ,True,14.25,1.23,28.78,0.53,0.00,44.79
0013.jpg,ca sĩ Dương Triệu Vũ,True,8.81,1.11,23.20,0.38,0.00,33.51
0016.jpg,ca sĩ Dương Triệu Vũ,True,7.56,0.05,22.54,0.34,0.00,30.49
0019.jpg,ca sĩ Dương Triệu Vũ,True,8.51,1.08,23.33,0.40,0.00,33.32
0020.jpg,ca sĩ Dương Triệu Vũ,True,7.28,1.26,21.21,0.40,0.00,30.16
0021.jpg,ca sĩ Dương Triệu Vũ,True,8.56,1.25,22.70,0.34,0.00,32.85
0022.jpg,ca sĩ Dương Triệu Vũ,True,7.32,1.32,25.50,0.50,0.00,34.65
0024.jpg,ca sĩ Dương Triệu Vũ,True,7.10,1.15,22.46,0.62,0.00,31.34
0025.jpg,ca sĩ Dương Triệu Vũ,True,6.73,2.16,23.30,0.40,0.00,32.60
0026.jpg,ca sĩ Dương Triệu Vũ,True,7.50,1.34,25.26,0.45,0.00,34.54
0030.jpg,ca sĩ Dương Triệu Vũ,True,8.67,1.79,38.12,0.40,0.00,48.97
0031.jpg,ca sĩ Dương Triệu Vũ,True,7.87,1.33,26.73,0.49,0.00,36.42
0032.jpg,ca sĩ Dương Triệu Vũ,True,7.80,1.42,25.41,0.42,0.00,35.06
0033.jpg,ca sĩ Dương Triệu Vũ,True,8.81,1.30,24.05,0.45,0.00,34.61
0035.jpg,ca sĩ Dương Triệu Vũ,True,12.03,1.16,25.56,0.49,0.00,39.25
0036.jpg,ca sĩ Dương Triệu Vũ,True,8.44,1.06,22.94,0.37,0.00,32.80
0037.jpg,ca sĩ Dương Triệu Vũ,True,7.52,1.32,25.05,0.40,0.00,34.30
0038.jpg,ca sĩ Dương Triệu Vũ,True,7.71,1.38,24.73,0.39,0.00,34.21
0001.jpg,ca sĩ Emily,True,8.35,1.33,25.28,0.42,0.00,35.38
0002.jpg,ca sĩ Emily,True,10.36,1.73,26.53,0.40,0.00,39.02
0006.jpg,ca sĩ Emily,True,11.01,1.51,25.61,0.47,0.00,38.59
0007.jpg,ca sĩ Emily,True,11.39,7.77,26.54,0.33,0.00,46.03
0009.jpg,ca sĩ Emily,True,7.41,1.04,22.06,0.43,0.00,30.94
0010.jpg,ca sĩ Emily,True,11.10,1.52,23.67,0.42,0.00,36.70
0011.jpg,ca sĩ Emily,True,7.88,1.54,23.02,0.37,0.00,32.81
0012.jpg,ca sĩ Emily,True,11.68,1.14,23.82,0.42,0.00,37.06
0014.jpg,ca sĩ Emily,True,22.51,1.11,22.25,0.38,0.00,46.25
0015.jpg,ca sĩ Emily,True,7.88,0.53,22.83,0.37,0.00,31.61
0017.jpg,ca sĩ Emily,False,8.56,0.00,0.00,0.00,0.00,8.56
0020.jpg,ca sĩ Emily,True,8.07,1.27,25.81,0.42,0.00,35.56
0023.jpg,ca sĩ Emily,True,9.45,1.05,21.93,0.39,0.00,32.83
0024.jpg,ca sĩ Emily,False,7.17,0.00,0.00,0.00,0.00,7.17
0025.jpg,ca sĩ Emily,True,7.70,1.03,25.89,0.36,0.00,34.99
0027.jpg,ca sĩ Emily,True,11.00,1.18,21.49,0.35,0.00,34.02
0028.jpg,ca sĩ Emily,True,7.13,1.16,25.29,0.37,0.00,33.94
0029.jpg,ca sĩ Emily,True,9.84,0.61,24.00,0.42,0.00,34.88
0030.jpg,ca sĩ Emily,True,10.18,1.47,26.23,0.43,0.00,38.31
0031.jpg,ca sĩ Emily,True,8.22,1.21,27.78,0.43,0.00,37.64
0033.jpg,ca sĩ Emily,True,8.60,1.27,25.78,0.39,0.00,36.04
0034.jpg,ca sĩ Emily,True,8.22,2.30,44.00,0.43,0.00,54.94
0001.jpg,ca sĩ Enrique Iglesias,True,11.11,1.52,26.77,0.63,0.00,40.03
0002.jpg,ca sĩ Enrique Iglesias,True,8.70,1.65,40.51,0.37,0.00,51.24
0001.jpg,ca sĩ Erik,True,29.84,5.19,22.52,0.44,0.00,57.99
0006.jpg,ca sĩ Erik,True,9.89,1.14,24.97,0.48,0.00,36.48
0008.jpg,ca sĩ Erik,True,11.39,4.14,26.78,0.43,0.00,42.73
0009.jpg,ca sĩ Erik,True,9.70,1.28,40.45,0.41,0.00,51.83
0010.jpg,ca sĩ Erik,True,13.90,1.53,27.27,0.67,0.00,43.38
0011.jpg,ca sĩ Erik,True,10.05,1.17,24.46,0.51,0.00,36.20
0013.jpg,ca sĩ Erik,True,7.68,1.39,41.72,0.46,0.00,51.26
0015.jpg,ca sĩ Erik,True,8.72,1.60,27.51,0.52,0.00,38.36
0017.jpg,ca sĩ Erik,True,10.93,1.63,30.17,0.92,0.00,43.65
0018.jpg,ca sĩ Erik,True,10.32,1.47,30.63,0.46,0.00,42.88
0019.jpg,ca sĩ Erik,True,9.20,1.49,23.48,0.45,0.00,34.62
0021.jpg,ca sĩ Erik,True,10.86,1.60,26.61,0.64,0.00,39.70
0026.jpg,ca sĩ Erik,True,9.69,1.40,29.94,0.43,0.00,41.45
0027.jpg,ca sĩ Erik,True,11.60,1.35,27.93,0.49,0.00,41.37
0029.jpg,ca sĩ Erik,True,9.29,1.58,26.58,0.46,0.00,37.92
0035.jpg,ca sĩ Erik,True,8.73,1.37,28.93,0.55,0.00,39.58
0038.jpg,ca sĩ Erik,True,9.06,2.56,26.14,0.40,0.00,38.15
0039.jpg,ca sĩ Erik,True,9.62,1.18,27.01,0.44,0.00,38.25
0042.jpg,ca sĩ Erik,True,8.44,1.46,25.72,0.42,0.00,36.04
0044.jpg,ca sĩ Erik,True,7.33,1.23,27.77,0.39,0.00,36.72
0001.jpg,ca sĩ Fanny Trần,True,8.25,1.42,25.19,0.40,0.00,35.26
0002.jpg,ca sĩ Fanny Trần,True,11.34,1.31,28.52,0.42,0.00,41.59
0004.jpg,ca sĩ Fanny Trần,True,9.39,1.16,26.43,0.38,0.00,37.37
0010.jpg,ca sĩ Fanny Trần,True,8.40,1.13,27.22,0.79,0.00,37.55
0011.jpg,ca sĩ Fanny Trần,True,9.29,1.66,23.37,0.40,0.00,34.71
0013.jpg,ca sĩ Fanny Trần,True,8.90,1.42,26.60,0.43,0.00,37.36
0016.jpg,ca sĩ Fanny Trần,True,10.53,1.25,24.74,0.48,0.00,37.00
0019.jpg,ca sĩ Fanny Trần,True,8.26,1.69,25.44,0.40,0.00,35.79
0020.jpg,ca sĩ Fanny Trần,True,8.22,0.66,25.81,0.44,0.00,35.13
0021.jpg,ca sĩ Fanny Trần,True,7.22,1.15,26.30,0.45,0.00,35.11
0022.jpg,ca sĩ Fanny Trần,True,9.80,1.32,26.05,0.45,0.00,37.63
0023.jpg,ca sĩ Fanny Trần,True,8.78,1.15,24.42,0.55,0.00,34.89
0025.jpg,ca sĩ Fanny Trần,True,9.44,1.17,25.36,0.45,0.00,36.42
0026.jpg,ca sĩ Fanny Trần,True,10.38,2.80,24.14,0.41,0.00,37.72
0028.jpg,ca sĩ Fanny Trần,True,7.35,0.06,25.14,0.42,0.00,32.97
0029.jpg,ca sĩ Fanny Trần,True,8.18,1.27,24.99,0.49,0.00,34.92
0032.jpg,ca sĩ Fanny Trần,True,8.69,0.12,25.55,0.43,0.00,34.79
0033.jpg,ca sĩ Fanny Trần,True,6.96,1.30,25.04,0.41,0.00,33.71
0034.jpg,ca sĩ Fanny Trần,True,7.90,1.22,26.83,0.42,0.00,36.37
0001.jpg,ca sĩ Gin Tuấn Kiệt,True,9.87,1.55,23.32,0.53,0.00,35.27
0002.jpg,ca sĩ Gin Tuấn Kiệt,True,10.17,1.15,26.24,0.54,0.00,38.11
0003.jpg,ca sĩ Gin Tuấn Kiệt,True,12.61,0.54,24.25,0.45,0.00,37.85
0006.jpg,ca sĩ Gin Tuấn Kiệt,True,7.74,1.45,22.95,0.51,0.00,32.65
0007.jpg,ca sĩ Gin Tuấn Kiệt,True,9.38,1.28,25.40,0.43,0.00,36.49
0010.jpg,ca sĩ Gin Tuấn Kiệt,True,8.67,1.30,27.62,0.44,0.00,38.02
0012.jpg,ca sĩ Gin Tuấn Kiệt,True,8.99,1.38,24.26,0.63,0.00,35.26
0013.jpg,ca sĩ Gin Tuấn Kiệt,True,7.76,1.65,25.00,0.41,0.00,34.82
0016.jpg,ca sĩ Gin Tuấn Kiệt,True,7.55,1.58,41.13,0.37,0.00,50.63
0017.jpg,ca sĩ Gin Tuấn Kiệt,True,8.11,1.46,24.64,0.42,0.00,34.63
0019.jpg,ca sĩ Gin Tuấn Kiệt,True,8.33,1.19,25.80,0.46,0.00,35.79
0020.jpg,ca sĩ Gin Tuấn Kiệt,True,8.40,1.52,25.02,0.40,0.00,35.35
0021.jpg,ca sĩ Gin Tuấn Kiệt,True,7.61,1.49,24.43,0.44,0.00,33.97
0022.jpg,ca sĩ Gin Tuấn Kiệt,True,18.76,5.48,25.69,0.49,0.00,50.41
0024.jpg,ca sĩ Gin Tuấn Kiệt,True,10.86,1.53,23.30,0.38,0.00,36.06
0025.jpg,ca sĩ Gin Tuấn Kiệt,True,11.09,1.23,23.25,0.36,0.00,35.94
0026.jpg,ca sĩ Gin Tuấn Kiệt,True,10.05,1.78,25.39,1.43,0.00,38.66
0030.jpg,ca sĩ Gin Tuấn Kiệt,True,10.39,1.47,29.42,0.47,0.00,41.75
0031.jpg,ca sĩ Gin Tuấn Kiệt,True,9.49,1.30,27.99,0.46,0.00,39.24
0032.jpg,ca sĩ Gin Tuấn Kiệt,True,9.67,1.39,28.29,0.68,0.00,40.04
0033.jpg,ca sĩ Gin Tuấn Kiệt,True,10.96,1.28,26.62,0.46,0.00,39.32
0034.jpg,ca sĩ Gin Tuấn Kiệt,True,10.87,1.38,27.56,0.37,0.00,40.18
0036.jpg,ca sĩ Gin Tuấn Kiệt,True,8.57,1.25,22.76,0.42,0.00,32.99
0037.jpg,ca sĩ Gin Tuấn Kiệt,True,9.33,1.20,25.64,0.85,0.00,37.02
0038.jpg,ca sĩ Gin Tuấn Kiệt,True,13.15,1.23,55.00,33.48,0.00,102.85
0040.jpg,ca sĩ Gin Tuấn Kiệt,True,7.71,1.20,60.40,1.91,0.00,71.22
0041.jpg,ca sĩ Gin Tuấn Kiệt,True,7.84,0.05,25.93,0.46,0.00,34.28
0042.jpg,ca sĩ Gin Tuấn Kiệt,True,7.82,1.24,26.22,0.45,0.00,35.73
0043.jpg,ca sĩ Gin Tuấn Kiệt,True,8.35,1.30,27.41,0.43,0.00,37.49
0001.jpg,ca sĩ Hari Won,True,8.88,1.51,24.76,0.46,0.00,35.61
0002.jpg,ca sĩ Hari Won,True,7.22,1.45,26.13,0.44,0.00,35.23
0003.jpg,ca sĩ Hari Won,True,8.99,1.39,25.11,0.40,0.00,35.90
0004.jpg,ca sĩ Hari Won,True,7.92,1.41,26.77,0.44,0.00,36.54
0005.jpg,ca sĩ Hari Won,True,9.67,1.42,22.47,0.39,0.00,33.95
0007.jpg,ca sĩ Hari Won,True,25.54,1.20,28.17,0.47,0.00,55.38
0009.jpg,ca sĩ Hari Won,True,8.22,1.31,25.02,0.41,0.00,34.96
0010.jpg,ca sĩ Hari Won,True,9.39,1.18,27.26,0.45,0.00,38.29
0011.jpg,ca sĩ Hari Won,True,8.96,1.33,27.60,0.47,0.00,38.36
0012.jpg,ca sĩ Hari Won,True,8.78,1.34,25.13,0.41,0.00,35.66
0013.jpg,ca sĩ Hari Won,True,8.85,1.13,24.83,0.42,0.00,35.23
0014.jpg,ca sĩ Hari Won,True,7.77,1.29,23.78,0.41,0.00,33.26
0015.jpg,ca sĩ Hari Won,True,8.96,1.70,25.63,0.50,0.00,36.78
0016.jpg,ca sĩ Hari Won,True,8.98,1.18,25.13,0.82,0.00,36.10
0018.jpg,ca sĩ Hari Won,True,7.76,1.50,42.44,0.38,0.00,52.08
0019.jpg,ca sĩ Hari Won,True,7.33,1.21,26.17,1.11,0.00,35.82
0022.jpg,ca sĩ Hari Won,True,8.12,1.19,25.83,0.48,0.00,35.61
0023.jpg,ca sĩ Hari Won,True,8.97,1.87,41.57,0.45,0.00,52.86
0024.jpg,ca sĩ Hari Won,True,8.77,1.78,25.91,0.44,0.00,36.90
0025.jpg,ca sĩ Hari Won,True,8.85,0.59,25.10,0.41,0.00,34.94
0026.jpg,ca sĩ Hari Won,True,10.64,1.26,23.82,0.46,0.00,36.18
0028.jpg,ca sĩ Hari Won,True,9.04,1.45,24.26,0.46,0.00,35.21
0030.jpg,ca sĩ Hari Won,True,10.63,1.61,21.97,0.38,0.00,34.59
0031.jpg,ca sĩ Hari Won,True,11.07,1.33,27.59,0.42,0.00,40.40
0032.jpg,ca sĩ Hari Won,True,9.51,1.59,26.05,0.41,0.00,37.56
0034.jpg,ca sĩ Hari Won,True,10.57,1.47,25.52,0.44,0.00,38.01
0035.jpg,ca sĩ Hari Won,True,11.98,1.48,30.47,0.47,0.00,44.40
0036.jpg,ca sĩ Hari Won,True,9.27,1.26,24.91,0.44,0.00,35.88
0037.jpg,ca sĩ Hari Won,True,9.80,1.23,24.32,0.77,0.00,36.12
0038.jpg,ca sĩ Hari Won,True,9.52,1.23,26.70,0.48,0.00,37.94
0040.jpg,ca sĩ Hari Won,True,9.67,1.15,23.37,0.41,0.00,34.60
0041.jpg,ca sĩ Hari Won,True,7.98,1.25,24.46,0.44,0.00,34.12
0042.jpg,ca sĩ Hari Won,True,8.76,1.33,24.44,0.42,0.00,34.94
0043.jpg,ca sĩ Hari Won,True,9.96,1.33,21.14,0.38,0.00,32.80
0044.jpg,ca sĩ Hari Won,True,8.24,1.11,23.34,0.42,0.00,33.10
0002.jpg,ca sĩ Hà Anh Tuấn,True,15.41,1.55,23.61,0.43,0.00,40.99
0003.jpg,ca sĩ Hà Anh Tuấn,True,9.64,1.13,26.54,0.36,0.00,37.66
0004.jpg,ca sĩ Hà Anh Tuấn,True,11.76,1.35,23.51,0.38,0.00,37.00
0005.jpg,ca sĩ Hà Anh Tuấn,True,11.44,1.57,29.49,0.59,0.00,43.09
0007.jpg,ca sĩ Hà Anh Tuấn,True,9.97,1.15,22.28,0.39,0.00,33.80
0011.jpg,ca sĩ Hà Anh Tuấn,True,8.89,1.41,27.18,0.42,0.00,37.91
0012.jpg,ca sĩ Hà Anh Tuấn,True,10.20,2.38,24.97,0.43,0.00,37.98
0013.jpg,ca sĩ Hà Anh Tuấn,True,8.44,1.15,25.59,0.41,0.00,35.59
0016.jpg,ca sĩ Hà Anh Tuấn,True,11.37,1.22,23.99,0.34,0.00,36.93
0017.jpg,ca sĩ Hà Anh Tuấn,True,9.57,1.18,22.90,2.04,0.00,35.70
0018.jpg,ca sĩ Hà Anh Tuấn,True,9.38,1.20,22.48,0.35,0.00,33.41
0023.jpg,ca sĩ Hà Anh Tuấn,True,8.57,1.67,27.28,0.40,0.00,37.92
0024.jpg,ca sĩ Hà Anh Tuấn,True,7.68,1.36,25.65,0.43,0.00,35.13
0027.jpg,ca sĩ Hà Anh Tuấn,True,9.13,1.44,26.82,0.45,0.00,37.84
0028.jpg,ca sĩ Hà Anh Tuấn,True,9.55,0.06,24.37,0.41,0.00,34.40
0030.jpg,ca sĩ Hà Anh Tuấn,True,7.56,1.33,21.62,0.34,0.00,30.85
0031.jpg,ca sĩ Hà Anh Tuấn,True,14.37,0.09,24.45,0.40,0.00,39.31
0032.jpg,ca sĩ Hà Anh Tuấn,True,11.78,1.60,25.89,0.58,0.00,39.85
0033.jpg,ca sĩ Hà Anh Tuấn,True,7.36,1.29,26.22,0.48,0.00,35.35
0035.jpg,ca sĩ Hà Anh Tuấn,True,8.16,0.63,24.17,0.44,0.00,33.40
0036.jpg,ca sĩ Hà Anh Tuấn,True,8.46,1.24,23.44,0.43,0.00,33.56
0037.jpg,ca sĩ Hà Anh Tuấn,True,10.57,1.43,23.56,0.37,0.00,35.93
0039.jpg,ca sĩ Hà Anh Tuấn,False,6.35,0.00,0.00,0.00,0.00,6.35
0041.jpg,ca sĩ Hà Anh Tuấn,True,9.80,1.47,28.93,1403.41,0.00,1443.60
0042.jpg,ca sĩ Hà Anh Tuấn,True,11.27,0.57,33.52,0.59,0.00,45.96
0044.jpg,ca sĩ Hà Anh Tuấn,True,9.74,1.97,24.75,0.39,0.00,36.85
0001.jpg,ca sĩ Hà Thanh Xuân,True,11.68,1.38,31.02,0.42,0.00,44.51
0002.jpg,ca sĩ Hà Thanh Xuân,True,13.37,0.51,28.82,0.36,0.00,43.06
0003.jpg,ca sĩ Hà Thanh Xuân,True,13.26,1.45,29.16,0.39,0.00,44.26
0008.jpg,ca sĩ Hà Thanh Xuân,True,7.86,1.23,25.59,0.40,0.00,35.08
0009.jpg,ca sĩ Hà Thanh Xuân,True,10.14,1.92,24.43,0.40,0.00,36.89
0011.jpg,ca sĩ Hà Thanh Xuân,True,8.44,1.63,28.60,0.45,0.00,39.13
0014.jpg,ca sĩ Hà Thanh Xuân,True,23.14,1.30,24.79,0.45,0.00,49.67
0015.jpg,ca sĩ Hà Thanh Xuân,True,31.53,3.51,31.09,0.49,0.00,66.63
0017.jpg,ca sĩ Hà Thanh Xuân,True,59.95,0.77,69.21,0.52,0.00,130.45
0018.jpg,ca sĩ Hà Thanh Xuân,True,11.84,1.26,28.59,0.52,0.00,42.21
0019.jpg,ca sĩ Hà Thanh Xuân,False,9.95,0.00,0.00,0.00,0.00,9.95
0020.jpg,ca sĩ Hà Thanh Xuân,True,12.68,1.51,28.36,0.67,0.00,43.22
0021.jpg,ca sĩ Hà Thanh Xuân,True,13.51,1.73,29.56,0.43,0.00,45.23
0024.jpg,ca sĩ Hà Thanh Xuân,True,10.84,1.36,26.88,0.35,0.00,39.43
0025.jpg,ca sĩ Hà Thanh Xuân,True,8.63,2.03,27.20,0.43,0.00,38.29
0026.jpg,ca sĩ Hà Thanh Xuân,True,12.03,1.20,28.90,0.47,0.00,42.60
0027.jpg,ca sĩ Hà Thanh Xuân,True,7.41,1.39,27.08,0.41,0.00,36.30
0028.jpg,ca sĩ Hà Thanh Xuân,True,7.87,1.49,26.64,0.44,0.00,36.44
0029.jpg,ca sĩ Hà Thanh Xuân,True,12.05,1.19,29.37,0.47,0.00,43.07
0031.jpg,ca sĩ Hà Thanh Xuân,True,12.42,8.04,33.63,0.65,0.00,54.74
0033.jpg,ca sĩ Hà Thanh Xuân,True,9.37,2.59,28.89,0.51,0.00,41.36
0035.jpg,ca sĩ Hà Thanh Xuân,True,13.34,1.19,28.67,0.44,0.00,43.65
0037.jpg,ca sĩ Hà Thanh Xuân,True,10.79,1.26,25.79,0.40,0.00,38.24
0038.jpg,ca sĩ Hà Thanh Xuân,True,8.86,1.56,28.15,0.45,0.00,39.01
0039.jpg,ca sĩ Hà Thanh Xuân,True,8.67,1.19,26.09,0.48,0.00,36.43
0042.jpg,ca sĩ Hà Thanh Xuân,True,11.00,1.44,26.41,0.45,0.00,39.30
0005.jpg,ca sĩ Hải Băng,True,13.75,1.50,31.13,0.44,0.00,46.81
0006.jpg,ca sĩ Hải Băng,True,8.59,2.06,25.79,0.38,0.00,36.83
0007.jpg,ca sĩ Hải Băng,True,8.27,1.15,24.82,0.39,0.00,34.63
0008.jpg,ca sĩ Hải Băng,True,11.27,1.93,26.43,0.41,0.00,40.04
0009.jpg,ca sĩ Hải Băng,True,11.04,1.38,28.61,0.41,0.00,41.43
0010.jpg,ca sĩ Hải Băng,True,11.26,1.69,28.85,1.93,0.00,43.73
0011.jpg,ca sĩ Hải Băng,True,13.62,1.43,29.92,0.63,0.00,45.61
0013.jpg,ca sĩ Hải Băng,True,14.40,1.94,42.65,5.74,0.00,64.72
0014.jpg,ca sĩ Hải Băng,False,19.87,0.00,0.00,0.00,0.00,19.87
0015.jpg,ca sĩ Hải Băng,True,13.35,1.48,28.55,0.39,0.00,43.77
0016.jpg,ca sĩ Hải Băng,True,14.73,3.48,36.66,0.42,0.00,55.29
0017.jpg,ca sĩ Hải Băng,False,10.30,0.00,0.00,0.00,0.00,10.30
0019.jpg,ca sĩ Hải Băng,True,9.34,1.22,35.32,20.55,0.00,66.43
0022.jpg,ca sĩ Hải Băng,True,8.73,1.61,32.63,0.76,0.00,43.73
0023.jpg,ca sĩ Hải Băng,True,9.35,1.36,28.08,0.41,0.00,39.20
0024.jpg,ca sĩ Hải Băng,True,8.99,1.32,23.29,0.47,0.00,34.07
0025.jpg,ca sĩ Hải Băng,True,8.73,1.52,25.31,0.48,0.00,36.04
0027.jpg,ca sĩ Hải Băng,True,8.97,1.52,31.21,0.52,0.00,42.21
0028.jpg,ca sĩ Hải Băng,True,14.46,1.81,27.76,0.49,0.00,44.53
0029.jpg,ca sĩ Hải Băng,True,10.97,1.39,30.67,0.45,0.00,43.49
0030.jpg,ca sĩ Hải Băng,True,9.71,1.37,32.70,0.48,0.00,44.26
0032.jpg,ca sĩ Hải Băng,True,13.02,1.43,43.75,1.02,0.00,59.22
0033.jpg,ca sĩ Hải Băng,True,24.78,1.34,32.35,0.93,0.00,59.40
0034.jpg,ca sĩ Hải Băng,True,8.52,1.63,25.12,0.60,0.00,35.87
0035.jpg,ca sĩ Hải Băng,True,8.36,1.13,31.51,0.41,0.00,41.42
0002.jpg,ca sĩ Hiền Thục,True,13.37,1.49,24.58,0.67,0.00,40.11
0003.jpg,ca sĩ Hiền Thục,True,11.29,1.21,25.05,0.52,0.00,38.07
0004.jpg,ca sĩ Hiền Thục,False,11.46,0.00,0.00,0.00,0.00,11.46
0006.jpg,ca sĩ Hiền Thục,True,9.99,1.16,26.48,0.48,0.00,38.11
0007.jpg,ca sĩ Hiền Thục,True,8.99,1.58,25.89,0.45,0.00,36.91
0008.jpg,ca sĩ Hiền Thục,True,10.27,0.65,25.53,0.48,0.00,36.94
0012.jpg,ca sĩ Hiền Thục,True,8.09,1.37,25.70,0.50,0.00,35.67
0013.jpg,ca sĩ Hiền Thục,True,9.78,1.43,25.87,0.39,0.00,37.47
0015.jpg,ca sĩ Hiền Thục,True,10.64,1.12,27.02,0.41,0.00,39.19
0016.jpg,ca sĩ Hiền Thục,True,8.35,1.20,24.81,0.42,0.00,34.78
0018.jpg,ca sĩ Hiền Thục,True,11.90,1.40,25.81,0.46,0.00,39.57
0019.jpg,ca sĩ Hiền Thục,True,7.49,1.37,26.35,0.46,0.00,35.68
0021.jpg,ca sĩ Hiền Thục,True,10.14,1.22,29.62,0.49,0.00,41.47
0024.jpg,ca sĩ Hiền Thục,True,6.24,1.05,25.71,0.38,0.00,33.38
0025.jpg,ca sĩ Hiền Thục,True,9.36,1.05,22.48,0.34,0.00,33.23
0028.jpg,ca sĩ Hiền Thục,True,13.42,0.10,39.15,1.79,0.00,54.46
0030.jpg,ca sĩ Hiền Thục,True,14.17,1.16,35.28,0.68,0.00,51.29
0031.jpg,ca sĩ Hiền Thục,True,12.02,1.74,28.71,0.54,0.00,43.02
0032.jpg,ca sĩ Hiền Thục,True,9.91,1.32,32.35,0.55,0.00,44.13
0033.jpg,ca sĩ Hiền Thục,True,14.34,1.61,30.16,0.44,0.00,46.54
0034.jpg,ca sĩ Hiền Thục,True,7.74,1.20,26.32,1.31,0.00,36.57
0035.jpg,ca sĩ Hiền Thục,True,12.13,1.69,31.30,0.44,0.00,45.57
0036.jpg,ca sĩ Hiền Thục,True,11.39,1.49,28.82,0.43,0.00,42.12
0039.jpg,ca sĩ Hiền Thục,True,16.08,1.45,42.20,0.44,0.00,60.17
0041.jpg,ca sĩ Hiền Thục,True,14.75,2.70,92.99,19.48,0.00,129.93
0042.jpg,ca sĩ Hiền Thục,True,12.32,1.08,24.50,0.72,0.00,38.62
0043.jpg,ca sĩ Hiền Thục,True,7.34,1.35,27.15,0.45,0.00,36.29
0002.jpg,ca sĩ Hoài Lâm,True,7.23,1.24,26.06,1.27,0.00,35.80
0005.jpg,ca sĩ Hoài Lâm,True,7.41,1.27,29.43,0.45,0.00,38.56
0006.jpg,ca sĩ Hoài Lâm,True,7.54,1.20,24.79,0.42,0.00,33.95
0007.jpg,ca sĩ Hoài Lâm,True,7.70,1.41,26.66,0.44,0.00,36.20
0012.jpg,ca sĩ Hoài Lâm,True,8.39,1.46,25.02,0.52,0.00,35.39
0013.jpg,ca sĩ Hoài Lâm,True,8.41,1.51,24.68,0.42,0.00,35.03
0016.jpg,ca sĩ Hoài Lâm,True,8.27,1.56,20.87,0.36,0.00,31.06
0017.jpg,ca sĩ Hoài Lâm,True,8.06,0.56,22.05,0.35,0.00,31.02
0018.jpg,ca sĩ Hoài Lâm,True,7.00,0.05,23.30,0.40,0.00,30.75
0019.jpg,ca sĩ Hoài Lâm,True,6.82,1.06,22.35,0.42,0.00,30.65
0021.jpg,ca sĩ Hoài Lâm,True,6.94,1.26,23.84,0.40,0.00,32.44
0022.jpg,ca sĩ Hoài Lâm,True,7.40,1.18,20.60,0.38,0.00,29.56
0023.jpg,ca sĩ Hoài Lâm,True,7.51,1.31,22.68,0.38,0.00,31.88
0024.jpg,ca sĩ Hoài Lâm,True,6.08,1.17,22.73,0.37,0.00,30.35
0026.jpg,ca sĩ Hoài Lâm,True,10.06,1.41,21.11,0.38,0.00,32.95
0029.jpg,ca sĩ Hoài Lâm,True,6.83,1.23,21.70,0.34,0.00,30.10
0030.jpg,ca sĩ Hoài Lâm,True,7.19,1.37,22.44,0.70,0.00,31.70
0031.jpg,ca sĩ Hoài Lâm,True,6.92,1.10,21.60,0.38,0.00,30.01
0032.jpg,ca sĩ Hoài Lâm,True,7.34,1.31,23.08,0.38,0.00,32.11
0033.jpg,ca sĩ Hoài Lâm,True,7.88,1.43,24.85,0.36,0.00,34.53
0034.jpg,ca sĩ Hoài Lâm,True,7.53,1.23,22.53,0.38,0.00,31.66
0035.jpg,ca sĩ Hoài Lâm,True,7.20,1.27,23.38,0.37,0.00,32.22
0036.jpg,ca sĩ Hoài Lâm,True,6.58,0.06,21.95,0.43,0.00,29.02
0038.jpg,ca sĩ Hoài Lâm,True,8.62,0.48,23.11,0.39,0.00,32.61
0040.jpg,ca sĩ Hoài Lâm,True,6.56,1.13,20.53,0.35,0.00,28.57
0041.jpg,ca sĩ Hoài Lâm,True,6.56,1.20,24.02,0.47,0.00,32.25
0043.jpg,ca sĩ Hoài Lâm,True,7.36,1.23,23.66,0.40,0.00,32.66
0044.jpg,ca sĩ Hoài Lâm,True,6.78,1.42,21.17,0.42,0.00,29.79
0045.jpg,ca sĩ Hoài Lâm,True,7.87,1.18,23.83,0.42,0.00,33.31
0046.jpg,ca sĩ Hoài Lâm,True,11.32,1.07,24.63,0.57,0.00,37.58
0047.jpg,ca sĩ Hoài Lâm,True,7.07,1.29,23.23,0.43,0.00,32.02
0002.jpg,ca sĩ Hoàng Thùy Linh,True,5.87,1.19,21.79,0.37,0.00,29.22
0003.jpg,ca sĩ Hoàng Thùy Linh,True,6.27,1.16,21.32,0.36,0.00,29.11
0005.jpg,ca sĩ Hoàng Thùy Linh,True,7.30,1.03,20.65,0.37,0.00,29.35
0007.jpg,ca sĩ Hoàng Thùy Linh,True,6.99,1.02,20.64,0.32,0.00,28.98
0010.jpg,ca sĩ Hoàng Thùy Linh,True,9.06,1.02,22.63,0.39,0.00,33.10
0012.jpg,ca sĩ Hoàng Thùy Linh,True,9.00,1.02,21.88,0.55,0.00,32.45
0013.jpg,ca sĩ Hoàng Thùy Linh,True,5.97,1.16,19.70,0.34,0.00,27.17
0014.jpg,ca sĩ Hoàng Thùy Linh,True,6.36,1.10,19.91,0.38,0.00,27.75
0015.jpg,ca sĩ Hoàng Thùy Linh,True,6.90,1.17,22.68,0.37,0.00,31.13
0017.jpg,ca sĩ Hoàng Thùy Linh,True,8.69,1.29,22.28,0.36,0.00,32.62
0018.jpg,ca sĩ Hoàng Thùy Linh,True,6.57,0.98,20.15,0.36,0.00,28.07
0022.jpg,ca sĩ Hoàng Thùy Linh,True,6.42,0.99,21.47,0.35,0.00,29.24
0024.jpg,ca sĩ Hoàng Thùy Linh,True,7.97,1.29,25.16,0.40,0.00,34.82
0025.jpg,ca sĩ Hoàng Thùy Linh,True,7.84,1.23,25.07,0.34,0.00,34.48
0026.jpg,ca sĩ Hoàng Thùy Linh,True,8.23,1.59,24.20,0.40,0.00,34.42
0029.jpg,ca sĩ Hoàng Thùy Linh,True,6.68,1.08,22.25,0.36,0.00,30.36
0031.jpg,ca sĩ Hoàng Thùy Linh,True,9.28,2.40,26.56,0.40,0.00,38.63
0032.jpg,ca sĩ Hoàng Thùy Linh,True,10.88,1.62,27.20,0.40,0.00,40.09
0035.jpg,ca sĩ Hoàng Thùy Linh,True,6.20,1.13,23.45,0.41,0.00,31.19
0036.jpg,ca sĩ Hoàng Thùy Linh,True,11.14,1.30,25.96,0.44,0.00,38.84
0037.jpg,ca sĩ Hoàng Thùy Linh,True,9.51,1.34,23.07,0.42,0.00,34.33
0038.jpg,ca sĩ Hoàng Thùy Linh,True,7.96,1.24,22.84,0.38,0.00,32.42
0039.jpg,ca sĩ Hoàng Thùy Linh,True,8.14,1.12,22.29,0.37,0.00,31.92
0041.jpg,ca sĩ Hoàng Thùy Linh,True,9.22,0.92,23.15,0.37,0.00,33.65
0042.jpg,ca sĩ Hoàng Thùy Linh,True,5.86,0.04,20.77,0.37,0.00,27.05
0043.jpg,ca sĩ Hoàng Thùy Linh,True,7.89,0.97,23.29,0.43,0.00,32.59
0045.jpg,ca sĩ Hoàng Thùy Linh,True,8.88,1.29,29.60,0.39,0.00,40.16
0046.jpg,ca sĩ Hoàng Thùy Linh,True,8.73,0.96,22.17,0.67,0.00,32.54
0047.jpg,ca sĩ Hoàng Thùy Linh,True,11.42,0.07,28.93,0.85,0.00,41.26
0048.jpg,ca sĩ Hoàng Thùy Linh,True,12.76,0.05,24.53,1.91,0.00,39.25
0001.jpg,ca sĩ Hoàng Yến Chibi,True,11.18,1.23,22.82,0.38,0.00,35.61
0003.jpg,ca sĩ Hoàng Yến Chibi,True,8.00,1.31,22.22,0.38,0.00,31.92
0005.jpg,ca sĩ Hoàng Yến Chibi,True,6.87,1.06,22.49,0.36,0.00,30.78
0006.jpg,ca sĩ Hoàng Yến Chibi,True,7.48,1.03,20.42,0.33,0.00,29.26
0009.jpg,ca sĩ Hoàng Yến Chibi,True,5.89,1.01,19.90,0.34,0.00,27.14
0010.jpg,ca sĩ Hoàng Yến Chibi,True,7.10,1.06,20.84,0.36,0.00,29.37
0011.jpg,ca sĩ Hoàng Yến Chibi,True,6.69,0.67,20.95,0.35,0.00,28.66
0012.jpg,ca sĩ Hoàng Yến Chibi,True,7.46,1.29,23.33,0.47,0.00,32.55
0013.jpg,ca sĩ Hoàng Yến Chibi,True,9.28,1.57,25.51,0.56,0.00,36.92
0014.jpg,ca sĩ Hoàng Yến Chibi,True,10.40,1.21,25.55,0.47,0.00,37.64
0016.jpg,ca sĩ Hoàng Yến Chibi,True,11.27,1.50,28.01,0.96,0.00,41.74
0019.jpg,ca sĩ Hoàng Yến Chibi,True,14.14,1.34,28.00,0.41,0.00,43.89
0020.jpg,ca sĩ Hoàng Yến Chibi,True,9.49,1.14,25.91,0.72,0.00,37.26
0021.jpg,ca sĩ Hoàng Yến Chibi,True,75.57,2.96,72.38,0.41,0.00,151.32
0022.jpg,ca sĩ Hoàng Yến Chibi,True,7.89,1.04,21.74,0.40,0.00,31.07
0023.jpg,ca sĩ Hoàng Yến Chibi,True,7.60,1.01,21.26,0.37,0.00,30.25
0025.jpg,ca sĩ Hoàng Yến Chibi,True,6.28,1.20,20.02,0.31,0.00,27.81
0026.jpg,ca sĩ Hoàng Yến Chibi,True,6.52,1.11,21.11,0.37,0.00,29.10
0028.jpg,ca sĩ Hoàng Yến Chibi,True,8.47,0.07,22.55,0.37,0.00,31.46
0029.jpg,ca sĩ Hoàng Yến Chibi,True,7.77,1.05,20.87,0.37,0.00,30.06
0030.jpg,ca sĩ Hoàng Yến Chibi,True,8.75,1.17,22.18,0.33,0.00,32.43
0031.jpg,ca sĩ Hoàng Yến Chibi,True,7.39,0.52,26.01,0.43,0.00,34.34
0033.jpg,ca sĩ Hoàng Yến Chibi,True,9.58,1.45,27.92,0.58,0.00,39.54
0035.jpg,ca sĩ Hoàng Yến Chibi,True,7.00,1.19,23.56,0.37,0.00,32.12
0036.jpg,ca sĩ Hoàng Yến Chibi,True,8.54,1.24,25.11,0.38,0.00,35.27
0041.jpg,ca sĩ Hoàng Yến Chibi,True,8.67,1.14,24.87,0.41,0.00,35.09
0043.jpg,ca sĩ Hoàng Yến Chibi,True,10.34,1.32,22.31,0.68,0.00,34.65
0044.jpg,ca sĩ Hoàng Yến Chibi,True,11.05,2.53,27.06,0.53,0.00,41.17
0045.jpg,ca sĩ Hoàng Yến Chibi,True,9.22,1.41,35.47,0.42,0.00,46.51
0046.jpg,ca sĩ Hoàng Yến Chibi,True,14.96,1.49,28.64,0.43,0.00,45.52
0002.jpg,ca sĩ Hòa Minzy,True,11.61,1.34,28.64,0.42,0.00,42.01
0003.jpg,ca sĩ Hòa Minzy,True,10.02,1.07,24.71,0.90,0.00,36.70
0005.jpg,ca sĩ Hòa Minzy,True,8.40,1.10,22.17,0.52,0.00,32.18
0006.jpg,ca sĩ Hòa Minzy,True,10.49,0.96,24.38,0.59,0.00,36.42
0007.jpg,ca sĩ Hòa Minzy,True,7.73,1.72,24.05,0.53,0.00,34.03
0008.jpg,ca sĩ Hòa Minzy,True,10.49,1.09,26.80,0.42,0.00,38.80
0011.jpg,ca sĩ Hòa Minzy,True,8.73,1.14,24.22,0.35,0.00,34.44
0017.jpg,ca sĩ Hòa Minzy,True,8.77,1.29,24.30,0.38,0.00,34.75
0021.jpg,ca sĩ Hòa Minzy,True,10.86,1.51,32.80,1.52,0.00,46.68
0024.jpg,ca sĩ Hòa Minzy,True,7.51,1.49,25.32,0.73,0.00,35.06
0028.jpg,ca sĩ Hòa Minzy,True,9.98,1.88,28.09,0.85,0.00,40.79
0030.jpg,ca sĩ Hòa Minzy,True,12.74,1.37,27.74,1.44,0.00,43.29
0032.jpg,ca sĩ Hòa Minzy,True,9.71,1.23,27.36,0.42,0.00,38.72
0033.jpg,ca sĩ Hòa Minzy,True,9.40,1.25,25.67,0.56,0.00,36.88
0034.jpg,ca sĩ Hòa Minzy,True,11.43,1.32,26.58,0.53,0.00,39.86
0035.jpg,ca sĩ Hòa Minzy,True,7.89,1.06,25.04,1.01,0.00,35.00
0038.jpg,ca sĩ Hòa Minzy,True,15.92,0.06,25.11,0.60,0.00,41.68
0039.jpg,ca sĩ Hòa Minzy,True,7.85,1.36,26.17,0.45,0.00,35.85
0040.jpg,ca sĩ Hòa Minzy,True,14.23,1.30,61.60,11.01,0.00,88.14
0001.jpg,ca sĩ Hồ Ngọc Hà,True,13.66,1.34,56.56,0.70,0.00,72.26
0002.jpg,ca sĩ Hồ Ngọc Hà,True,6.58,1.22,23.80,0.37,0.00,31.97
0003.jpg,ca sĩ Hồ Ngọc Hà,True,10.39,1.20,24.23,0.33,0.00,36.16
0004.jpg,ca sĩ Hồ Ngọc Hà,True,8.96,1.26,22.20,0.43,0.00,32.85
0007.jpg,ca sĩ Hồ Ngọc Hà,True,12.41,1.38,22.95,0.46,0.00,37.21
0009.jpg,ca sĩ Hồ Ngọc Hà,True,6.43,2.08,27.07,0.42,0.00,36.01
0010.jpg,ca sĩ Hồ Ngọc Hà,True,6.78,1.20,26.55,0.37,0.00,34.90
0011.jpg,ca sĩ Hồ Ngọc Hà,True,7.26,1.66,23.94,0.39,0.00,33.26
0012.jpg,ca sĩ Hồ Ngọc Hà,True,6.55,1.26,21.92,0.51,0.00,30.24
0013.jpg,ca sĩ Hồ Ngọc Hà,True,7.48,1.48,21.93,0.41,0.00,31.31
0014.jpg,ca sĩ Hồ Ngọc Hà,True,10.29,1.05,31.59,0.46,0.00,43.38
0015.jpg,ca sĩ Hồ Ngọc Hà,True,11.57,1.27,25.33,2.01,0.00,40.19
0017.jpg,ca sĩ Hồ Ngọc Hà,True,8.68,1.19,22.31,0.40,0.00,32.58
0018.jpg,ca sĩ Hồ Ngọc Hà,True,10.01,1.24,33.28,0.45,0.00,44.99
0021.jpg,ca sĩ Hồ Ngọc Hà,True,14.98,0.55,23.74,0.36,0.00,39.64
0022.jpg,ca sĩ Hồ Ngọc Hà,True,7.29,1.18,24.02,0.84,0.00,33.34
0023.jpg,ca sĩ Hồ Ngọc Hà,True,8.73,1.25,22.65,0.42,0.00,33.06
0024.jpg,ca sĩ Hồ Ngọc Hà,True,10.89,1.02,23.21,0.44,0.00,35.57
0026.jpg,ca sĩ Hồ Ngọc Hà,True,7.34,1.23,25.70,0.86,0.00,35.13
0027.jpg,ca sĩ Hồ Ngọc Hà,True,10.23,1.27,28.30,0.38,0.00,40.18
0028.jpg,ca sĩ Hồ Ngọc Hà,True,24.56,1.00,21.52,0.38,0.00,47.46
0029.jpg,ca sĩ Hồ Ngọc Hà,True,26.82,1.06,25.56,0.68,0.00,54.12
0030.jpg,ca sĩ Hồ Ngọc Hà,True,8.35,1.31,28.37,0.42,0.00,38.45
0031.jpg,ca sĩ Hồ Ngọc Hà,True,7.42,1.21,22.67,0.28,0.00,31.57
0032.jpg,ca sĩ Hồ Ngọc Hà,True,8.85,1.23,21.14,0.37,0.00,31.58
0034.jpg,ca sĩ Hồ Ngọc Hà,True,6.47,0.91,20.12,0.41,0.00,27.91
0035.jpg,ca sĩ Hồ Ngọc Hà,True,6.39,0.04,21.37,0.37,0.00,28.18
0036.jpg,ca sĩ Hồ Ngọc Hà,True,6.70,1.09,27.33,0.33,0.00,35.45
0037.jpg,ca sĩ Hồ Ngọc Hà,True,8.14,0.94,22.42,0.38,0.00,31.88
0038.jpg,ca sĩ Hồ Ngọc Hà,True,8.13,0.94,28.93,0.36,0.00,38.36
0001.jpg,ca sĩ Hồ Quang Hiếu,True,7.35,1.30,26.07,0.35,0.00,35.07
0002.jpg,ca sĩ Hồ Quang Hiếu,True,7.39,0.51,22.93,0.68,0.00,31.50
0003.jpg,ca sĩ Hồ Quang Hiếu,True,10.69,1.07,22.26,0.39,0.00,34.41
0005.jpg,ca sĩ Hồ Quang Hiếu,True,6.34,0.91,22.30,0.36,0.00,29.91
0006.jpg,ca sĩ Hồ Quang Hiếu,True,8.40,0.04,24.69,0.49,0.00,33.63
0007.jpg,ca sĩ Hồ Quang Hiếu,True,9.79,1.52,22.46,0.30,0.00,34.08
0015.jpg,ca sĩ Hồ Quang Hiếu,True,8.11,0.93,27.10,0.48,0.00,36.63
0016.jpg,ca sĩ Hồ Quang Hiếu,True,9.02,0.96,23.82,0.73,0.00,34.53
0017.jpg,ca sĩ Hồ Quang Hiếu,True,10.36,1.10,22.81,0.36,0.00,34.63
0018.jpg,ca sĩ Hồ Quang Hiếu,True,6.05,0.88,25.23,0.50,0.00,32.67
0021.jpg,ca sĩ Hồ Quang Hiếu,True,11.53,1.15,26.60,0.38,0.00,39.67
0022.jpg,ca sĩ Hồ Quang Hiếu,True,5.64,1.04,21.34,2.20,0.00,30.22
0023.jpg,ca sĩ Hồ Quang Hiếu,True,8.35,0.93,23.77,0.29,0.00,33.34
0024.jpg,ca sĩ Hồ Quang Hiếu,True,5.86,1.06,23.55,0.32,0.00,30.79
0026.jpg,ca sĩ Hồ Quang Hiếu,True,10.65,1.11,17.89,0.31,0.00,29.95
0027.jpg,ca sĩ Hồ Quang Hiếu,True,5.46,1.03,17.53,0.41,0.00,24.44
0029.jpg,ca sĩ Hồ Quang Hiếu,True,6.89,1.13,18.16,0.36,0.00,26.54
0030.jpg,ca sĩ Hồ Quang Hiếu,True,5.96,1.08,20.11,0.35,0.00,27.51
0032.jpg,ca sĩ Hồ Quang Hiếu,True,6.85,0.05,19.15,0.32,0.00,26.38
0035.jpg,ca sĩ Hồ Quang Hiếu,True,11.98,1.14,23.95,0.45,0.00,37.53
0037.jpg,ca sĩ Hồ Quang Hiếu,True,8.08,1.11,19.55,0.32,0.00,29.06
0038.jpg,ca sĩ Hồ Quang Hiếu,True,6.01,1.16,21.05,0.35,0.00,28.58
0039.jpg,ca sĩ Hồ Quang Hiếu,True,7.17,1.35,20.76,0.39,0.00,29.67
0041.jpg,ca sĩ Hồ Quang Hiếu,True,7.08,0.95,22.66,0.39,0.00,31.07
0042.jpg,ca sĩ Hồ Quang Hiếu,True,6.85,1.10,19.65,0.36,0.00,27.96
0046.jpg,ca sĩ Hồ Quang Hiếu,True,6.99,1.02,18.76,0.36,0.00,27.13
0001.jpg,ca sĩ Hồ Quỳnh Hương,True,7.35,1.24,17.78,0.33,0.00,26.70
0004.jpg,ca sĩ Hồ Quỳnh Hương,True,6.27,0.87,18.75,0.32,0.00,26.21
0005.jpg,ca sĩ Hồ Quỳnh Hương,True,5.86,0.83,18.40,0.33,0.00,25.42
0006.jpg,ca sĩ Hồ Quỳnh Hương,True,6.39,0.88,17.79,0.31,0.00,25.38
0007.jpg,ca sĩ Hồ Quỳnh Hương,True,5.75,0.95,17.88,0.31,0.00,24.89
0008.jpg,ca sĩ Hồ Quỳnh Hương,True,5.23,1.09,17.78,0.28,0.00,24.38
0012.jpg,ca sĩ Hồ Quỳnh Hương,True,5.77,1.04,16.25,0.28,0.00,23.35
0013.jpg,ca sĩ Hồ Quỳnh Hương,True,5.36,0.99,19.33,0.29,0.00,25.96
0014.jpg,ca sĩ Hồ Quỳnh Hương,True,5.91,0.87,18.85,0.31,0.00,25.95
0015.jpg,ca sĩ Hồ Quỳnh Hương,True,5.45,0.88,19.40,0.36,0.00,26.09
0016.jpg,ca sĩ Hồ Quỳnh Hương,True,6.52,0.96,21.12,0.29,0.00,28.89
0017.jpg,ca sĩ Hồ Quỳnh Hương,True,6.53,1.25,18.95,0.42,0.00,27.16
0020.jpg,ca sĩ Hồ Quỳnh Hương,True,8.00,1.17,21.42,0.34,0.00,30.92
0021.jpg,ca sĩ Hồ Quỳnh Hương,True,7.13,4.45,26.09,0.80,0.00,38.48
0022.jpg,ca sĩ Hồ Quỳnh Hương,True,11.91,1.11,23.45,0.52,0.00,36.99
0024.jpg,ca sĩ Hồ Quỳnh Hương,True,6.99,1.68,20.72,0.32,0.00,29.72
0026.jpg,ca sĩ Hồ Quỳnh Hương,True,5.98,1.16,23.71,0.31,0.00,31.16
0028.jpg,ca sĩ Hồ Quỳnh Hương,True,11.21,1.07,27.12,0.91,0.00,40.31
0029.jpg,ca sĩ Hồ Quỳnh Hương,True,8.64,0.95,21.26,0.73,0.00,31.58
0030.jpg,ca sĩ Hồ Quỳnh Hương,True,6.96,1.17,26.02,0.45,0.00,34.60
0031.jpg,ca sĩ Hồ Quỳnh Hương,True,7.81,0.89,19.30,0.33,0.00,28.33
0032.jpg,ca sĩ Hồ Quỳnh Hương,True,6.25,1.24,18.60,0.34,0.00,26.42
0033.jpg,ca sĩ Hồ Quỳnh Hương,True,6.69,1.65,20.28,0.30,0.00,28.92
0034.jpg,ca sĩ Hồ Quỳnh Hương,True,5.32,1.08,18.21,0.34,0.00,24.94
0035.jpg,ca sĩ Hồ Quỳnh Hương,True,5.42,1.04,19.43,0.32,0.00,26.21
0036.jpg,ca sĩ Hồ Quỳnh Hương,True,5.25,0.97,20.03,0.33,0.00,26.59
0037.jpg,ca sĩ Hồ Quỳnh Hương,True,15.61,1.19,19.89,0.33,0.00,37.03
0039.jpg,ca sĩ Hồ Quỳnh Hương,True,5.38,1.03,18.56,0.31,0.00,25.28
0042.jpg,ca sĩ Hồ Quỳnh Hương,True,8.36,0.90,21.23,0.49,0.00,30.98
0044.jpg,ca sĩ Hồ Quỳnh Hương,True,8.31,0.95,19.89,0.35,0.00,29.51
0045.jpg,ca sĩ Hồ Quỳnh Hương,True,7.85,0.86,19.12,0.32,0.00,28.14
0046.jpg,ca sĩ Hồ Quỳnh Hương,True,8.04,1.08,19.82,0.31,0.00,29.27
0002.jpg,ca sĩ Hồ Văn Cường,True,25.72,1.48,30.18,2.05,0.00,59.43
0005.jpg,ca sĩ Hồ Văn Cường,True,8.30,1.37,19.50,0.37,0.00,29.55
0006.jpg,ca sĩ Hồ Văn Cường,True,7.01,1.18,19.37,0.34,0.00,27.91
0007.jpg,ca sĩ Hồ Văn Cường,True,8.15,1.10,20.44,0.35,0.00,30.04
0009.jpg,ca sĩ Hồ Văn Cường,True,8.47,0.95,19.31,0.43,0.00,29.17
0011.jpg,ca sĩ Hồ Văn Cường,True,7.63,0.91,20.50,0.37,0.00,29.42
0012.jpg,ca sĩ Hồ Văn Cường,True,7.71,1.17,20.48,0.37,0.00,29.73
0014.jpg,ca sĩ Hồ Văn Cường,True,5.94,0.93,19.41,0.41,0.00,26.70
0016.jpg,ca sĩ Hồ Văn Cường,True,7.07,1.04,20.39,0.33,0.00,28.83
0017.jpg,ca sĩ Hồ Văn Cường,True,5.54,1.14,18.33,0.31,0.00,25.32
0022.jpg,ca sĩ Hồ Văn Cường,True,7.77,0.95,18.76,0.38,0.00,27.86
0023.jpg,ca sĩ Hồ Văn Cường,True,8.41,0.90,19.89,0.39,0.00,29.59
0026.jpg,ca sĩ Hồ Văn Cường,True,6.63,1.40,19.12,0.34,0.00,27.50
0027.jpg,ca sĩ Hồ Văn Cường,True,5.51,0.04,18.15,0.49,0.00,24.19
0028.jpg,ca sĩ Hồ Văn Cường,True,5.73,1.05,18.69,0.34,0.00,25.82
0032.jpg,ca sĩ Hồ Văn Cường,True,6.39,1.12,17.37,0.31,0.00,25.19
0001.jpg,ca sĩ Jang Mi,True,6.59,1.11,19.79,0.35,0.00,27.84
0003.jpg,ca sĩ Jang Mi,True,5.55,0.45,20.46,0.33,0.00,26.78
0004.jpg,ca sĩ Jang Mi,True,6.01,1.04,20.10,0.35,0.00,27.50
0007.jpg,ca sĩ Jang Mi,False,7.45,0.00,0.00,0.00,0.00,7.45
0008.jpg,ca sĩ Jang Mi,True,8.08,0.96,20.51,4.23,0.00,33.78
0009.jpg,ca sĩ Jang Mi,True,7.29,0.43,21.63,0.35,0.00,29.68
0010.jpg,ca sĩ Jang Mi,True,6.21,0.64,22.05,0.37,0.00,29.27
0011.jpg,ca sĩ Jang Mi,True,6.04,0.99,22.87,0.57,0.00,30.46
0012.jpg,ca sĩ Jang Mi,True,5.59,1.04,22.89,0.39,0.00,29.91
0013.jpg,ca sĩ Jang Mi,True,6.50,1.11,19.59,0.35,0.00,27.56
0014.jpg,ca sĩ Jang Mi,True,5.87,0.48,25.27,3.09,0.00,34.71
0015.jpg,ca sĩ Jang Mi,True,10.64,0.43,21.68,0.36,0.00,33.12
0016.jpg,ca sĩ Jang Mi,True,9.05,0.93,21.82,1.29,0.00,33.10
0017.jpg,ca sĩ Jang Mi,True,8.32,1.30,22.66,0.38,0.00,32.66
0020.jpg,ca sĩ Jang Mi,True,7.73,1.16,20.51,0.31,0.00,29.71
0021.jpg,ca sĩ Jang Mi,True,7.70,1.12,22.78,0.32,0.00,31.92
0022.jpg,ca sĩ Jang Mi,True,15.17,1.30,22.67,0.29,0.00,39.43
0023.jpg,ca sĩ Jang Mi,True,7.70,1.23,29.89,0.36,0.00,39.18
0024.jpg,ca sĩ Jang Mi,True,15.23,1.22,24.38,0.34,0.00,41.16
0025.jpg,ca sĩ Jang Mi,True,7.11,1.18,21.81,7.25,0.00,37.35
0026.jpg,ca sĩ Jang Mi,True,8.24,2.76,22.05,0.48,0.00,33.53
0027.jpg,ca sĩ Jang Mi,True,7.21,1.36,25.46,0.71,0.00,34.74
0028.jpg,ca sĩ Jang Mi,True,32.53,1.20,63.50,1.74,0.00,98.96
0029.jpg,ca sĩ Jang Mi,True,18.57,1.16,48.61,2.00,0.00,70.34
0030.jpg,ca sĩ Jang Mi,True,15.21,3.41,23.56,0.58,0.00,42.77
0031.jpg,ca sĩ Jang Mi,True,7.46,0.04,31.51,0.36,0.00,39.37
0032.jpg,ca sĩ Jang Mi,True,13.52,1.14,49.16,71.99,0.00,135.82
0033.jpg,ca sĩ Jang Mi,True,12.82,0.96,53.98,0.36,0.00,68.12
0034.jpg,ca sĩ Jang Mi,True,7.52,1.02,20.83,0.33,0.00,29.70
0035.jpg,ca sĩ Jang Mi,True,7.13,1.15,26.22,0.35,0.00,34.85
0037.jpg,ca sĩ Jang Mi,True,6.60,0.84,24.23,0.39,0.00,32.06
0040.jpg,ca sĩ Jang Mi,True,8.78,1.07,22.79,0.40,0.00,33.04
0041.jpg,ca sĩ Jang Mi,True,6.60,1.18,20.02,0.34,0.00,28.15
0043.jpg,ca sĩ Jang Mi,True,6.15,0.91,17.38,0.45,0.00,24.90
0005.jpg,ca sĩ Justatee,True,6.07,1.93,22.91,0.33,0.00,31.24
0006.jpg,ca sĩ Justatee,True,6.09,1.41,19.25,0.31,0.00,27.07
0007.jpg,ca sĩ Justatee,True,5.67,0.98,20.03,0.29,0.00,26.97
0009.jpg,ca sĩ Justatee,True,5.24,0.92,19.04,0.38,0.00,25.58
0010.jpg,ca sĩ Justatee,True,5.83,1.32,19.70,0.33,0.00,27.19
0013.jpg,ca sĩ Justatee,True,8.14,0.90,22.71,0.48,0.00,32.23
0014.jpg,ca sĩ Justatee,True,8.55,2.60,27.97,0.37,0.00,39.49
0015.jpg,ca sĩ Justatee,True,7.23,1.13,20.79,0.38,0.00,29.52
0018.jpg,ca sĩ Justatee,True,5.23,0.90,19.80,0.31,0.00,26.24
0022.jpg,ca sĩ Justatee,True,6.60,1.32,19.36,0.42,0.00,27.70
0023.jpg,ca sĩ Justatee,True,5.58,1.29,19.24,0.32,0.00,26.42
0025.jpg,ca sĩ Justatee,True,6.10,0.04,19.11,0.39,0.00,25.65
0027.jpg,ca sĩ Justatee,True,5.62,1.36,21.28,0.36,0.00,28.61
0028.jpg,ca sĩ Justatee,True,5.54,0.99,18.02,0.34,0.00,24.89
0030.jpg,ca sĩ Justatee,True,6.08,1.15,18.91,0.34,0.00,26.48
0031.jpg,ca sĩ Justatee,True,5.50,0.97,18.11,0.29,0.00,24.87
0032.jpg,ca sĩ Justatee,True,7.87,1.13,18.67,0.39,0.00,28.05
0034.jpg,ca sĩ Justatee,True,7.52,1.12,18.44,0.37,0.00,27.45
0035.jpg,ca sĩ Justatee,True,7.25,1.07,20.39,0.34,0.00,29.05
0005.jpg,ca sĩ K Icm,True,20.89,1.37,21.66,0.33,0.00,44.26
0006.jpg,ca sĩ K Icm,True,9.00,1.15,18.82,0.37,0.00,29.34
0007.jpg,ca sĩ K Icm,True,7.39,1.04,21.58,0.42,0.00,30.43
0009.jpg,ca sĩ K Icm,True,7.03,0.95,19.11,0.38,0.00,27.47
0010.jpg,ca sĩ K Icm,True,7.92,0.54,19.34,0.43,0.00,28.23
0011.jpg,ca sĩ K Icm,True,7.65,1.14,19.25,0.32,0.00,28.37
0012.jpg,ca sĩ K Icm,True,6.36,1.08,18.57,0.40,0.00,26.42
0013.jpg,ca sĩ K Icm,True,11.43,1.40,37.72,0.32,0.00,50.87
0014.jpg,ca sĩ K Icm,True,8.30,1.07,20.22,0.37,0.00,29.97
0015.jpg,ca sĩ K Icm,True,7.91,1.00,21.60,0.36,0.00,30.88
0016.jpg,ca sĩ K Icm,True,8.34,1.81,21.62,0.52,0.00,32.29
0017.jpg,ca sĩ K Icm,True,7.00,1.21,23.71,0.37,0.00,32.30
0019.jpg,ca sĩ K Icm,True,7.81,1.03,21.95,0.43,0.00,31.21
0023.jpg,ca sĩ K Icm,True,10.50,1.24,22.19,0.37,0.00,34.30
0024.jpg,ca sĩ K Icm,True,7.64,1.02,22.57,0.35,0.00,31.58
0028.jpg,ca sĩ K Icm,True,8.00,1.02,23.14,0.37,0.00,32.52
0029.jpg,ca sĩ K Icm,True,7.53,1.03,21.23,0.36,0.00,30.15
0030.jpg,ca sĩ K Icm,True,8.70,1.15,21.29,0.37,0.00,31.51
0031.jpg,ca sĩ K Icm,True,6.61,1.28,21.36,0.41,0.00,29.66
0032.jpg,ca sĩ K Icm,True,7.45,1.10,23.72,0.41,0.00,32.68
0033.jpg,ca sĩ K Icm,True,7.95,1.29,25.73,0.48,0.00,35.45
0034.jpg,ca sĩ K Icm,True,9.15,1.49,25.95,0.42,0.00,37.01
0036.jpg,ca sĩ K Icm,True,8.38,1.09,24.18,0.40,0.00,34.05
0037.jpg,ca sĩ K Icm,True,8.47,0.47,34.85,1.04,0.00,44.84
0038.jpg,ca sĩ K Icm,True,6.68,1.30,24.70,0.38,0.00,33.06
0040.jpg,ca sĩ K Icm,True,9.38,0.06,28.07,0.43,0.00,37.94
0041.jpg,ca sĩ K Icm,True,13.63,1.45,28.45,0.57,0.00,44.10
0002.jpg,ca sĩ Karik,True,8.16,1.07,23.40,0.40,0.00,33.03
0003.jpg,ca sĩ Karik,True,14.40,1.42,33.48,0.46,0.00,49.77
0004.jpg,ca sĩ Karik,True,9.78,1.32,52.37,0.46,0.00,63.93
0005.jpg,ca sĩ Karik,True,10.42,1.32,32.36,0.48,0.00,44.57
0006.jpg,ca sĩ Karik,True,9.08,1.19,30.10,0.43,0.00,40.79
0008.jpg,ca sĩ Karik,True,33.38,1.51,29.94,0.43,0.00,65.27
0009.jpg,ca sĩ Karik,True,9.00,1.45,31.26,0.42,0.00,42.14
0013.jpg,ca sĩ Karik,True,9.05,1.26,26.15,0.47,0.00,36.92
0014.jpg,ca sĩ Karik,True,8.74,1.84,26.81,0.44,0.00,37.84
0021.jpg,ca sĩ Karik,True,11.79,1.94,29.03,0.43,0.00,43.18
0023.jpg,ca sĩ Karik,True,9.01,1.36,31.55,0.89,0.00,42.81
0026.jpg,ca sĩ Karik,True,9.76,1.44,28.95,0.45,0.00,40.60
0027.jpg,ca sĩ Karik,True,12.40,1.15,25.41,0.44,0.00,39.40
0030.jpg,ca sĩ Karik,True,9.35,1.40,45.06,3.87,0.00,59.69
0033.jpg,ca sĩ Karik,True,24.03,1.47,44.60,2.29,0.00,72.39
0034.jpg,ca sĩ Karik,True,11.76,1.81,40.23,3.13,0.00,56.92
0035.jpg,ca sĩ Karik,True,11.26,0.53,27.77,0.41,0.00,39.97
0040.jpg,ca sĩ Karik,True,66.05,1.54,45.52,0.72,0.00,113.82
0001.jpg,ca sĩ Kelvin Khánh,True,15.16,1.51,33.57,0.67,0.00,50.92
0002.jpg,ca sĩ Kelvin Khánh,True,11.76,1.73,27.41,0.48,0.00,41.37
0006.jpg,ca sĩ Kelvin Khánh,True,9.71,1.34,25.44,0.48,0.00,36.97
0010.jpg,ca sĩ Kelvin Khánh,True,12.78,1.26,29.38,0.46,0.00,43.89
0011.jpg,ca sĩ Kelvin Khánh,True,12.06,1.50,29.35,0.52,0.00,43.44
0015.jpg,ca sĩ Kelvin Khánh,True,9.89,1.21,29.90,0.57,0.00,41.57
0016.jpg,ca sĩ Kelvin Khánh,True,9.37,0.05,32.51,3.39,0.00,45.33
0018.jpg,ca sĩ Kelvin Khánh,True,13.92,1.08,30.48,2.62,0.00,48.10
0020.jpg,ca sĩ Kelvin Khánh,True,13.36,1.49,31.44,0.78,0.00,47.08
0021.jpg,ca sĩ Kelvin Khánh,True,12.46,1.45,28.11,4.81,0.00,46.83
0022.jpg,ca sĩ Kelvin Khánh,True,12.03,1.55,32.90,0.56,0.00,47.04
0024.jpg,ca sĩ Kelvin Khánh,True,12.97,1.44,40.76,5.89,0.00,61.06
0025.jpg,ca sĩ Kelvin Khánh,True,9.17,1.41,29.85,1.08,0.00,41.51
0026.jpg,ca sĩ Kelvin Khánh,True,13.06,1.43,30.77,2.21,0.00,47.47
0028.jpg,ca sĩ Kelvin Khánh,True,19.55,3.14,36.72,0.55,0.00,59.96
0029.jpg,ca sĩ Kelvin Khánh,True,9.80,1.05,25.80,0.46,0.00,37.10
0030.jpg,ca sĩ Kelvin Khánh,True,11.05,1.74,25.40,0.41,0.00,38.61
0031.jpg,ca sĩ Kelvin Khánh,True,8.58,1.48,26.76,0.48,0.00,37.31
0034.jpg,ca sĩ Kelvin Khánh,True,9.07,1.45,26.69,0.35,0.00,37.56
0035.jpg,ca sĩ Kelvin Khánh,True,9.69,1.31,26.92,0.38,0.00,38.30
0036.jpg,ca sĩ Kelvin Khánh,True,9.93,1.61,46.71,0.39,0.00,58.64
0037.jpg,ca sĩ Kelvin Khánh,True,12.71,2.53,39.88,0.46,0.00,55.59
0038.jpg,ca sĩ Kelvin Khánh,True,37.01,1.25,28.05,0.42,0.00,66.73
0001.jpg,ca sĩ Khánh Phương,True,7.28,1.14,42.53,0.41,0.00,51.35
0005.jpg,ca sĩ Khánh Phương,True,14.68,1.48,24.99,0.40,0.00,41.55
0006.jpg,ca sĩ Khánh Phương,True,10.75,1.26,25.80,0.40,0.00,38.20
0008.jpg,ca sĩ Khánh Phương,True,11.16,1.27,24.79,0.38,0.00,37.60
0009.jpg,ca sĩ Khánh Phương,True,10.90,1.26,25.56,0.39,0.00,38.11
0010.jpg,ca sĩ Khánh Phương,True,8.45,1.05,23.99,0.39,0.00,33.88
0011.jpg,ca sĩ Khánh Phương,True,8.79,1.25,24.54,0.41,0.00,34.99
0012.jpg,ca sĩ Khánh Phương,True,8.06,1.16,24.47,0.43,0.00,34.13
0013.jpg,ca sĩ Khánh Phương,True,13.65,1.37,26.18,0.42,0.00,41.61
0014.jpg,ca sĩ Khánh Phương,True,11.77,1.17,24.62,0.38,0.00,37.95
0015.jpg,ca sĩ Khánh Phương,True,10.69,1.52,45.92,5.99,0.00,64.12
0016.jpg,ca sĩ Khánh Phương,True,10.65,2.77,39.80,2.73,0.00,55.96
0017.jpg,ca sĩ Khánh Phương,True,11.39,1.39,31.17,0.57,0.00,44.52
0018.jpg,ca sĩ Khánh Phương,True,9.57,1.13,29.52,0.34,0.00,40.55
0020.jpg,ca sĩ Khánh Phương,True,16.18,1.56,27.10,0.41,0.00,45.24
0021.jpg,ca sĩ Khánh Phương,True,10.73,1.61,25.52,2.95,0.00,40.80
0022.jpg,ca sĩ Khánh Phương,True,9.64,1.18,28.47,0.97,0.00,40.26
0023.jpg,ca sĩ Khánh Phương,True,10.41,1.62,30.08,0.42,0.00,42.53
0024.jpg,ca sĩ Khánh Phương,True,7.97,1.47,26.16,1.36,0.00,36.97
0025.jpg,ca sĩ Khánh Phương,True,7.29,1.23,28.50,0.46,0.00,37.48
0026.jpg,ca sĩ Khánh Phương,True,15.64,1.15,25.93,0.58,0.00,43.31
0027.jpg,ca sĩ Khánh Phương,True,6.88,1.14,29.74,0.98,0.00,38.73
0028.jpg,ca sĩ Khánh Phương,True,8.49,1.12,31.64,0.41,0.00,41.67
0029.jpg,ca sĩ Khánh Phương,True,7.72,1.08,31.08,1.53,0.00,41.42
0031.jpg,ca sĩ Khánh Phương,True,11.92,1.28,30.66,0.35,0.00,44.22
0033.jpg,ca sĩ Khánh Phương,True,9.50,1.61,25.25,0.97,0.00,37.33
0034.jpg,ca sĩ Khánh Phương,True,10.76,1.01,23.03,0.38,0.00,35.17
0036.jpg,ca sĩ Khánh Phương,True,7.84,1.30,24.07,0.42,0.00,33.63
0037.jpg,ca sĩ Khánh Phương,True,7.72,1.17,26.88,0.71,0.00,36.49
0038.jpg,ca sĩ Khánh Phương,True,10.69,1.31,25.58,0.80,0.00,38.38
0040.jpg,ca sĩ Khánh Phương,True,10.43,1.22,24.36,0.64,0.00,36.65
0041.jpg,ca sĩ Khánh Phương,True,9.41,1.24,48.77,0.35,0.00,59.77
0042.jpg,ca sĩ Khánh Phương,True,8.07,1.14,27.30,0.43,0.00,36.95
0001.jpg,ca sĩ Khổng Tú Quỳnh,True,12.62,1.25,24.26,0.40,0.00,38.52
0002.jpg,ca sĩ Khổng Tú Quỳnh,True,13.12,1.22,25.39,1.52,0.00,41.25
0003.jpg,ca sĩ Khổng Tú Quỳnh,True,13.17,1.31,24.63,0.41,0.00,39.52
0004.jpg,ca sĩ Khổng Tú Quỳnh,True,16.53,1.55,58.51,0.52,0.00,77.11
0005.jpg,ca sĩ Khổng Tú Quỳnh,True,9.80,1.70,27.46,0.40,0.00,39.37
0006.jpg,ca sĩ Khổng Tú Quỳnh,True,23.40,1.19,28.46,0.39,0.00,53.45
0007.jpg,ca sĩ Khổng Tú Quỳnh,True,8.92,1.01,36.42,10.63,0.00,56.98
0008.jpg,ca sĩ Khổng Tú Quỳnh,True,12.49,1.47,37.07,22.83,0.00,73.86
0009.jpg,ca sĩ Khổng Tú Quỳnh,True,12.26,1.40,38.38,0.55,0.00,52.59
0011.jpg,ca sĩ Khổng Tú Quỳnh,True,8.94,1.26,28.29,2.27,0.00,40.76
0012.jpg,ca sĩ Khổng Tú Quỳnh,True,11.19,1.91,37.71,0.47,0.00,51.28
0016.jpg,ca sĩ Khổng Tú Quỳnh,True,17.19,1.08,25.56,0.36,0.00,44.20
0017.jpg,ca sĩ Khổng Tú Quỳnh,True,14.37,1.27,31.13,0.86,0.00,47.63
0018.jpg,ca sĩ Khổng Tú Quỳnh,True,7.97,1.43,26.19,0.57,0.00,36.16
0019.jpg,ca sĩ Khổng Tú Quỳnh,True,9.81,2.57,111.26,111.67,0.00,235.31
0020.jpg,ca sĩ Khổng Tú Quỳnh,True,21.97,1.33,32.16,0.41,0.00,55.86
0021.jpg,ca sĩ Khổng Tú Quỳnh,True,9.55,0.99,23.27,0.38,0.00,34.20
0022.jpg,ca sĩ Khổng Tú Quỳnh,True,9.41,1.22,23.97,0.40,0.00,35.00
0023.jpg,ca sĩ Khổng Tú Quỳnh,True,8.98,1.57,28.57,0.38,0.00,39.51
0024.jpg,ca sĩ Khổng Tú Quỳnh,True,7.73,1.21,24.20,0.40,0.00,33.54
0025.jpg,ca sĩ Khổng Tú Quỳnh,True,8.52,1.36,24.37,0.34,0.00,34.59
0026.jpg,ca sĩ Khổng Tú Quỳnh,True,6.62,1.22,22.01,0.61,0.00,30.47
0028.jpg,ca sĩ Khổng Tú Quỳnh,True,11.47,1.01,23.83,0.64,0.00,36.96
0030.jpg,ca sĩ Khổng Tú Quỳnh,True,9.73,1.10,23.13,0.40,0.00,34.35
0032.jpg,ca sĩ Khổng Tú Quỳnh,True,9.78,1.03,25.59,0.39,0.00,36.80
0033.jpg,ca sĩ Khổng Tú Quỳnh,True,7.71,0.06,25.26,0.64,0.00,33.66
0034.jpg,ca sĩ Khổng Tú Quỳnh,True,10.48,1.31,23.51,0.39,0.00,35.69
0035.jpg,ca sĩ Khổng Tú Quỳnh,True,7.75,1.56,24.45,0.39,0.00,34.15
0036.jpg,ca sĩ Khổng Tú Quỳnh,True,9.12,1.24,26.10,0.40,0.00,36.87
0039.jpg,ca sĩ Khổng Tú Quỳnh,True,8.31,1.14,23.37,0.55,0.00,33.37
0040.jpg,ca sĩ Khổng Tú Quỳnh,True,9.69,2.88,27.80,1.06,0.00,41.43
0043.jpg,ca sĩ Khổng Tú Quỳnh,True,8.30,1.33,24.97,0.38,0.00,34.97
0001.jpg,ca sĩ Khởi My,True,13.54,1.28,22.70,0.43,0.00,37.96
0003.jpg,ca sĩ Khởi My,True,8.51,1.20,26.12,0.39,0.00,36.23
0004.jpg,ca sĩ Khởi My,True,8.27,1.32,33.63,0.38,0.00,43.61
0007.jpg,ca sĩ Khởi My,True,9.01,0.66,26.95,0.41,0.00,37.04
0008.jpg,ca sĩ Khởi My,True,7.89,1.40,25.54,0.33,0.00,35.16
0009.jpg,ca sĩ Khởi My,True,23.32,1.13,23.17,0.45,0.00,48.07
0010.jpg,ca sĩ Khởi My,True,7.55,1.41,25.11,0.40,0.00,34.47
0011.jpg,ca sĩ Khởi My,True,7.34,1.34,25.30,0.40,0.00,34.37
0012.jpg,ca sĩ Khởi My,True,6.86,0.53,24.57,0.42,0.00,32.38
0013.jpg,ca sĩ Khởi My,True,7.11,1.35,24.50,0.35,0.00,33.32
0014.jpg,ca sĩ Khởi My,True,6.78,1.81,24.13,0.39,0.00,33.11
0015.jpg,ca sĩ Khởi My,True,7.29,0.59,24.49,0.47,0.00,32.84
0017.jpg,ca sĩ Khởi My,True,8.28,1.28,23.13,0.39,0.00,33.08
0018.jpg,ca sĩ Khởi My,True,11.35,1.11,28.52,0.45,0.00,41.43
0019.jpg,ca sĩ Khởi My,True,9.47,0.72,23.24,0.39,0.00,33.82
0020.jpg,ca sĩ Khởi My,True,8.35,1.16,24.68,1.77,0.00,35.96
0021.jpg,ca sĩ Khởi My,True,6.92,1.32,24.04,0.39,0.00,32.66
0025.jpg,ca sĩ Khởi My,True,8.06,1.12,24.93,0.39,0.00,34.50
0026.jpg,ca sĩ Khởi My,True,6.42,1.12,25.12,0.36,0.00,33.02
0027.jpg,ca sĩ Khởi My,True,7.41,1.61,27.20,0.71,0.00,36.93
0028.jpg,ca sĩ Khởi My,True,7.52,1.36,24.31,0.42,0.00,33.62
0029.jpg,ca sĩ Khởi My,True,7.94,1.21,24.44,0.39,0.00,33.98
0030.jpg,ca sĩ Khởi My,True,8.03,1.20,24.90,0.37,0.00,34.50
0031.jpg,ca sĩ Khởi My,True,8.95,0.59,27.39,1.35,0.00,38.29
0032.jpg,ca sĩ Khởi My,True,9.48,1.32,24.61,0.51,0.00,35.91
0033.jpg,ca sĩ Khởi My,True,12.93,5.79,26.67,0.61,0.00,46.00
0034.jpg,ca sĩ Khởi My,True,7.63,1.31,26.97,0.45,0.00,36.36
0035.jpg,ca sĩ Khởi My,True,8.51,1.64,28.19,0.41,0.00,38.75
0037.jpg,ca sĩ Khởi My,True,9.17,1.56,33.42,0.41,0.00,44.56
0038.jpg,ca sĩ Khởi My,True,11.01,1.33,26.33,0.43,0.00,39.11
0039.jpg,ca sĩ Khởi My,True,11.54,1.31,28.96,0.38,0.00,42.20
0040.jpg,ca sĩ Khởi My,True,11.51,1.71,33.51,0.45,0.00,47.18
0041.jpg,ca sĩ Khởi My,True,8.67,2.25,30.36,5.71,0.00,46.99
0001.jpg,ca sĩ Kyo York,True,9.96,1.64,29.60,0.40,0.00,41.59
0004.jpg,ca sĩ Kyo York,True,9.40,1.28,24.94,0.41,0.00,36.04
0005.jpg,ca sĩ Kyo York,True,9.81,1.51,27.73,0.38,0.00,39.43
0008.jpg,ca sĩ Kyo York,True,7.58,0.72,30.76,0.43,0.00,39.48
0010.jpg,ca sĩ Kyo York,True,7.35,1.43,28.65,0.76,0.00,38.19
0012.jpg,ca sĩ Kyo York,True,8.21,1.18,27.57,0.43,0.00,37.40
0013.jpg,ca sĩ Kyo York,True,14.43,1.11,33.23,0.40,0.00,49.18
0014.jpg,ca sĩ Kyo York,True,10.89,1.07,32.02,0.39,0.00,44.38
0015.jpg,ca sĩ Kyo York,True,9.95,1.66,26.57,0.69,0.00,38.86
0017.jpg,ca sĩ Kyo York,True,8.41,1.44,25.20,0.42,0.00,35.48
0019.jpg,ca sĩ Kyo York,True,15.20,1.66,24.91,0.42,0.00,42.20
0020.jpg,ca sĩ Kyo York,True,7.51,1.39,27.54,0.44,0.00,36.88
0021.jpg,ca sĩ Kyo York,True,11.59,1.30,24.96,0.44,0.00,38.29
0022.jpg,ca sĩ Kyo York,True,8.93,1.58,25.41,0.46,0.00,36.38
0024.jpg,ca sĩ Kyo York,True,11.04,1.30,22.34,0.51,0.00,35.19
0025.jpg,ca sĩ Kyo York,True,7.82,1.34,25.68,0.33,0.00,35.17
0027.jpg,ca sĩ Kyo York,True,10.28,3.10,23.59,0.48,0.00,37.45
0028.jpg,ca sĩ Kyo York,True,26.55,1.79,26.18,0.55,0.00,55.07
0029.jpg,ca sĩ Kyo York,True,10.78,0.06,24.71,0.40,0.00,35.95
0030.jpg,ca sĩ Kyo York,True,8.08,1.38,26.20,0.68,0.00,36.34
0031.jpg,ca sĩ Kyo York,True,8.14,1.74,24.72,0.40,0.00,35.00
0033.jpg,ca sĩ Kyo York,True,9.86,1.35,25.48,0.55,0.00,37.24
0034.jpg,ca sĩ Kyo York,True,10.76,1.87,28.98,0.47,0.00,42.08
0035.jpg,ca sĩ Kyo York,True,12.80,1.69,31.14,0.40,0.00,46.03
0036.jpg,ca sĩ Kyo York,True,13.11,1.68,51.98,0.46,0.00,67.24
0037.jpg,ca sĩ Kyo York,True,10.53,1.56,27.47,0.42,0.00,39.98
0039.jpg,ca sĩ Kyo York,True,11.20,1.45,34.65,0.54,0.00,47.84
0042.jpg,ca sĩ Kyo York,True,8.47,1.45,26.72,0.44,0.00,37.08
0001.jpg,ca sĩ Lam Trường,True,9.78,1.38,29.02,0.39,0.00,40.57
0003.jpg,ca sĩ Lam Trường,True,8.80,1.14,27.31,0.42,0.00,37.67
0004.jpg,ca sĩ Lam Trường,True,12.37,1.33,39.74,0.55,0.00,53.99
0006.jpg,ca sĩ Lam Trường,True,9.49,1.23,25.32,0.40,0.00,36.43
0007.jpg,ca sĩ Lam Trường,True,10.73,1.61,29.79,0.61,0.00,42.73
0008.jpg,ca sĩ Lam Trường,True,10.65,1.41,24.55,0.40,0.00,37.02
0009.jpg,ca sĩ Lam Trường,True,8.14,1.32,24.57,0.41,0.00,34.44
0011.jpg,ca sĩ Lam Trường,True,8.50,1.67,25.92,0.40,0.00,36.50
0012.jpg,ca sĩ Lam Trường,True,8.17,1.23,31.83,0.45,0.00,41.68
0014.jpg,ca sĩ Lam Trường,True,8.93,1.42,33.07,0.34,0.00,43.76
0016.jpg,ca sĩ Lam Trường,True,11.38,4.14,27.19,0.63,0.01,43.36
0017.jpg,ca sĩ Lam Trường,True,7.85,1.07,24.04,0.41,0.00,33.37
0018.jpg,ca sĩ Lam Trường,True,11.68,0.55,28.88,0.42,0.00,41.54
0019.jpg,ca sĩ Lam Trường,True,8.04,1.28,20.78,0.37,0.00,30.47
0021.jpg,ca sĩ Lam Trường,True,8.29,1.22,25.33,0.38,0.00,35.24
0023.jpg,ca sĩ Lam Trường,True,7.30,1.52,27.54,0.36,0.00,36.73
0025.jpg,ca sĩ Lam Trường,True,7.40,1.04,25.34,0.44,0.00,34.22
0026.jpg,ca sĩ Lam Trường,True,10.04,1.09,24.98,1.01,0.00,37.12
0027.jpg,ca sĩ Lam Trường,True,12.78,1.71,28.43,0.38,0.00,43.31
0030.jpg,ca sĩ Lam Trường,True,8.42,1.21,24.76,0.39,0.00,34.78
0031.jpg,ca sĩ Lam Trường,True,8.27,1.15,22.87,0.37,0.00,32.67
0033.jpg,ca sĩ Lam Trường,True,10.62,1.10,22.96,0.39,0.00,35.08
0034.jpg,ca sĩ Lam Trường,True,9.03,1.12,25.89,0.49,0.00,36.52
0035.jpg,ca sĩ Lam Trường,True,9.52,0.08,26.64,0.41,0.00,36.64
0036.jpg,ca sĩ Lam Trường,True,8.52,1.38,29.45,0.35,0.00,39.70
0037.jpg,ca sĩ Lam Trường,True,7.64,1.39,28.48,0.60,0.00,38.10
0038.jpg,ca sĩ Lam Trường,True,8.13,1.16,27.33,0.43,0.00,37.05
0039.jpg,ca sĩ Lam Trường,True,8.68,1.08,26.86,2.32,0.00,38.94
0041.jpg,ca sĩ Lam Trường,True,7.23,1.16,25.76,0.53,0.00,34.67
0042.jpg,ca sĩ Lam Trường,True,8.29,1.18,24.32,0.43,0.00,34.21
0045.jpg,ca sĩ Lam Trường,True,7.54,1.35,26.88,0.35,0.00,36.11
0002.jpg,ca sĩ Lâm Chấn Huy,True,7.03,1.26,22.27,0.41,0.00,30.96
0003.jpg,ca sĩ Lâm Chấn Huy,True,8.74,1.06,25.26,0.45,0.00,35.51
0005.jpg,ca sĩ Lâm Chấn Huy,True,7.97,1.73,24.67,0.43,0.00,34.80
0006.jpg,ca sĩ Lâm Chấn Huy,True,8.32,0.06,22.35,0.46,0.00,31.19
0007.jpg,ca sĩ Lâm Chấn Huy,True,8.91,1.03,24.52,0.35,0.00,34.82
0008.jpg,ca sĩ Lâm Chấn Huy,True,8.44,1.42,22.91,0.42,0.00,33.20
0009.jpg,ca sĩ Lâm Chấn Huy,True,9.14,1.42,22.81,0.41,0.00,33.78
0011.jpg,ca sĩ Lâm Chấn Huy,True,12.07,1.18,23.80,1.05,0.00,38.10
0014.jpg,ca sĩ Lâm Chấn Huy,True,9.56,1.12,23.50,0.38,0.00,34.57
0015.jpg,ca sĩ Lâm Chấn Huy,True,7.12,1.17,20.85,0.40,0.00,29.55
0017.jpg,ca sĩ Lâm Chấn Huy,True,8.04,0.57,23.70,0.41,0.00,32.72
0020.jpg,ca sĩ Lâm Chấn Huy,True,10.23,1.28,23.18,0.42,0.00,35.11
0021.jpg,ca sĩ Lâm Chấn Huy,True,8.00,1.05,22.45,0.37,0.00,31.87
0024.jpg,ca sĩ Lâm Chấn Huy,True,8.64,1.14,29.89,0.48,0.00,40.16
0025.jpg,ca sĩ Lâm Chấn Huy,True,8.49,0.67,27.78,0.35,0.00,37.28
0026.jpg,ca sĩ Lâm Chấn Huy,True,8.50,0.06,25.40,0.43,0.00,34.39
0028.jpg,ca sĩ Lâm Chấn Huy,True,9.32,1.32,21.15,0.38,0.00,32.17
0030.jpg,ca sĩ Lâm Chấn Huy,True,7.22,1.14,23.69,0.41,0.00,32.46
0031.jpg,ca sĩ Lâm Chấn Huy,True,7.52,1.10,24.46,0.41,0.00,33.49
0032.jpg,ca sĩ Lâm Chấn Huy,True,10.77,1.36,24.28,0.44,0.00,36.85
0036.jpg,ca sĩ Lâm Chấn Huy,True,11.92,1.11,30.10,0.52,0.00,43.64
0037.jpg,ca sĩ Lâm Chấn Huy,True,10.25,1.11,23.29,0.36,0.00,35.02
0038.jpg,ca sĩ Lâm Chấn Huy,True,6.36,1.14,23.21,0.36,0.00,31.06
0004.jpg,ca sĩ Leg,True,8.81,1.20,23.93,0.36,0.00,34.31
0005.jpg,ca sĩ Leg,True,7.99,1.31,22.26,0.42,0.00,31.97
0007.jpg,ca sĩ Leg,True,6.90,1.35,21.20,0.47,0.00,29.92
0011.jpg,ca sĩ Leg,True,7.48,1.67,23.58,0.34,0.00,33.07
0012.jpg,ca sĩ Leg,True,7.59,1.50,23.58,0.43,0.00,33.10
0015.jpg,ca sĩ Leg,True,9.88,1.96,22.87,0.38,0.00,35.09
0016.jpg,ca sĩ Leg,True,7.94,1.13,20.96,0.37,0.00,30.40
0018.jpg,ca sĩ Leg,True,9.38,1.37,24.74,0.51,0.00,36.01
0019.jpg,ca sĩ Leg,True,7.99,1.33,20.58,0.39,0.00,30.28
0020.jpg,ca sĩ Leg,True,7.75,1.25,22.75,0.37,0.00,32.11
0024.jpg,ca sĩ Leg,True,7.30,1.13,22.96,0.39,0.00,31.79
0025.jpg,ca sĩ Leg,True,8.09,1.45,22.25,0.33,0.00,32.12
0026.jpg,ca sĩ Leg,True,9.26,1.64,25.37,0.43,0.00,36.69
0001.jpg,ca sĩ Lê Bảo Bình,True,6.88,1.01,24.54,0.43,0.00,32.86
0003.jpg,ca sĩ Lê Bảo Bình,True,6.22,1.22,20.07,0.45,0.00,27.96
0004.jpg,ca sĩ Lê Bảo Bình,True,6.94,0.93,20.67,0.38,0.00,28.92
0005.jpg,ca sĩ Lê Bảo Bình,True,6.94,1.19,21.75,0.37,0.00,30.24
0007.jpg,ca sĩ Lê Bảo Bình,True,7.09,1.19,23.20,0.37,0.00,31.83
0008.jpg,ca sĩ Lê Bảo Bình,True,7.01,1.29,20.91,0.37,0.00,29.58
0010.jpg,ca sĩ Lê Bảo Bình,True,6.97,1.06,20.03,0.35,0.00,28.40
0013.jpg,ca sĩ Lê Bảo Bình,True,8.61,1.15,21.39,0.32,0.00,31.46
0015.jpg,ca sĩ Lê Bảo Bình,True,8.40,1.46,21.54,0.54,0.00,31.94
0017.jpg,ca sĩ Lê Bảo Bình,True,10.42,1.03,24.61,0.67,0.00,36.74
0020.jpg,ca sĩ Lê Bảo Bình,True,6.76,1.13,20.28,0.36,0.00,28.53
0021.jpg,ca sĩ Lê Bảo Bình,True,7.03,1.13,20.69,0.35,0.00,29.20
0023.jpg,ca sĩ Lê Bảo Bình,True,6.48,1.12,22.09,0.38,0.00,30.07
0027.jpg,ca sĩ Lê Bảo Bình,True,8.15,1.63,22.89,0.34,0.00,33.00
0029.jpg,ca sĩ Lê Bảo Bình,True,11.45,1.27,22.62,0.35,0.00,35.69
0032.jpg,ca sĩ Lê Bảo Bình,True,7.28,1.24,22.11,0.36,0.00,31.00
0033.jpg,ca sĩ Lê Bảo Bình,True,6.87,1.31,19.27,0.33,0.00,27.79
0034.jpg,ca sĩ Lê Bảo Bình,True,7.52,1.17,21.62,0.36,0.00,30.66
0035.jpg,ca sĩ Lê Bảo Bình,True,9.18,1.27,23.62,0.38,0.00,34.44
0036.jpg,ca sĩ Lê Bảo Bình,True,6.88,1.49,23.13,0.38,0.00,31.88
0039.jpg,ca sĩ Lê Bảo Bình,True,7.45,0.06,18.89,0.35,0.00,26.75
0002.jpg,ca sĩ Luna Đào,True,6.96,1.20,19.21,0.32,0.00,27.70
0003.jpg,ca sĩ Luna Đào,True,6.36,0.93,21.13,0.35,0.00,28.77
0004.jpg,ca sĩ Luna Đào,True,6.37,0.94,20.18,0.35,0.00,27.85
0005.jpg,ca sĩ Luna Đào,True,6.29,1.11,21.70,0.40,0.00,29.51
0006.jpg,ca sĩ Luna Đào,True,7.94,1.26,21.79,0.37,0.00,31.36
0008.jpg,ca sĩ Luna Đào,True,6.33,1.04,21.38,0.41,0.00,29.16
0010.jpg,ca sĩ Luna Đào,True,6.76,1.19,21.51,0.31,0.00,29.77
0011.jpg,ca sĩ Luna Đào,True,7.83,1.20,22.06,0.40,0.00,31.49
0012.jpg,ca sĩ Luna Đào,True,6.96,1.16,21.07,0.36,0.00,29.55
0013.jpg,ca sĩ Luna Đào,True,6.71,0.98,23.18,0.31,0.00,31.18
0014.jpg,ca sĩ Luna Đào,True,15.68,1.14,22.72,0.44,0.00,39.98
0015.jpg,ca sĩ Luna Đào,True,6.73,1.26,25.90,0.37,0.00,34.27
0016.jpg,ca sĩ Luna Đào,True,6.70,1.00,22.22,0.36,0.00,30.29
0017.jpg,ca sĩ Luna Đào,True,5.89,1.19,20.24,0.37,0.00,27.70
0018.jpg,ca sĩ Luna Đào,True,6.64,1.02,21.17,0.40,0.00,29.23
0022.jpg,ca sĩ Luna Đào,True,6.59,0.97,19.87,0.36,0.00,27.80
0024.jpg,ca sĩ Luna Đào,True,6.58,1.01,22.53,0.65,0.00,30.78
0027.jpg,ca sĩ Luna Đào,True,7.68,0.99,18.99,0.38,0.00,28.04
0029.jpg,ca sĩ Luna Đào,True,6.20,0.97,19.76,0.31,0.00,27.26
0030.jpg,ca sĩ Luna Đào,True,6.94,1.01,23.17,0.42,0.00,31.54
0031.jpg,ca sĩ Luna Đào,True,7.09,1.30,24.59,0.42,0.00,33.40
0032.jpg,ca sĩ Luna Đào,True,6.78,1.31,23.43,0.40,0.00,31.92
0033.jpg,ca sĩ Luna Đào,True,7.94,1.16,23.62,0.35,0.00,33.07
0036.jpg,ca sĩ Luna Đào,True,8.35,1.45,23.57,0.37,0.00,33.75
0038.jpg,ca sĩ Luna Đào,True,8.10,1.03,22.76,0.38,0.00,32.26
0039.jpg,ca sĩ Luna Đào,True,8.70,1.25,23.23,0.47,0.00,33.65
0040.jpg,ca sĩ Luna Đào,True,7.60,1.17,25.24,0.45,0.00,34.46
0041.jpg,ca sĩ Luna Đào,True,11.17,1.19,28.48,0.84,0.00,41.68
0001.jpg,ca sĩ Lương Bích Hữu,True,11.19,1.40,25.55,1.01,0.00,39.15
0002.jpg,ca sĩ Lương Bích Hữu,True,6.71,1.42,21.50,0.41,0.00,30.05
0003.jpg,ca sĩ Lương Bích Hữu,True,7.13,1.09,21.45,0.41,0.00,30.07
0006.jpg,ca sĩ Lương Bích Hữu,True,7.01,1.13,23.82,0.42,0.00,32.38
0007.jpg,ca sĩ Lương Bích Hữu,True,7.33,1.03,23.82,0.38,0.00,32.56
0008.jpg,ca sĩ Lương Bích Hữu,True,6.81,0.53,21.84,0.40,0.00,29.58
0009.jpg,ca sĩ Lương Bích Hữu,True,7.15,1.35,22.32,0.43,0.00,31.26
0011.jpg,ca sĩ Lương Bích Hữu,True,8.59,1.43,22.11,0.34,0.00,32.47
0012.jpg,ca sĩ Lương Bích Hữu,True,8.04,1.10,22.89,0.38,0.00,32.41
0013.jpg,ca sĩ Lương Bích Hữu,True,7.20,1.22,22.99,0.39,0.00,31.80
0014.jpg,ca sĩ Lương Bích Hữu,True,7.11,1.45,22.75,0.40,0.00,31.71
0015.jpg,ca sĩ Lương Bích Hữu,True,7.86,1.32,21.81,0.41,0.00,31.39
0016.jpg,ca sĩ Lương Bích Hữu,True,6.75,1.06,25.28,0.40,0.00,33.50
0017.jpg,ca sĩ Lương Bích Hữu,True,14.82,3.98,34.35,0.39,0.00,53.55
0018.jpg,ca sĩ Lương Bích Hữu,True,11.08,0.60,29.44,1.30,0.00,42.42
0020.jpg,ca sĩ Lương Bích Hữu,True,8.80,0.53,23.53,0.38,0.00,33.24
0021.jpg,ca sĩ Lương Bích Hữu,True,8.25,1.16,23.80,0.38,0.00,33.59
0022.jpg,ca sĩ Lương Bích Hữu,True,7.34,1.33,22.70,0.38,0.00,31.76
0024.jpg,ca sĩ Lương Bích Hữu,True,6.93,1.30,21.58,0.33,0.00,30.13
0026.jpg,ca sĩ Lương Bích Hữu,True,6.07,1.20,22.16,0.39,0.00,29.82
0027.jpg,ca sĩ Lương Bích Hữu,True,6.26,1.25,18.89,0.33,0.00,26.73
0028.jpg,ca sĩ Lương Bích Hữu,True,7.36,1.16,20.95,0.51,0.00,29.99
0030.jpg,ca sĩ Lương Bích Hữu,True,7.36,1.05,20.99,0.35,0.00,29.75
0031.jpg,ca sĩ Lương Bích Hữu,True,6.25,1.39,19.12,0.33,0.00,27.09
0033.jpg,ca sĩ Lương Bích Hữu,True,6.37,1.04,20.30,0.34,0.00,28.06
0035.jpg,ca sĩ Lương Bích Hữu,True,6.83,1.21,19.51,0.35,0.00,27.90
0036.jpg,ca sĩ Lương Bích Hữu,True,6.40,0.05,21.99,0.36,0.00,28.80
0039.jpg,ca sĩ Lương Bích Hữu,True,6.29,0.96,22.09,0.37,0.00,29.71
0041.jpg,ca sĩ Lương Bích Hữu,True,7.25,1.13,23.06,0.40,0.00,31.83
0045.jpg,ca sĩ Lương Bích Hữu,True,8.35,0.93,27.72,7.99,0.00,44.99
0046.jpg,ca sĩ Lương Bích Hữu,True,9.05,1.33,22.42,0.42,0.00,33.21
0003.jpg,ca sĩ Lynk Lee,True,11.40,1.13,22.89,0.31,0.00,35.73
0005.jpg,ca sĩ Lynk Lee,True,12.88,2.15,29.47,0.96,0.00,45.46
0006.jpg,ca sĩ Lynk Lee,True,11.70,2.70,28.26,0.39,0.00,43.06
0007.jpg,ca sĩ Lynk Lee,True,8.21,0.69,24.20,0.42,0.00,33.52
0009.jpg,ca sĩ Lynk Lee,True,6.34,1.46,23.15,0.40,0.00,31.35
0011.jpg,ca sĩ Lynk Lee,True,7.78,2.00,26.86,0.41,0.00,37.04
0012.jpg,ca sĩ Lynk Lee,True,8.09,1.05,23.77,0.42,0.00,33.32
0013.jpg,ca sĩ Lynk Lee,True,7.06,1.28,20.67,0.37,0.00,29.38
0015.jpg,ca sĩ Lynk Lee,True,6.56,1.14,20.81,0.33,0.00,28.85
0016.jpg,ca sĩ Lynk Lee,True,6.97,1.24,20.58,0.34,0.00,29.14
0018.jpg,ca sĩ Lynk Lee,True,8.89,0.92,19.67,0.36,0.00,29.83
0019.jpg,ca sĩ Lynk Lee,True,6.44,1.08,22.53,0.40,0.00,30.45
0020.jpg,ca sĩ Lynk Lee,True,6.34,1.16,20.89,0.36,0.00,28.76
0023.jpg,ca sĩ Lynk Lee,True,10.45,1.53,22.63,0.38,0.00,35.00
0026.jpg,ca sĩ Lynk Lee,True,7.48,1.26,23.23,0.40,0.00,32.36
0028.jpg,ca sĩ Lynk Lee,True,8.07,1.15,20.90,0.32,0.00,30.43
0030.jpg,ca sĩ Lynk Lee,True,6.98,0.99,21.13,0.41,0.00,29.51
0031.jpg,ca sĩ Lynk Lee,True,12.63,1.22,21.46,0.36,0.00,35.68
0033.jpg,ca sĩ Lynk Lee,True,8.52,1.11,20.58,0.35,0.00,30.56
0034.jpg,ca sĩ Lynk Lee,True,7.83,1.13,22.60,0.49,0.00,32.05
0035.jpg,ca sĩ Lynk Lee,True,7.48,1.06,22.26,0.42,0.00,31.23
0038.jpg,ca sĩ Lynk Lee,True,8.02,1.03,21.05,0.39,0.00,30.50
0040.jpg,ca sĩ Lynk Lee,True,7.12,0.95,22.61,0.47,0.00,31.14
0041.jpg,ca sĩ Lynk Lee,True,7.43,1.07,23.07,0.37,0.00,31.94
0042.jpg,ca sĩ Lynk Lee,True,7.10,1.19,20.39,0.32,0.00,28.99
0043.jpg,ca sĩ Lynk Lee,True,6.92,0.97,20.65,0.38,0.00,28.92
0044.jpg,ca sĩ Lynk Lee,True,6.62,0.67,23.14,0.35,0.00,30.78
0045.jpg,ca sĩ Lynk Lee,True,6.36,1.30,22.67,0.55,0.00,30.89
0046.jpg,ca sĩ Lynk Lee,True,7.69,1.25,23.08,0.34,0.00,32.35
0001.jpg,ca sĩ Lý Hải,True,6.91,0.61,20.20,0.36,0.00,28.08
0002.jpg,ca sĩ Lý Hải,True,7.80,1.41,21.53,0.35,0.00,31.10
0003.jpg,ca sĩ Lý Hải,True,8.58,1.19,22.93,0.40,0.00,33.10
0004.jpg,ca sĩ Lý Hải,False,7.00,0.00,0.00,0.00,0.00,7.00
0005.jpg,ca sĩ Lý Hải,True,6.15,0.97,21.06,0.40,0.00,28.57
0008.jpg,ca sĩ Lý Hải,True,7.05,1.19,21.76,0.36,0.00,30.36
0009.jpg,ca sĩ Lý Hải,True,6.27,0.53,19.17,0.33,0.00,26.30
0010.jpg,ca sĩ Lý Hải,True,23.15,0.55,18.12,0.42,0.00,42.23
0011.jpg,ca sĩ Lý Hải,True,7.13,1.17,21.54,0.41,0.00,30.25
0012.jpg,ca sĩ Lý Hải,True,7.12,1.05,20.46,0.42,0.00,29.05
0013.jpg,ca sĩ Lý Hải,True,7.47,0.46,21.43,0.44,0.00,29.80
0014.jpg,ca sĩ Lý Hải,True,10.99,1.32,23.23,0.37,0.00,35.92
0017.jpg,ca sĩ Lý Hải,True,6.57,0.50,20.74,0.37,0.00,28.18
0019.jpg,ca sĩ Lý Hải,True,6.93,0.58,23.69,0.44,0.00,31.63
0020.jpg,ca sĩ Lý Hải,True,7.63,1.29,22.10,0.40,0.00,31.42
0021.jpg,ca sĩ Lý Hải,True,10.65,1.23,22.31,0.37,0.00,34.56
0022.jpg,ca sĩ Lý Hải,True,7.57,1.19,21.63,0.38,0.00,30.77
0024.jpg,ca sĩ Lý Hải,True,7.21,1.57,20.33,0.30,0.00,29.41
0025.jpg,ca sĩ Lý Hải,True,7.24,1.15,22.31,0.56,0.00,31.27
0026.jpg,ca sĩ Lý Hải,True,7.45,1.14,21.75,0.36,0.00,30.71
0027.jpg,ca sĩ Lý Hải,True,6.58,1.25,22.15,0.38,0.00,30.35
0028.jpg,ca sĩ Lý Hải,True,8.25,1.74,22.78,0.34,0.00,33.11
0029.jpg,ca sĩ Lý Hải,True,6.95,1.07,20.88,0.44,0.00,29.34
0030.jpg,ca sĩ Lý Hải,True,7.11,1.14,20.54,0.30,0.00,29.10
0031.jpg,ca sĩ Lý Hải,True,7.75,1.04,21.11,0.36,0.00,30.27
0032.jpg,ca sĩ Lý Hải,True,7.04,0.49,20.50,0.35,0.00,28.38
0033.jpg,ca sĩ Lý Hải,True,8.38,0.99,20.97,0.37,0.00,30.71
0004.jpg,ca sĩ Mạnh Quỳnh,True,7.39,0.95,21.30,0.39,0.00,30.03
0005.jpg,ca sĩ Mạnh Quỳnh,True,7.56,1.21,21.04,0.39,0.00,30.20
0006.jpg,ca sĩ Mạnh Quỳnh,True,7.43,1.14,22.25,0.49,0.00,31.31
0008.jpg,ca sĩ Mạnh Quỳnh,True,7.97,1.25,22.54,0.33,0.00,32.09
0010.jpg,ca sĩ Mạnh Quỳnh,True,7.51,1.33,22.47,0.39,0.00,31.70
0011.jpg,ca sĩ Mạnh Quỳnh,True,6.99,1.08,22.45,0.44,0.00,30.96
0014.jpg,ca sĩ Mạnh Quỳnh,True,6.92,0.88,18.33,0.36,0.00,26.49
0017.jpg,ca sĩ Mạnh Quỳnh,True,6.40,1.03,19.11,0.31,0.00,26.85
0019.jpg,ca sĩ Mạnh Quỳnh,True,6.21,1.10,22.06,0.37,0.00,29.74
0020.jpg,ca sĩ Mạnh Quỳnh,True,8.39,1.23,21.60,0.39,0.00,31.61
0021.jpg,ca sĩ Mạnh Quỳnh,True,8.02,1.27,21.94,0.47,0.00,31.71
0022.jpg,ca sĩ Mạnh Quỳnh,True,8.16,1.06,30.04,0.96,0.00,40.22
0023.jpg,ca sĩ Mạnh Quỳnh,True,14.38,0.51,27.25,0.41,0.00,42.54
0024.jpg,ca sĩ Mạnh Quỳnh,True,7.96,1.28,23.68,0.36,0.00,33.29
0025.jpg,ca sĩ Mạnh Quỳnh,True,9.77,0.95,21.40,0.40,0.00,32.51
0026.jpg,ca sĩ Mạnh Quỳnh,True,7.52,1.32,22.26,0.72,0.00,31.82
0027.jpg,ca sĩ Mạnh Quỳnh,True,8.25,1.19,24.32,0.59,0.00,34.36
0028.jpg,ca sĩ Mạnh Quỳnh,True,10.22,1.17,19.98,0.38,0.00,31.76
0031.jpg,ca sĩ Mạnh Quỳnh,True,11.53,1.04,24.69,0.38,0.00,37.64
0032.jpg,ca sĩ Mạnh Quỳnh,True,8.50,1.23,23.86,0.41,0.00,34.00
0035.jpg,ca sĩ Mạnh Quỳnh,True,7.04,1.01,23.30,0.39,0.00,31.74
0037.jpg,ca sĩ Mạnh Quỳnh,True,8.03,0.05,23.42,0.41,0.00,31.91
0038.jpg,ca sĩ Mạnh Quỳnh,True,8.34,1.23,22.23,0.50,0.00,32.31
0040.jpg,ca sĩ Mạnh Quỳnh,True,6.91,1.06,24.79,0.42,0.00,33.18
0041.jpg,ca sĩ Mạnh Quỳnh,True,8.77,1.05,21.56,0.37,0.00,31.75
0044.jpg,ca sĩ Mạnh Quỳnh,True,8.63,1.29,21.98,0.46,0.00,32.36
0045.jpg,ca sĩ Mạnh Quỳnh,True,7.46,1.67,23.14,0.39,0.00,32.66
0046.jpg,ca sĩ Mạnh Quỳnh,True,7.96,1.29,26.64,0.42,0.00,36.31
0001.jpg,ca sĩ Min,True,8.35,1.26,25.11,0.38,0.00,35.10
0004.jpg,ca sĩ Min,True,7.90,1.04,22.26,0.38,0.00,31.59
0005.jpg,ca sĩ Min,True,7.17,1.14,22.60,0.35,0.00,31.27
0009.jpg,ca sĩ Min,True,5.97,1.04,20.74,0.39,0.00,28.14
0010.jpg,ca sĩ Min,True,8.12,1.30,23.07,0.37,0.00,32.86
0011.jpg,ca sĩ Min,True,7.54,1.44,22.59,0.36,0.00,31.94
0012.jpg,ca sĩ Min,True,8.12,1.12,22.37,0.43,0.00,32.04
0014.jpg,ca sĩ Min,True,11.32,1.25,22.55,0.35,0.00,35.48
0015.jpg,ca sĩ Min,True,6.92,1.10,21.82,0.32,0.00,30.16
0017.jpg,ca sĩ Min,True,6.51,0.55,19.46,0.36,0.00,26.88
0019.jpg,ca sĩ Min,True,6.22,1.15,20.34,0.37,0.00,28.08
0022.jpg,ca sĩ Min,True,8.86,1.12,21.32,0.34,0.00,31.65
0023.jpg,ca sĩ Min,True,6.08,1.00,21.01,0.36,0.00,28.45
0024.jpg,ca sĩ Min,True,11.18,1.36,23.30,0.37,0.00,36.21
0028.jpg,ca sĩ Min,True,5.93,1.03,21.42,0.30,0.00,28.69
0029.jpg,ca sĩ Min,True,6.56,1.04,21.36,0.33,0.00,29.29
0031.jpg,ca sĩ Min,True,6.32,0.98,21.56,0.39,0.00,29.25
0032.jpg,ca sĩ Min,True,6.56,1.01,21.98,0.40,0.00,29.95
0033.jpg,ca sĩ Min,True,7.49,1.15,19.53,0.34,0.00,28.52
0035.jpg,ca sĩ Min,True,11.99,1.09,22.33,0.45,0.00,35.86
0036.jpg,ca sĩ Min,True,5.78,1.21,21.60,0.40,0.00,28.99
0037.jpg,ca sĩ Min,True,6.39,1.01,20.39,0.36,0.00,28.15
0038.jpg,ca sĩ Min,True,7.85,1.44,23.21,0.42,0.00,32.91
0040.jpg,ca sĩ Min,True,7.16,1.30,19.81,0.33,0.00,28.60
0042.jpg,ca sĩ Min,True,6.21,1.03,19.65,0.38,0.00,27.27
0001.jpg,ca sĩ Minh Hằng,True,6.78,0.56,19.77,0.31,0.00,27.43
0005.jpg,ca sĩ Minh Hằng,True,6.78,1.46,23.16,0.44,0.00,31.84
0006.jpg,ca sĩ Minh Hằng,True,6.59,1.04,20.66,0.36,0.00,28.65
0007.jpg,ca sĩ Minh Hằng,True,7.06,1.17,20.01,0.33,0.00,28.56
0008.jpg,ca sĩ Minh Hằng,True,7.12,1.53,20.89,0.35,0.00,29.89
0009.jpg,ca sĩ Minh Hằng,True,6.59,1.21,20.50,0.36,0.00,28.65
0010.jpg,ca sĩ Minh Hằng,True,6.38,1.09,22.98,0.40,0.00,30.85
0011.jpg,ca sĩ Minh Hằng,True,9.61,1.03,23.03,0.38,0.00,34.05
0012.jpg,ca sĩ Minh Hằng,True,6.85,1.04,17.70,0.37,0.00,25.96
0013.jpg,ca sĩ Minh Hằng,True,6.42,1.17,19.70,0.37,0.00,27.66
0014.jpg,ca sĩ Minh Hằng,True,6.61,1.02,20.92,0.37,0.00,28.92
0015.jpg,ca sĩ Minh Hằng,True,7.14,1.06,22.53,0.46,0.00,31.19
0017.jpg,ca sĩ Minh Hằng,True,8.44,1.13,22.28,0.38,0.00,32.23
0018.jpg,ca sĩ Minh Hằng,True,8.01,1.27,22.27,0.45,0.00,32.01
0019.jpg,ca sĩ Minh Hằng,True,8.67,1.15,22.47,0.39,0.00,32.68
0020.jpg,ca sĩ Minh Hằng,True,6.81,1.15,23.98,0.41,0.00,32.35
0023.jpg,ca sĩ Minh Hằng,True,7.30,1.19,23.46,0.33,0.00,32.27
0024.jpg,ca sĩ Minh Hằng,True,6.52,1.40,22.53,0.36,0.00,30.81
0025.jpg,ca sĩ Minh Hằng,True,8.10,1.13,21.15,0.34,0.00,30.73
0026.jpg,ca sĩ Minh Hằng,True,6.36,0.96,21.19,0.36,0.00,28.87
0027.jpg,ca sĩ Minh Hằng,True,7.78,1.01,21.50,0.39,0.00,30.68
0028.jpg,ca sĩ Minh Hằng,True,7.08,1.27,22.07,0.36,0.00,30.79
0029.jpg,ca sĩ Minh Hằng,True,7.24,0.04,20.29,0.37,0.00,27.95
0030.jpg,ca sĩ Minh Hằng,True,6.25,1.07,21.89,0.47,0.00,29.67
0031.jpg,ca sĩ Minh Hằng,True,7.66,1.03,21.00,0.38,0.00,30.08
0033.jpg,ca sĩ Minh Hằng,True,7.53,1.30,25.88,0.34,0.00,35.05
0034.jpg,ca sĩ Minh Hằng,True,6.46,1.10,21.43,0.37,0.00,29.36
0035.jpg,ca sĩ Minh Hằng,True,6.28,1.17,20.82,0.32,0.00,28.60
0036.jpg,ca sĩ Minh Hằng,True,7.34,1.09,21.37,0.36,0.00,30.16
0037.jpg,ca sĩ Minh Hằng,True,8.49,1.36,19.64,0.34,0.00,29.82
0038.jpg,ca sĩ Minh Hằng,True,7.32,1.38,19.08,0.36,0.00,28.14
0039.jpg,ca sĩ Minh Hằng,True,7.45,1.14,22.94,0.37,0.00,31.89
0040.jpg,ca sĩ Minh Hằng,True,7.05,0.46,20.51,0.43,0.00,28.45
0041.jpg,ca sĩ Minh Hằng,True,7.66,0.53,21.89,0.32,0.00,30.40
0042.jpg,ca sĩ Minh Hằng,True,6.92,1.22,20.85,0.38,0.00,29.37
0043.jpg,ca sĩ Minh Hằng,True,7.29,1.14,22.51,0.48,0.00,31.42
0044.jpg,ca sĩ Minh Hằng,True,5.75,1.16,18.91,0.38,0.00,26.21
0045.jpg,ca sĩ Minh Hằng,True,6.17,1.21,19.49,0.37,0.00,27.24
0002.jpg,ca sĩ Minh Tuyết,True,6.81,0.94,20.42,0.31,0.00,28.48
0004.jpg,ca sĩ Minh Tuyết,True,6.39,0.94,21.85,0.35,0.00,29.53
0005.jpg,ca sĩ Minh Tuyết,True,6.60,1.17,18.52,0.31,0.00,26.60
0006.jpg,ca sĩ Minh Tuyết,True,6.98,1.06,18.46,0.31,0.01,26.82
0007.jpg,ca sĩ Minh Tuyết,True,7.31,1.08,18.12,0.30,0.00,26.81
0008.jpg,ca sĩ Minh Tuyết,True,7.73,1.12,19.97,0.35,0.00,29.17
0009.jpg,ca sĩ Minh Tuyết,True,7.42,0.96,19.52,0.34,0.00,28.24
0013.jpg,ca sĩ Minh Tuyết,True,8.56,1.22,41.94,0.35,0.00,52.07
0014.jpg,ca sĩ Minh Tuyết,True,7.87,1.22,19.64,0.60,0.00,29.33
0016.jpg,ca sĩ Minh Tuyết,True,8.08,1.30,21.07,0.37,0.00,30.82
0019.jpg,ca sĩ Minh Tuyết,True,7.07,1.36,22.79,0.51,0.00,31.74
0020.jpg,ca sĩ Minh Tuyết,True,7.65,1.32,23.22,0.36,0.00,32.56
0023.jpg,ca sĩ Minh Tuyết,True,7.04,1.00,20.35,0.37,0.00,28.75
0024.jpg,ca sĩ Minh Tuyết,True,6.48,1.18,20.86,0.42,0.00,28.94
0025.jpg,ca sĩ Minh Tuyết,True,7.76,1.19,20.14,0.37,0.00,29.46
0026.jpg,ca sĩ Minh Tuyết,True,8.97,1.03,24.26,0.38,0.00,34.64
0029.jpg,ca sĩ Minh Tuyết,True,7.08,1.17,24.20,0.39,0.00,32.84
0030.jpg,ca sĩ Minh Tuyết,True,7.47,1.07,28.35,0.42,0.00,37.32
0031.jpg,ca sĩ Minh Tuyết,True,6.59,1.02,21.52,0.44,0.00,29.57
0032.jpg,ca sĩ Minh Tuyết,True,7.78,1.05,23.21,0.38,0.00,32.41
0033.jpg,ca sĩ Minh Tuyết,True,6.42,1.08,22.12,0.39,0.00,30.01
0034.jpg,ca sĩ Minh Tuyết,True,6.42,1.19,22.05,0.30,0.00,29.96
0035.jpg,ca sĩ Minh Tuyết,True,6.41,1.22,20.59,0.35,0.00,28.57
0036.jpg,ca sĩ Minh Tuyết,True,6.38,1.01,22.69,0.39,0.00,30.48
0037.jpg,ca sĩ Minh Tuyết,True,6.82,0.52,22.42,0.85,0.00,30.62
0038.jpg,ca sĩ Minh Tuyết,True,8.34,1.01,20.30,0.37,0.00,30.03
0040.jpg,ca sĩ Minh Tuyết,True,6.13,1.18,21.60,0.37,0.00,29.28
0001.jpg,ca sĩ Minh Vương,True,6.53,1.22,21.42,0.36,0.00,29.53
0002.jpg,ca sĩ Minh Vương,True,6.04,1.19,20.63,0.38,0.00,28.24
0004.jpg,ca sĩ Minh Vương,True,8.08,1.07,22.73,0.39,0.00,32.27
0005.jpg,ca sĩ Minh Vương,True,7.24,1.28,22.95,0.37,0.00,31.85
0008.jpg,ca sĩ Minh Vương,True,7.52,1.29,23.68,0.39,0.00,32.88
0009.jpg,ca sĩ Minh Vương,True,6.97,1.28,22.73,0.43,0.00,31.41
0012.jpg,ca sĩ Minh Vương,True,7.00,1.66,22.70,0.39,0.00,31.76
0014.jpg,ca sĩ Minh Vương,True,7.65,1.58,20.75,0.36,0.00,30.34
0016.jpg,ca sĩ Minh Vương,True,7.03,1.23,22.50,0.42,0.00,31.18
0018.jpg,ca sĩ Minh Vương,True,6.86,1.20,20.21,0.38,0.00,28.66
0019.jpg,ca sĩ Minh Vương,True,6.12,1.01,19.34,0.36,0.00,26.83
0021.jpg,ca sĩ Minh Vương,True,6.92,1.33,25.05,0.50,0.00,33.80
0023.jpg,ca sĩ Minh Vương,True,6.93,1.22,24.37,0.40,0.00,32.93
0025.jpg,ca sĩ Minh Vương,True,8.40,1.56,23.62,0.64,0.00,34.23
0002.jpg,ca sĩ Miu Lê,True,8.24,1.35,24.02,0.51,0.00,34.12
0003.jpg,ca sĩ Miu Lê,True,7.17,1.58,25.16,0.41,0.00,34.31
0005.jpg,ca sĩ Miu Lê,True,8.37,1.15,21.51,0.38,0.00,31.41
0007.jpg,ca sĩ Miu Lê,True,7.20,0.51,19.18,0.54,0.00,27.44
0010.jpg,ca sĩ Miu Lê,True,6.39,1.15,19.38,0.35,0.00,27.26
0011.jpg,ca sĩ Miu Lê,True,6.96,1.18,22.47,0.38,0.00,31.00
0012.jpg,ca sĩ Miu Lê,True,7.32,1.21,21.97,0.41,0.00,30.90
0013.jpg,ca sĩ Miu Lê,True,6.85,1.41,23.69,0.40,0.00,32.36
0014.jpg,ca sĩ Miu Lê,True,6.69,1.20,22.56,0.36,0.00,30.81
0015.jpg,ca sĩ Miu Lê,True,7.88,1.36,21.36,0.41,0.00,31.01
0016.jpg,ca sĩ Miu Lê,True,7.25,1.27,22.51,0.38,0.00,31.40
0017.jpg,ca sĩ Miu Lê,True,6.61,0.48,22.40,0.39,0.00,29.89
0018.jpg,ca sĩ Miu Lê,True,8.11,1.36,25.10,0.39,0.00,34.96
0019.jpg,ca sĩ Miu Lê,True,6.76,1.78,20.67,0.37,0.00,29.58
0020.jpg,ca sĩ Miu Lê,True,6.54,1.25,20.70,0.39,0.00,28.88
0021.jpg,ca sĩ Miu Lê,True,7.31,1.11,23.01,0.39,0.00,31.82
0022.jpg,ca sĩ Miu Lê,True,6.96,1.36,22.93,0.40,0.00,31.64
0023.jpg,ca sĩ Miu Lê,True,6.15,1.22,25.70,0.41,0.00,33.48
0024.jpg,ca sĩ Miu Lê,True,6.44,1.08,21.63,0.39,0.00,29.55
0026.jpg,ca sĩ Miu Lê,True,7.37,0.05,22.45,1.09,0.00,30.96
0027.jpg,ca sĩ Miu Lê,True,6.02,1.28,19.05,0.32,0.00,26.68
0028.jpg,ca sĩ Miu Lê,True,6.19,1.35,21.03,0.48,0.00,29.06
0030.jpg,ca sĩ Miu Lê,True,6.70,0.06,22.34,0.38,0.00,29.48
0031.jpg,ca sĩ Miu Lê,True,6.61,0.49,20.37,0.36,0.00,27.84
0032.jpg,ca sĩ Miu Lê,True,6.33,1.13,21.04,0.37,0.00,28.87
0035.jpg,ca sĩ Miu Lê,True,15.22,1.14,24.33,0.44,0.04,41.17
0036.jpg,ca sĩ Miu Lê,True,7.33,1.37,22.63,0.37,0.00,31.70
0037.jpg,ca sĩ Miu Lê,True,6.81,1.09,22.81,0.39,0.00,31.11
0038.jpg,ca sĩ Miu Lê,True,7.23,1.08,20.60,0.35,0.00,29.27
0039.jpg,ca sĩ Miu Lê,True,7.47,0.50,23.16,0.39,0.00,31.52
0040.jpg,ca sĩ Miu Lê,True,12.72,1.10,25.63,0.43,0.00,39.88
0041.jpg,ca sĩ Miu Lê,True,7.91,1.10,23.43,0.47,0.00,32.91
0042.jpg,ca sĩ Miu Lê,True,6.25,1.08,22.33,0.36,0.00,30.02
0002.jpg,ca sĩ Mr. Siro,True,7.61,1.29,22.31,0.40,0.00,31.61
0004.jpg,ca sĩ Mr. Siro,True,7.68,1.21,21.57,0.49,0.00,30.95
0006.jpg,ca sĩ Mr. Siro,True,7.28,0.49,20.42,0.41,0.00,28.61
0007.jpg,ca sĩ Mr. Siro,True,8.01,1.30,19.27,0.39,0.00,28.98
0008.jpg,ca sĩ Mr. Siro,True,9.14,0.55,20.17,0.35,0.00,30.22
0009.jpg,ca sĩ Mr. Siro,True,7.06,1.23,21.67,0.39,0.00,30.35
0011.jpg,ca sĩ Mr. Siro,True,6.27,1.22,21.55,0.38,0.00,29.42
0014.jpg,ca sĩ Mr. Siro,True,7.05,1.13,19.99,0.36,0.00,28.53
0018.jpg,ca sĩ Mr. Siro,True,7.45,1.09,26.76,3.47,0.00,38.77
0020.jpg,ca sĩ Mr. Siro,True,15.13,1.67,29.03,0.34,0.00,46.17
0023.jpg,ca sĩ Mr. Siro,True,9.51,0.05,33.75,0.39,0.00,43.70
0026.jpg,ca sĩ Mr. Siro,True,10.31,1.28,27.69,0.55,0.00,39.83
0028.jpg,ca sĩ Mr. Siro,True,16.16,1.49,30.19,0.36,0.00,48.21
0030.jpg,ca sĩ Mr. Siro,True,7.59,1.00,26.47,1.55,0.00,36.61
0032.jpg,ca sĩ Mr. Siro,True,21.62,1.22,41.05,0.43,0.00,64.32
0033.jpg,ca sĩ Mr. Siro,True,10.94,2.14,46.70,0.39,0.00,60.17
0036.jpg,ca sĩ Mr. Siro,True,11.99,0.97,31.03,3.14,0.00,47.13
0001.jpg,ca sĩ Mỹ Tâm,True,13.69,1.39,28.90,0.44,0.00,44.42
0004.jpg,ca sĩ Mỹ Tâm,True,10.05,1.67,25.67,0.45,0.00,37.84
0005.jpg,ca sĩ Mỹ Tâm,True,21.20,3.86,44.81,0.53,0.00,70.41
0006.jpg,ca sĩ Mỹ Tâm,True,48.54,1.50,63.54,97.33,0.00,210.92
0008.jpg,ca sĩ Mỹ Tâm,True,65.89,1.25,52.99,25.34,0.00,145.47
0010.jpg,ca sĩ Mỹ Tâm,True,13.28,2.04,47.71,1.97,0.00,65.01
0011.jpg,ca sĩ Mỹ Tâm,True,12.04,1.26,30.49,1.98,0.00,45.77
0012.jpg,ca sĩ Mỹ Tâm,True,19.21,2.15,48.55,3.09,0.00,73.00
0013.jpg,ca sĩ Mỹ Tâm,True,17.54,3.78,79.60,5.33,0.00,106.25
0014.jpg,ca sĩ Mỹ Tâm,True,15.20,1.29,29.52,1.53,0.00,47.54
0015.jpg,ca sĩ Mỹ Tâm,True,16.57,1.64,37.80,0.89,0.00,56.91
0016.jpg,ca sĩ Mỹ Tâm,True,13.67,1.23,35.37,16.95,0.00,67.22
0017.jpg,ca sĩ Mỹ Tâm,True,12.67,1.45,49.00,4.56,0.00,67.68
0018.jpg,ca sĩ Mỹ Tâm,True,9.80,1.10,23.73,0.62,0.00,35.25
0019.jpg,ca sĩ Mỹ Tâm,True,16.76,1.27,30.38,12.42,0.00,60.82
0020.jpg,ca sĩ Mỹ Tâm,True,12.59,1.55,24.32,0.42,0.00,38.88
0021.jpg,ca sĩ Mỹ Tâm,True,6.71,0.05,20.78,0.36,0.00,27.91
0023.jpg,ca sĩ Mỹ Tâm,True,7.09,1.22,19.84,0.35,0.00,28.49
0024.jpg,ca sĩ Mỹ Tâm,True,8.72,0.93,19.51,0.36,0.00,29.52
0026.jpg,ca sĩ Mỹ Tâm,True,10.38,0.89,20.90,0.38,0.00,32.56
0027.jpg,ca sĩ Mỹ Tâm,True,7.59,1.11,22.38,0.32,0.00,31.40
0028.jpg,ca sĩ Mỹ Tâm,True,6.88,1.13,23.30,0.38,0.00,31.69
0029.jpg,ca sĩ Mỹ Tâm,True,13.01,1.29,22.90,0.38,0.00,37.58
0030.jpg,ca sĩ Mỹ Tâm,True,7.32,1.43,22.31,0.36,0.00,31.42
0033.jpg,ca sĩ Mỹ Tâm,True,7.90,1.24,24.86,0.54,0.00,34.55
0034.jpg,ca sĩ Mỹ Tâm,True,8.23,1.16,26.23,0.47,0.00,36.10
0036.jpg,ca sĩ Mỹ Tâm,True,8.22,1.11,24.18,0.39,0.00,33.90
0037.jpg,ca sĩ Mỹ Tâm,True,10.30,1.34,27.10,0.47,0.00,39.22
0038.jpg,ca sĩ Mỹ Tâm,True,10.59,1.64,27.14,0.44,0.00,39.81
0039.jpg,ca sĩ Mỹ Tâm,True,17.18,1.86,42.42,0.43,0.00,61.89
0001.jpg,ca sĩ Ngô Kiến Huy,True,9.17,1.15,24.35,0.37,0.00,35.04
0002.jpg,ca sĩ Ngô Kiến Huy,True,8.78,1.29,25.20,0.40,0.00,35.67
0003.jpg,ca sĩ Ngô Kiến Huy,True,9.19,1.40,23.03,0.53,0.00,34.15
0004.jpg,ca sĩ Ngô Kiến Huy,True,8.76,1.53,22.48,0.55,0.00,33.33
0005.jpg,ca sĩ Ngô Kiến Huy,True,7.76,1.27,25.15,0.44,0.00,34.62
0007.jpg,ca sĩ Ngô Kiến Huy,True,10.35,1.16,26.85,0.42,0.00,38.78
0008.jpg,ca sĩ Ngô Kiến Huy,True,11.38,1.11,41.21,0.74,0.00,54.44
0010.jpg,ca sĩ Ngô Kiến Huy,True,8.19,1.51,24.11,0.53,0.00,34.33
0012.jpg,ca sĩ Ngô Kiến Huy,True,9.93,1.39,27.72,0.41,0.00,39.46
0013.jpg,ca sĩ Ngô Kiến Huy,True,8.82,1.33,29.23,0.72,0.00,40.10
0015.jpg,ca sĩ Ngô Kiến Huy,True,11.57,1.01,23.77,0.49,0.00,36.83
0016.jpg,ca sĩ Ngô Kiến Huy,True,11.69,1.30,35.22,0.75,0.00,48.97
0017.jpg,ca sĩ Ngô Kiến Huy,True,15.71,1.47,35.25,2.21,0.00,54.64
0018.jpg,ca sĩ Ngô Kiến Huy,True,12.15,1.54,41.33,0.45,0.00,55.48
0019.jpg,ca sĩ Ngô Kiến Huy,True,10.31,1.35,25.86,0.52,0.00,38.04
0020.jpg,ca sĩ Ngô Kiến Huy,True,7.95,1.35,24.41,0.33,0.00,34.04
0021.jpg,ca sĩ Ngô Kiến Huy,True,8.43,1.36,22.94,0.41,0.00,33.13
0023.jpg,ca sĩ Ngô Kiến Huy,True,8.25,1.07,23.25,0.40,0.00,32.98
0024.jpg,ca sĩ Ngô Kiến Huy,True,9.55,1.51,25.47,0.51,0.00,37.04
0025.jpg,ca sĩ Ngô Kiến Huy,True,8.93,1.15,24.89,0.41,0.00,35.38
0026.jpg,ca sĩ Ngô Kiến Huy,True,8.15,0.05,27.76,0.56,0.00,36.54
0027.jpg,ca sĩ Ngô Kiến Huy,True,13.04,1.68,32.13,1.19,0.00,48.05
0028.jpg,ca sĩ Ngô Kiến Huy,True,8.27,0.07,25.68,0.42,0.00,34.45
0033.jpg,ca sĩ Ngô Kiến Huy,True,9.03,1.11,24.67,0.40,0.00,35.20
0034.jpg,ca sĩ Ngô Kiến Huy,True,9.87,1.42,25.92,0.39,0.00,37.60
0035.jpg,ca sĩ Ngô Kiến Huy,True,8.67,0.05,24.57,1.45,0.00,34.74
0036.jpg,ca sĩ Ngô Kiến Huy,True,9.17,1.08,28.44,2.56,0.00,41.25
0037.jpg,ca sĩ Ngô Kiến Huy,True,18.01,1.73,26.11,0.39,0.00,46.24
0038.jpg,ca sĩ Ngô Kiến Huy,True,9.43,1.86,26.66,0.40,0.00,38.35
0039.jpg,ca sĩ Ngô Kiến Huy,True,8.39,1.18,24.42,0.35,0.00,34.34
0040.jpg,ca sĩ Ngô Kiến Huy,True,8.96,1.42,23.25,0.45,0.00,34.07
0042.jpg,ca sĩ Ngô Kiến Huy,True,12.46,1.43,22.77,0.32,0.00,36.98
0043.jpg,ca sĩ Ngô Kiến Huy,True,8.41,1.09,21.10,0.42,0.00,31.02
0044.jpg,ca sĩ Ngô Kiến Huy,True,8.56,1.32,23.16,0.51,0.00,33.55
0045.jpg,ca sĩ Ngô Kiến Huy,True,13.77,1.63,26.06,0.41,0.00,41.87
0001.jpg,ca sĩ Nguyễn Hương Ly,True,7.84,1.16,29.09,1.40,0.00,39.49
0003.jpg,ca sĩ Nguyễn Hương Ly,True,11.86,1.24,27.21,0.44,0.00,40.76
0004.jpg,ca sĩ Nguyễn Hương Ly,True,10.89,1.08,25.04,0.34,0.00,37.34
0005.jpg,ca sĩ Nguyễn Hương Ly,True,12.30,1.05,26.15,0.38,0.00,39.88
0009.jpg,ca sĩ Nguyễn Hương Ly,True,9.12,1.46,22.93,0.94,0.00,34.44
0011.jpg,ca sĩ Nguyễn Hương Ly,True,10.14,4.13,27.87,0.55,0.00,42.69
0013.jpg,ca sĩ Nguyễn Hương Ly,True,10.05,1.14,24.24,0.37,0.00,35.79
0015.jpg,ca sĩ Nguyễn Hương Ly,True,8.98,1.16,25.40,0.43,0.00,35.97
0017.jpg,ca sĩ Nguyễn Hương Ly,True,9.08,1.21,23.74,0.42,0.00,34.45
0018.jpg,ca sĩ Nguyễn Hương Ly,True,7.76,1.12,24.58,0.42,0.00,33.87
0019.jpg,ca sĩ Nguyễn Hương Ly,True,10.42,1.05,23.90,0.40,0.00,35.77
0020.jpg,ca sĩ Nguyễn Hương Ly,True,7.04,1.29,22.38,0.39,0.00,31.10
0023.jpg,ca sĩ Nguyễn Hương Ly,True,6.35,1.33,23.02,0.35,0.00,31.06
0024.jpg,ca sĩ Nguyễn Hương Ly,True,6.71,0.06,23.86,0.43,0.00,31.05
0025.jpg,ca sĩ Nguyễn Hương Ly,True,7.05,0.06,25.37,0.43,0.00,32.92
0027.jpg,ca sĩ Nguyễn Hương Ly,True,11.97,1.17,23.16,0.39,0.00,36.69
0028.jpg,ca sĩ Nguyễn Hương Ly,True,8.07,1.03,22.66,0.39,0.00,32.15
0029.jpg,ca sĩ Nguyễn Hương Ly,True,9.32,2.66,24.50,0.44,0.00,36.92
0030.jpg,ca sĩ Nguyễn Hương Ly,True,7.72,1.16,25.11,0.39,0.00,34.38
0031.jpg,ca sĩ Nguyễn Hương Ly,True,8.12,1.23,22.66,0.40,0.00,32.41
0001.jpg,ca sĩ Nguyễn Văn Sỹ,False,6.63,0.00,0.00,0.00,0.00,6.63
0002.jpg,ca sĩ Nguyễn Văn Sỹ,True,6.98,1.30,22.11,0.39,0.00,30.77
0004.jpg,ca sĩ Nguyễn Văn Sỹ,True,7.35,1.22,22.17,0.40,0.00,31.14
0005.jpg,ca sĩ Nguyễn Văn Sỹ,True,9.95,0.06,26.00,1.02,0.00,37.03
0006.jpg,ca sĩ Nguyễn Văn Sỹ,True,10.20,1.75,24.39,0.37,0.00,36.71
0007.jpg,ca sĩ Nguyễn Văn Sỹ,True,10.31,1.41,26.05,0.72,0.00,38.48
0008.jpg,ca sĩ Nguyễn Văn Sỹ,True,28.90,2.70,24.03,0.54,0.00,56.17
0009.jpg,ca sĩ Nguyễn Văn Sỹ,True,8.07,1.59,25.18,0.55,0.00,35.38
0010.jpg,ca sĩ Nguyễn Văn Sỹ,True,7.56,1.42,25.70,0.44,0.00,35.12
0011.jpg,ca sĩ Nguyễn Văn Sỹ,True,8.22,1.29,24.00,0.42,0.00,33.94
0001.jpg,ca sĩ Nhật Kim Anh,True,9.81,1.12,20.05,0.48,0.00,31.46
0003.jpg,ca sĩ Nhật Kim Anh,True,7.89,1.20,22.39,0.35,0.00,31.83
0004.jpg,ca sĩ Nhật Kim Anh,False,7.66,0.00,0.00,0.00,0.00,7.66
0006.jpg,ca sĩ Nhật Kim Anh,True,11.69,1.27,24.31,0.37,0.00,37.64
0007.jpg,ca sĩ Nhật Kim Anh,True,9.67,1.16,30.20,0.43,0.00,41.47
0008.jpg,ca sĩ Nhật Kim Anh,True,9.12,1.53,25.97,0.51,0.00,37.13
0009.jpg,ca sĩ Nhật Kim Anh,True,8.90,1.40,25.80,0.44,0.00,36.54
0010.jpg,ca sĩ Nhật Kim Anh,True,8.35,1.20,24.45,0.40,0.00,34.40
0012.jpg,ca sĩ Nhật Kim Anh,True,8.30,0.59,28.66,0.57,0.00,38.11
0015.jpg,ca sĩ Nhật Kim Anh,True,8.73,1.26,21.12,0.40,0.00,31.52
0018.jpg,ca sĩ Nhật Kim Anh,True,6.65,1.07,24.57,0.45,0.00,32.74
0019.jpg,ca sĩ Nhật Kim Anh,True,8.77,1.14,24.29,0.42,0.00,34.62
0020.jpg,ca sĩ Nhật Kim Anh,True,8.81,1.06,23.46,0.43,0.00,33.76
0021.jpg,ca sĩ Nhật Kim Anh,True,6.18,1.57,22.65,0.38,0.00,30.77
0022.jpg,ca sĩ Nhật Kim Anh,True,6.83,1.41,25.81,0.92,0.00,34.97
0023.jpg,ca sĩ Nhật Kim Anh,True,10.66,1.14,30.58,1.00,0.00,43.39
0025.jpg,ca sĩ Nhật Kim Anh,False,8.73,0.00,0.00,0.00,0.00,8.73
0026.jpg,ca sĩ Nhật Kim Anh,True,14.93,1.51,32.57,0.44,0.00,49.46
0027.jpg,ca sĩ Nhật Kim Anh,True,8.78,1.39,29.92,0.40,0.00,40.49
0028.jpg,ca sĩ Nhật Kim Anh,True,7.86,1.21,26.18,0.34,0.00,35.59
0029.jpg,ca sĩ Nhật Kim Anh,True,10.99,1.08,26.02,0.49,0.00,38.58
0030.jpg,ca sĩ Nhật Kim Anh,True,7.04,0.58,22.00,0.39,0.00,30.00
0033.jpg,ca sĩ Nhật Kim Anh,True,6.62,1.14,22.04,0.40,0.00,30.20
0034.jpg,ca sĩ Nhật Kim Anh,True,7.08,1.29,24.78,0.36,0.00,33.51
0035.jpg,ca sĩ Nhật Kim Anh,True,7.42,1.33,21.68,0.38,0.00,30.80
0036.jpg,ca sĩ Nhật Kim Anh,True,9.71,1.12,23.93,0.40,0.00,35.16
0038.jpg,ca sĩ Nhật Kim Anh,True,6.58,1.10,23.61,0.38,0.00,31.66
0039.jpg,ca sĩ Nhật Kim Anh,True,8.71,1.34,22.17,0.37,0.00,32.61
0040.jpg,ca sĩ Nhật Kim Anh,True,7.97,1.66,24.36,0.39,0.00,34.37
0042.jpg,ca sĩ Nhật Kim Anh,True,7.40,1.08,23.03,0.44,0.00,31.96
0002.jpg,ca sĩ Như Quỳnh,True,6.89,1.11,22.41,0.41,0.00,30.83
0004.jpg,ca sĩ Như Quỳnh,True,6.77,1.06,22.18,0.34,0.00,30.35
0005.jpg,ca sĩ Như Quỳnh,True,6.66,1.19,22.81,0.39,0.00,31.05
0006.jpg,ca sĩ Như Quỳnh,True,7.57,1.15,29.11,0.41,0.00,38.24
0008.jpg,ca sĩ Như Quỳnh,True,9.75,1.32,20.41,0.35,0.00,31.83
0009.jpg,ca sĩ Như Quỳnh,True,6.73,1.38,24.24,0.39,0.00,32.74
0010.jpg,ca sĩ Như Quỳnh,True,7.33,1.30,21.36,0.36,0.00,30.35
0013.jpg,ca sĩ Như Quỳnh,True,8.56,1.23,23.63,0.40,0.00,33.83
0014.jpg,ca sĩ Như Quỳnh,True,7.33,0.28,22.52,0.39,0.00,30.52
0015.jpg,ca sĩ Như Quỳnh,True,5.98,1.32,19.53,0.39,0.00,27.22
0016.jpg,ca sĩ Như Quỳnh,True,6.56,1.20,19.31,0.39,0.00,27.45
0018.jpg,ca sĩ Như Quỳnh,True,7.00,1.31,26.42,0.46,0.00,35.19
0019.jpg,ca sĩ Như Quỳnh,True,8.23,1.26,23.03,0.35,0.00,32.88
0021.jpg,ca sĩ Như Quỳnh,True,8.89,1.17,22.69,0.39,0.00,33.13
0022.jpg,ca sĩ Như Quỳnh,True,6.96,0.97,22.37,0.41,0.00,30.71
0023.jpg,ca sĩ Như Quỳnh,True,6.81,1.34,23.01,0.40,0.00,31.55
0026.jpg,ca sĩ Như Quỳnh,True,7.38,1.22,20.36,0.39,0.00,29.35
0027.jpg,ca sĩ Như Quỳnh,True,6.76,1.18,20.33,0.37,0.00,28.64
0028.jpg,ca sĩ Như Quỳnh,True,6.97,1.31,22.16,0.46,0.00,30.90
0029.jpg,ca sĩ Như Quỳnh,True,6.89,1.22,23.14,0.36,0.00,31.62
0032.jpg,ca sĩ Như Quỳnh,True,6.87,1.60,22.11,0.41,0.00,30.99
0033.jpg,ca sĩ Như Quỳnh,True,7.29,1.30,22.24,0.43,0.00,31.25
0034.jpg,ca sĩ Như Quỳnh,True,7.74,1.06,25.88,0.39,0.00,35.07
0036.jpg,ca sĩ Như Quỳnh,True,6.99,1.06,23.86,0.39,0.00,32.30
0037.jpg,ca sĩ Như Quỳnh,True,7.21,1.02,22.05,0.30,0.00,30.58
0039.jpg,ca sĩ Như Quỳnh,True,7.29,0.05,21.36,0.35,0.00,29.06
0041.jpg,ca sĩ Như Quỳnh,True,6.72,1.26,21.98,0.36,0.00,30.33
0042.jpg,ca sĩ Như Quỳnh,True,7.01,1.19,21.10,0.37,0.00,29.66
0043.jpg,ca sĩ Như Quỳnh,True,7.30,0.96,22.10,0.35,0.00,30.70
0044.jpg,ca sĩ Như Quỳnh,True,7.51,1.17,21.61,0.39,0.00,30.68
0001.jpg,ca sĩ Noo Phước Thịnh,True,6.97,1.18,21.96,0.42,0.00,30.52
0003.jpg,ca sĩ Noo Phước Thịnh,True,6.63,0.91,21.39,0.37,0.00,29.30
0005.jpg,ca sĩ Noo Phước Thịnh,True,7.74,4.35,21.23,0.37,0.00,33.69
0007.jpg,ca sĩ Noo Phước Thịnh,True,8.59,0.97,20.56,0.32,0.00,30.43
0008.jpg,ca sĩ Noo Phước Thịnh,True,7.90,1.31,20.99,0.34,0.00,30.53
0009.jpg,ca sĩ Noo Phước Thịnh,True,7.30,1.11,20.85,0.37,0.00,29.64
0010.jpg,ca sĩ Noo Phước Thịnh,True,7.60,1.13,21.28,0.37,0.00,30.39
0012.jpg,ca sĩ Noo Phước Thịnh,True,7.35,1.24,21.96,0.37,0.00,30.92
0014.jpg,ca sĩ Noo Phước Thịnh,True,7.22,1.17,19.84,0.30,0.00,28.53
0016.jpg,ca sĩ Noo Phước Thịnh,True,7.89,1.22,18.15,0.30,0.00,27.56
0017.jpg,ca sĩ Noo Phước Thịnh,True,10.28,0.08,20.59,0.29,0.00,31.25
0018.jpg,ca sĩ Noo Phước Thịnh,True,7.74,1.26,20.98,0.30,0.00,30.27
0021.jpg,ca sĩ Noo Phước Thịnh,True,8.84,1.36,19.39,0.45,0.00,30.04
0022.jpg,ca sĩ Noo Phước Thịnh,True,6.99,1.09,21.56,0.36,0.00,30.00
0023.jpg,ca sĩ Noo Phước Thịnh,True,8.79,1.14,26.39,0.51,0.00,36.83
0024.jpg,ca sĩ Noo Phước Thịnh,True,13.04,1.38,23.38,0.35,0.00,38.15
0025.jpg,ca sĩ Noo Phước Thịnh,True,7.64,1.33,22.46,0.42,0.00,31.85
0026.jpg,ca sĩ Noo Phước Thịnh,True,7.94,0.52,21.99,0.36,0.00,30.80
0027.jpg,ca sĩ Noo Phước Thịnh,True,8.78,1.33,19.92,0.36,0.00,30.39
0028.jpg,ca sĩ Noo Phước Thịnh,True,8.42,1.26,22.99,0.42,0.00,33.08
0029.jpg,ca sĩ Noo Phước Thịnh,True,7.66,1.15,20.53,0.37,0.00,29.72
0030.jpg,ca sĩ Noo Phước Thịnh,True,9.91,1.32,24.38,0.37,0.00,35.99
0031.jpg,ca sĩ Noo Phước Thịnh,True,6.82,1.28,23.26,0.48,0.00,31.86
0032.jpg,ca sĩ Noo Phước Thịnh,True,8.42,1.06,23.66,0.39,0.00,33.53
0033.jpg,ca sĩ Noo Phước Thịnh,True,8.51,1.36,24.43,0.35,0.00,34.65
0034.jpg,ca sĩ Noo Phước Thịnh,True,6.91,1.11,27.70,0.38,0.00,36.10
0035.jpg,ca sĩ Noo Phước Thịnh,True,10.17,1.12,25.93,0.38,0.01,37.60
0036.jpg,ca sĩ Noo Phước Thịnh,True,9.81,1.17,45.84,3.30,0.00,60.13
0037.jpg,ca sĩ Noo Phước Thịnh,True,11.69,1.35,30.67,1.55,0.00,45.25
0038.jpg,ca sĩ Noo Phước Thịnh,True,12.37,1.31,26.74,0.38,0.00,40.79
0040.jpg,ca sĩ Noo Phước Thịnh,True,9.05,1.40,26.38,0.54,0.00,37.37
0001.jpg,ca sĩ Ông Cao Thắng,False,8.06,0.00,0.00,0.00,0.00,8.06
0003.jpg,ca sĩ Ông Cao Thắng,True,8.10,1.12,21.74,0.34,0.00,31.30
0005.jpg,ca sĩ Ông Cao Thắng,True,7.23,1.13,22.43,0.40,0.00,31.20
0006.jpg,ca sĩ Ông Cao Thắng,True,7.23,1.31,23.08,0.38,0.00,32.01
0008.jpg,ca sĩ Ông Cao Thắng,True,10.24,1.15,23.35,0.58,0.00,35.31
0009.jpg,ca sĩ Ông Cao Thắng,True,12.71,1.55,22.86,0.36,0.00,37.47
0012.jpg,ca sĩ Ông Cao Thắng,True,9.06,1.37,23.92,0.36,0.00,34.71
0013.jpg,ca sĩ Ông Cao Thắng,True,8.83,1.61,24.37,0.39,0.00,35.20
0014.jpg,ca sĩ Ông Cao Thắng,True,7.62,1.12,21.05,0.37,0.00,30.17
0016.jpg,ca sĩ Ông Cao Thắng,True,8.21,1.24,21.38,0.38,0.00,31.21
0017.jpg,ca sĩ Ông Cao Thắng,True,6.70,1.27,20.54,0.35,0.00,28.85
0018.jpg,ca sĩ Ông Cao Thắng,True,6.95,1.17,22.67,0.60,0.00,31.40
0020.jpg,ca sĩ Ông Cao Thắng,True,7.22,1.50,22.75,0.36,0.00,31.83
0023.jpg,ca sĩ Ông Cao Thắng,True,8.56,1.21,26.01,0.54,0.00,36.32
0024.jpg,ca sĩ Ông Cao Thắng,True,8.47,1.90,20.29,0.35,0.00,31.01
0029.jpg,ca sĩ Ông Cao Thắng,True,7.78,1.02,22.34,0.39,0.00,31.53
0030.jpg,ca sĩ Ông Cao Thắng,True,17.80,1.28,28.44,0.91,0.00,48.43
0034.jpg,ca sĩ Ông Cao Thắng,True,6.57,1.28,24.24,0.49,0.00,32.58
0035.jpg,ca sĩ Ông Cao Thắng,True,8.96,0.63,57.32,1.61,0.00,68.51
0002.jpg,ca sĩ Phạm Quỳnh Anh,True,8.65,3.82,26.73,0.42,0.00,39.62
0003.jpg,ca sĩ Phạm Quỳnh Anh,True,8.12,1.19,24.15,0.54,0.00,34.01
0004.jpg,ca sĩ Phạm Quỳnh Anh,True,7.08,1.41,27.56,0.36,0.00,36.41
0005.jpg,ca sĩ Phạm Quỳnh Anh,True,7.75,1.20,27.78,0.41,0.00,37.14
0008.jpg,ca sĩ Phạm Quỳnh Anh,True,8.09,1.14,26.65,0.68,0.00,36.56
0009.jpg,ca sĩ Phạm Quỳnh Anh,True,9.77,1.37,23.45,0.37,0.00,34.97
0010.jpg,ca sĩ Phạm Quỳnh Anh,True,7.13,1.53,23.75,0.45,0.00,32.85
0011.jpg,ca sĩ Phạm Quỳnh Anh,True,7.90,1.33,24.47,0.39,0.00,34.08
0014.jpg,ca sĩ Phạm Quỳnh Anh,True,7.53,1.26,22.05,0.40,0.00,31.24
0015.jpg,ca sĩ Phạm Quỳnh Anh,True,8.29,1.51,25.01,0.34,0.00,35.14
0017.jpg,ca sĩ Phạm Quỳnh Anh,True,7.86,0.06,22.33,0.38,0.00,30.62
0019.jpg,ca sĩ Phạm Quỳnh Anh,True,9.68,1.23,21.72,0.57,0.00,33.20
0022.jpg,ca sĩ Phạm Quỳnh Anh,True,7.66,1.19,24.40,0.40,0.00,33.64
0023.jpg,ca sĩ Phạm Quỳnh Anh,True,8.39,1.30,23.66,0.41,0.00,33.76
0024.jpg,ca sĩ Phạm Quỳnh Anh,True,7.52,1.65,25.75,0.39,0.00,35.31
0025.jpg,ca sĩ Phạm Quỳnh Anh,True,8.42,1.37,20.75,0.44,0.00,30.99
0029.jpg,ca sĩ Phạm Quỳnh Anh,True,7.46,1.14,28.68,6.40,0.00,43.68
0031.jpg,ca sĩ Phạm Quỳnh Anh,True,11.39,1.26,23.32,0.41,0.00,36.37
0033.jpg,ca sĩ Phạm Quỳnh Anh,True,7.45,0.46,22.58,0.35,0.00,30.85
0035.jpg,ca sĩ Phạm Quỳnh Anh,True,9.02,1.08,37.68,0.42,0.00,48.20
0036.jpg,ca sĩ Phạm Quỳnh Anh,True,14.62,1.20,25.28,0.42,0.00,41.53
0039.jpg,ca sĩ Phạm Quỳnh Anh,True,10.13,2.76,31.13,0.47,0.00,44.50
0001.jpg,ca sĩ Phi Nhung,True,13.42,1.35,33.53,0.55,0.00,48.85
0002.jpg,ca sĩ Phi Nhung,True,8.96,1.13,24.83,0.36,0.00,35.29
0003.jpg,ca sĩ Phi Nhung,True,12.28,1.38,25.02,0.67,0.00,39.35
0004.jpg,ca sĩ Phi Nhung,True,11.58,1.26,27.03,0.38,0.00,40.25
0006.jpg,ca sĩ Phi Nhung,True,10.82,1.09,24.03,0.78,0.00,36.71
0008.jpg,ca sĩ Phi Nhung,True,13.50,1.45,30.17,0.41,0.00,45.52
0013.jpg,ca sĩ Phi Nhung,True,12.28,1.51,22.63,0.35,0.00,36.77
0014.jpg,ca sĩ Phi Nhung,True,7.35,1.19,21.91,0.38,0.00,30.83
0015.jpg,ca sĩ Phi Nhung,True,7.83,0.70,20.75,0.39,0.00,29.67
0016.jpg,ca sĩ Phi Nhung,True,6.84,1.01,21.69,0.36,0.00,29.90
0018.jpg,ca sĩ Phi Nhung,True,7.87,1.25,21.74,0.42,0.00,31.28
0020.jpg,ca sĩ Phi Nhung,True,8.39,1.08,24.36,0.47,0.00,34.31
0021.jpg,ca sĩ Phi Nhung,True,8.12,1.30,23.45,0.39,0.00,33.26
0023.jpg,ca sĩ Phi Nhung,True,7.68,1.18,25.88,0.49,0.00,35.23
0025.jpg,ca sĩ Phi Nhung,True,7.46,1.23,20.82,0.49,0.00,29.99
0026.jpg,ca sĩ Phi Nhung,True,6.96,2.10,24.98,0.38,0.00,34.42
0027.jpg,ca sĩ Phi Nhung,True,7.63,1.12,27.35,0.40,0.00,36.51
0028.jpg,ca sĩ Phi Nhung,True,10.00,1.45,29.84,0.35,0.00,41.65
0029.jpg,ca sĩ Phi Nhung,True,11.28,1.74,24.85,0.44,0.00,38.31
0030.jpg,ca sĩ Phi Nhung,True,11.13,0.05,23.45,0.42,0.00,35.05
0031.jpg,ca sĩ Phi Nhung,True,12.52,1.51,32.54,2.59,0.00,49.16
0034.jpg,ca sĩ Phi Nhung,True,19.71,1.37,28.68,0.42,0.00,50.19
0035.jpg,ca sĩ Phi Nhung,True,16.91,1.19,37.20,1.04,0.00,56.34
0036.jpg,ca sĩ Phi Nhung,True,17.93,1.90,40.37,1.67,0.00,61.86
0037.jpg,ca sĩ Phi Nhung,True,16.57,1.35,28.55,0.39,0.00,46.86
0038.jpg,ca sĩ Phi Nhung,True,13.16,1.41,25.85,1.73,0.00,42.15
0039.jpg,ca sĩ Phi Nhung,True,8.56,1.56,28.85,0.35,0.00,39.32
0040.jpg,ca sĩ Phi Nhung,True,9.10,1.27,24.64,0.39,0.00,35.40
0001.jpg,ca sĩ Phương Mỹ Chi,True,9.85,1.31,24.14,3.98,0.00,39.28
0002.jpg,ca sĩ Phương Mỹ Chi,True,7.70,1.28,22.68,0.37,0.00,32.03
0003.jpg,ca sĩ Phương Mỹ Chi,True,7.65,1.01,22.12,0.37,0.00,31.15
0004.jpg,ca sĩ Phương Mỹ Chi,True,8.41,1.15,23.30,0.41,0.00,33.29
0009.jpg,ca sĩ Phương Mỹ Chi,True,7.78,0.53,23.86,0.31,0.00,32.47
0010.jpg,ca sĩ Phương Mỹ Chi,True,12.01,1.23,21.50,0.38,0.00,35.13
0012.jpg,ca sĩ Phương Mỹ Chi,True,9.92,2.27,29.15,2.43,0.00,43.77
0013.jpg,ca sĩ Phương Mỹ Chi,True,18.40,2.54,53.12,2.74,0.00,76.80
0015.jpg,ca sĩ Phương Mỹ Chi,True,16.55,1.71,55.30,3.49,0.00,77.04
0016.jpg,ca sĩ Phương Mỹ Chi,True,17.46,0.80,41.57,0.37,0.00,60.19
0017.jpg,ca sĩ Phương Mỹ Chi,True,24.51,1.77,41.05,3.61,0.00,70.94
0018.jpg,ca sĩ Phương Mỹ Chi,True,21.86,3.11,28.25,0.36,0.00,53.59
0019.jpg,ca sĩ Phương Mỹ Chi,True,8.38,1.07,21.41,0.35,0.00,31.22
0020.jpg,ca sĩ Phương Mỹ Chi,True,13.49,1.02,22.75,0.32,0.00,37.58
0021.jpg,ca sĩ Phương Mỹ Chi,True,12.64,1.11,22.95,0.38,0.00,37.09
0022.jpg,ca sĩ Phương Mỹ Chi,True,8.41,1.34,26.73,0.48,0.00,36.97
0024.jpg,ca sĩ Phương Mỹ Chi,True,9.34,1.25,30.76,0.46,0.00,41.81
0026.jpg,ca sĩ Phương Mỹ Chi,True,14.41,1.32,42.52,0.40,0.00,58.64
0027.jpg,ca sĩ Phương Mỹ Chi,True,13.85,1.95,37.54,1.11,0.00,54.45
0028.jpg,ca sĩ Phương Mỹ Chi,True,11.88,2.06,23.08,0.38,0.00,37.40
0030.jpg,ca sĩ Phương Mỹ Chi,True,8.49,1.08,20.73,0.37,0.00,30.68
0031.jpg,ca sĩ Phương Mỹ Chi,True,6.74,0.53,22.67,0.36,0.00,30.30
0033.jpg,ca sĩ Phương Mỹ Chi,True,6.58,1.30,22.36,0.36,0.00,30.59
0036.jpg,ca sĩ Phương Mỹ Chi,True,6.87,1.09,20.31,0.37,0.00,28.65
0037.jpg,ca sĩ Phương Mỹ Chi,True,6.69,1.40,22.71,0.38,0.00,31.19
0038.jpg,ca sĩ Phương Mỹ Chi,True,7.46,1.13,20.83,0.40,0.00,29.82
0039.jpg,ca sĩ Phương Mỹ Chi,True,6.18,1.04,20.95,0.41,0.00,28.58
0040.jpg,ca sĩ Phương Mỹ Chi,False,6.62,0.00,0.00,0.00,0.00,6.62
0043.jpg,ca sĩ Phương Mỹ Chi,True,6.58,1.13,22.99,0.29,0.00,31.00
0001.jpg,ca sĩ Phương Thanh,True,9.58,1.64,22.87,0.36,0.00,34.45
0002.jpg,ca sĩ Phương Thanh,True,6.65,1.02,21.74,2.20,0.00,31.60
0003.jpg,ca sĩ Phương Thanh,True,9.01,1.34,21.64,0.37,0.00,32.36
0004.jpg,ca sĩ Phương Thanh,True,7.84,1.76,33.46,0.39,0.00,43.45
0005.jpg,ca sĩ Phương Thanh,True,14.94,1.17,25.57,0.38,0.00,42.06
0006.jpg,ca sĩ Phương Thanh,True,8.38,1.24,24.25,0.53,0.00,34.40
0007.jpg,ca sĩ Phương Thanh,True,8.61,1.39,23.17,0.64,0.00,33.81
0009.jpg,ca sĩ Phương Thanh,True,6.71,1.05,25.79,0.38,0.00,33.93
0012.jpg,ca sĩ Phương Thanh,True,6.80,1.37,23.73,0.39,0.00,32.29
0013.jpg,ca sĩ Phương Thanh,True,9.33,1.17,20.90,0.37,0.00,31.77
0016.jpg,ca sĩ Phương Thanh,True,8.45,8.20,36.21,0.32,0.00,53.18
0018.jpg,ca sĩ Phương Thanh,False,7.42,0.00,0.00,0.00,0.00,7.42
0019.jpg,ca sĩ Phương Thanh,True,8.75,1.00,50.40,1.58,0.00,61.72
0020.jpg,ca sĩ Phương Thanh,True,11.25,1.25,25.74,1.76,0.00,40.01
0021.jpg,ca sĩ Phương Thanh,True,20.22,1.21,25.89,2.51,0.00,49.84
0022.jpg,ca sĩ Phương Thanh,True,12.23,1.32,25.39,0.43,0.00,39.37
0023.jpg,ca sĩ Phương Thanh,True,9.17,0.98,25.40,0.45,0.00,36.00
0024.jpg,ca sĩ Phương Thanh,True,8.03,0.69,21.80,0.39,0.00,30.91
0026.jpg,ca sĩ Phương Thanh,True,6.11,0.99,18.79,0.32,0.00,26.22
0027.jpg,ca sĩ Phương Thanh,True,6.20,1.18,19.81,0.34,0.00,27.52
0028.jpg,ca sĩ Phương Thanh,True,6.17,1.04,20.76,0.37,0.00,28.33
0029.jpg,ca sĩ Phương Thanh,True,6.57,1.25,23.22,0.35,0.00,31.39
0031.jpg,ca sĩ Phương Thanh,True,6.33,1.07,20.80,0.39,0.00,28.58
0032.jpg,ca sĩ Phương Thanh,True,6.81,1.22,23.56,0.36,0.00,31.95
0033.jpg,ca sĩ Phương Thanh,True,5.95,2.07,20.32,0.34,0.00,28.68
0034.jpg,ca sĩ Phương Thanh,True,6.33,1.51,22.04,0.41,0.00,30.28
0035.jpg,ca sĩ Phương Thanh,True,6.39,1.15,20.20,0.35,0.00,28.11
0036.jpg,ca sĩ Phương Thanh,True,6.83,1.18,20.19,0.39,0.00,28.59
0037.jpg,ca sĩ Phương Thanh,True,8.72,0.97,21.93,0.39,0.00,32.00
0038.jpg,ca sĩ Phương Thanh,True,9.34,1.05,22.54,0.70,0.00,33.63
0039.jpg,ca sĩ Phương Thanh,True,8.68,1.16,23.68,0.42,0.00,33.93
0040.jpg,ca sĩ Phương Thanh,True,10.25,1.48,21.89,0.38,0.00,33.99
0042.jpg,ca sĩ Phương Thanh,True,7.38,0.52,23.39,0.31,0.00,31.61
0043.jpg,ca sĩ Phương Thanh,True,6.45,1.05,20.53,0.39,0.00,28.42
0044.jpg,ca sĩ Phương Thanh,True,6.82,1.03,18.93,0.35,0.00,27.13
0001.jpg,ca sĩ Phương Trinh Jolie,True,6.25,1.15,22.27,0.38,0.00,30.05
0002.jpg,ca sĩ Phương Trinh Jolie,True,6.67,0.06,20.37,0.31,0.00,27.41
0004.jpg,ca sĩ Phương Trinh Jolie,True,6.16,1.19,25.33,0.35,0.00,33.02
0005.jpg,ca sĩ Phương Trinh Jolie,True,6.61,1.50,22.28,0.39,0.00,30.78
0008.jpg,ca sĩ Phương Trinh Jolie,True,6.01,1.22,22.34,0.36,0.00,29.93
0009.jpg,ca sĩ Phương Trinh Jolie,True,9.51,1.27,20.50,0.34,0.00,31.62
0012.jpg,ca sĩ Phương Trinh Jolie,True,10.40,1.23,20.02,0.36,0.00,32.02
0013.jpg,ca sĩ Phương Trinh Jolie,True,6.39,0.98,21.12,0.33,0.00,28.83
0015.jpg,ca sĩ Phương Trinh Jolie,True,6.34,1.13,19.56,0.38,0.00,27.42
0016.jpg,ca sĩ Phương Trinh Jolie,True,7.40,0.99,20.64,0.42,0.00,29.46
0018.jpg,ca sĩ Phương Trinh Jolie,True,7.39,1.19,21.54,0.38,0.00,30.50
0019.jpg,ca sĩ Phương Trinh Jolie,True,7.50,1.03,21.55,0.38,0.00,30.45
0020.jpg,ca sĩ Phương Trinh Jolie,True,7.88,1.05,20.93,0.32,0.00,30.18
0021.jpg,ca sĩ Phương Trinh Jolie,True,8.21,1.18,19.17,0.33,0.00,28.90
0023.jpg,ca sĩ Phương Trinh Jolie,True,6.31,0.57,21.45,0.39,0.00,28.72
0025.jpg,ca sĩ Phương Trinh Jolie,True,7.26,1.26,21.74,0.37,0.00,30.62
0026.jpg,ca sĩ Phương Trinh Jolie,True,6.33,1.01,20.81,0.34,0.00,28.49
0028.jpg,ca sĩ Phương Trinh Jolie,True,6.27,1.03,19.35,0.34,0.00,26.99
0029.jpg,ca sĩ Phương Trinh Jolie,True,7.26,1.04,20.41,0.35,0.00,29.06
0031.jpg,ca sĩ Phương Trinh Jolie,True,11.44,1.22,20.06,0.33,0.00,33.06
0033.jpg,ca sĩ Phương Trinh Jolie,True,6.68,1.23,22.26,0.38,0.00,30.55
0034.jpg,ca sĩ Phương Trinh Jolie,True,6.10,1.22,20.09,0.57,0.00,27.98
0035.jpg,ca sĩ Phương Trinh Jolie,True,6.99,1.22,21.57,0.42,0.00,30.20
0036.jpg,ca sĩ Phương Trinh Jolie,True,6.65,1.10,22.71,0.39,0.00,30.84
0037.jpg,ca sĩ Phương Trinh Jolie,True,6.48,1.20,19.32,0.35,0.00,27.36
0010.jpg,ca sĩ Quang Lập,True,11.18,1.22,28.16,0.36,0.00,40.92
0011.jpg,ca sĩ Quang Lập,False,6.93,0.00,0.00,0.00,0.00,6.93
0013.jpg,ca sĩ Quang Lập,True,7.06,1.02,21.20,0.37,0.00,29.65
0014.jpg,ca sĩ Quang Lập,True,6.04,0.96,21.88,0.39,0.00,29.26
0017.jpg,ca sĩ Quang Lập,True,6.44,1.37,23.06,0.40,0.00,31.27
0019.jpg,ca sĩ Quang Lập,True,7.01,1.22,22.19,0.73,0.00,31.16
0022.jpg,ca sĩ Quang Lập,True,10.59,1.08,23.49,0.62,0.00,35.78
0023.jpg,ca sĩ Quang Lập,True,8.91,1.34,23.47,0.39,0.00,34.12
0024.jpg,ca sĩ Quang Lập,True,8.06,1.46,21.03,0.39,0.00,30.94
0026.jpg,ca sĩ Quang Lập,True,7.01,0.97,24.69,0.32,0.00,32.99
0027.jpg,ca sĩ Quang Lập,True,8.06,1.02,19.81,0.39,0.00,29.27
0034.jpg,ca sĩ Quang Lập,True,12.54,1.33,23.63,0.38,0.00,37.88
0035.jpg,ca sĩ Quang Lập,True,6.62,0.94,24.20,0.35,0.00,32.11
0038.jpg,ca sĩ Quang Lập,True,10.12,1.01,20.90,0.39,0.00,32.41
0040.jpg,ca sĩ Quang Lập,True,9.05,0.96,21.32,0.36,0.00,31.68
0001.jpg,ca sĩ Quang Lê,True,7.06,1.21,21.81,0.40,0.00,30.48
0004.jpg,ca sĩ Quang Lê,True,6.53,1.19,21.76,0.39,0.00,29.87
0005.jpg,ca sĩ Quang Lê,True,6.55,0.55,22.22,0.39,0.00,29.71
0006.jpg,ca sĩ Quang Lê,True,6.49,1.00,22.29,0.78,0.00,30.56
0007.jpg,ca sĩ Quang Lê,True,10.96,0.54,21.95,0.40,0.00,33.84
0008.jpg,ca sĩ Quang Lê,True,7.75,0.05,21.74,0.38,0.00,29.92
0009.jpg,ca sĩ Quang Lê,True,7.92,1.38,22.79,0.39,0.00,32.48
0010.jpg,ca sĩ Quang Lê,True,6.51,1.03,20.96,0.35,0.00,28.86
0011.jpg,ca sĩ Quang Lê,True,6.77,1.13,25.59,0.60,0.00,34.09
0012.jpg,ca sĩ Quang Lê,True,8.59,1.28,23.07,0.36,0.00,33.31
0013.jpg,ca sĩ Quang Lê,True,7.85,1.08,25.13,0.34,0.00,34.40
0015.jpg,ca sĩ Quang Lê,True,19.00,1.42,24.55,0.45,0.00,45.42
0016.jpg,ca sĩ Quang Lê,True,12.10,0.89,24.06,0.38,0.00,37.43
0017.jpg,ca sĩ Quang Lê,True,7.26,1.13,24.47,0.41,0.00,33.28
0019.jpg,ca sĩ Quang Lê,True,6.92,1.41,25.30,0.43,0.00,34.06
0020.jpg,ca sĩ Quang Lê,True,7.37,1.05,24.72,0.37,0.00,33.51
0023.jpg,ca sĩ Quang Lê,True,7.86,1.37,26.16,0.44,0.00,35.82
0024.jpg,ca sĩ Quang Lê,True,8.00,1.11,24.27,0.56,0.00,33.94
0025.jpg,ca sĩ Quang Lê,True,7.17,0.51,25.45,1.08,0.00,34.22
0026.jpg,ca sĩ Quang Lê,True,10.66,1.19,23.15,0.79,0.00,35.79
0029.jpg,ca sĩ Quang Lê,True,6.80,1.10,19.95,0.40,0.00,28.25
0030.jpg,ca sĩ Quang Lê,True,6.41,1.00,22.01,0.63,0.00,30.05
0031.jpg,ca sĩ Quang Lê,True,7.11,2.93,21.06,0.36,0.00,31.46
0032.jpg,ca sĩ Quang Lê,True,6.51,1.05,21.20,0.34,0.00,29.11
0033.jpg,ca sĩ Quang Lê,True,6.70,1.21,22.02,0.34,0.00,30.27
0035.jpg,ca sĩ Quang Lê,True,7.63,0.04,21.35,0.37,0.00,29.40
0036.jpg,ca sĩ Quang Lê,True,7.97,1.25,21.17,0.39,0.00,30.77
0037.jpg,ca sĩ Quang Lê,True,6.82,1.23,19.78,0.34,0.00,28.17
0038.jpg,ca sĩ Quang Lê,True,6.02,1.24,21.97,0.36,0.00,29.59
0039.jpg,ca sĩ Quang Lê,True,6.41,1.08,21.48,0.37,0.00,29.34
0041.jpg,ca sĩ Quang Lê,True,6.37,1.46,20.07,0.35,0.00,28.25
0046.jpg,ca sĩ Quang Lê,True,6.51,1.01,20.57,0.40,0.00,28.49
0001.jpg,ca sĩ Rhymastic,True,6.30,1.28,19.10,0.32,0.00,27.00
0002.jpg,ca sĩ Rhymastic,True,6.99,1.17,18.76,0.32,0.00,27.24
0004.jpg,ca sĩ Rhymastic,True,6.96,1.08,24.93,0.37,0.00,33.35
0005.jpg,ca sĩ Rhymastic,True,8.08,1.43,22.91,0.35,0.00,32.77
0006.jpg,ca sĩ Rhymastic,True,6.82,1.13,20.40,0.38,0.00,28.73
0009.jpg,ca sĩ Rhymastic,True,9.69,1.10,22.26,0.30,0.00,33.35
0010.jpg,ca sĩ Rhymastic,False,9.84,0.00,0.00,0.00,0.00,9.84
0013.jpg,ca sĩ Rhymastic,True,8.80,1.38,21.74,0.35,0.00,32.26
0014.jpg,ca sĩ Rhymastic,True,6.83,1.01,22.24,0.37,0.00,30.45
0015.jpg,ca sĩ Rhymastic,True,7.79,1.02,23.91,0.43,0.00,33.15
0016.jpg,ca sĩ Rhymastic,True,9.12,0.06,23.04,0.45,0.00,32.67
0020.jpg,ca sĩ Rhymastic,True,6.81,1.08,20.82,0.38,0.00,29.10
0022.jpg,ca sĩ Rhymastic,True,8.08,0.60,23.78,0.43,0.00,32.89
0023.jpg,ca sĩ Rhymastic,True,8.02,0.60,25.22,0.38,0.00,34.22
0025.jpg,ca sĩ Rhymastic,True,8.33,1.12,22.70,0.40,0.00,32.55
0026.jpg,ca sĩ Rhymastic,True,8.61,1.25,22.71,0.38,0.00,32.95
0028.jpg,ca sĩ Rhymastic,True,6.84,1.23,22.41,0.41,0.00,30.89
0029.jpg,ca sĩ Rhymastic,True,9.87,1.30,21.32,0.37,0.00,32.87
0030.jpg,ca sĩ Rhymastic,True,7.52,1.55,25.15,0.33,0.00,34.56
0031.jpg,ca sĩ Rhymastic,True,7.58,0.64,25.23,0.37,0.00,33.81
0001.jpg,ca sĩ S.T Sơn Thạch,True,7.01,1.11,23.25,0.36,0.00,31.72
0005.jpg,ca sĩ S.T Sơn Thạch,True,8.19,1.10,23.22,0.37,0.00,32.89
0006.jpg,ca sĩ S.T Sơn Thạch,True,8.88,1.32,26.97,0.44,0.00,37.61
0007.jpg,ca sĩ S.T Sơn Thạch,True,7.27,1.51,26.07,0.36,0.00,35.22
0008.jpg,ca sĩ S.T Sơn Thạch,True,8.93,1.47,24.08,0.85,0.00,35.34
0009.jpg,ca sĩ S.T Sơn Thạch,True,10.28,1.55,23.88,0.53,0.00,36.24
0010.jpg,ca sĩ S.T Sơn Thạch,True,9.00,1.08,22.03,0.45,0.00,32.57
0012.jpg,ca sĩ S.T Sơn Thạch,True,7.12,1.36,23.22,0.52,0.00,32.23
0013.jpg,ca sĩ S.T Sơn Thạch,True,6.54,1.09,24.18,0.41,0.00,32.23
0015.jpg,ca sĩ S.T Sơn Thạch,True,6.59,1.24,23.82,0.52,0.00,32.18
0017.jpg,ca sĩ S.T Sơn Thạch,True,6.96,1.26,23.33,0.48,0.00,32.02
0018.jpg,ca sĩ S.T Sơn Thạch,True,7.05,1.22,24.84,0.39,0.00,33.50
0019.jpg,ca sĩ S.T Sơn Thạch,True,7.48,1.34,21.67,0.36,0.00,30.86
0021.jpg,ca sĩ S.T Sơn Thạch,True,7.31,0.06,22.70,0.39,0.00,30.45
0024.jpg,ca sĩ S.T Sơn Thạch,True,7.46,1.26,25.25,0.59,0.00,34.56
0025.jpg,ca sĩ S.T Sơn Thạch,True,12.44,1.34,28.64,0.50,0.00,42.93
0026.jpg,ca sĩ S.T Sơn Thạch,True,7.47,1.12,23.94,0.38,0.00,32.92
0027.jpg,ca sĩ S.T Sơn Thạch,True,7.46,1.33,23.24,0.41,0.00,32.44
0028.jpg,ca sĩ S.T Sơn Thạch,True,6.48,1.17,22.95,0.39,0.00,30.99
0029.jpg,ca sĩ S.T Sơn Thạch,True,7.83,1.11,22.02,0.40,0.00,31.36
0031.jpg,ca sĩ S.T Sơn Thạch,True,7.39,1.75,23.04,0.40,0.00,32.58
0032.jpg,ca sĩ S.T Sơn Thạch,True,11.89,1.20,22.67,0.40,0.00,36.15
0033.jpg,ca sĩ S.T Sơn Thạch,True,8.49,1.09,28.14,0.44,0.00,38.16
0034.jpg,ca sĩ S.T Sơn Thạch,True,9.70,1.73,28.07,0.41,0.00,39.91
0035.jpg,ca sĩ S.T Sơn Thạch,True,8.53,1.28,24.67,0.45,0.00,34.93
0036.jpg,ca sĩ S.T Sơn Thạch,True,7.78,1.46,26.09,0.42,0.00,35.75
0038.jpg,ca sĩ S.T Sơn Thạch,True,6.89,1.31,25.31,0.47,0.00,33.98
0039.jpg,ca sĩ S.T Sơn Thạch,True,13.01,2.08,30.12,0.47,0.00,45.68
0040.jpg,ca sĩ S.T Sơn Thạch,True,10.50,1.53,28.46,0.45,0.00,40.93
0001.jpg,ca sĩ Saka Trương Tuyền,True,9.15,1.70,28.34,0.42,0.00,39.61
0002.jpg,ca sĩ Saka Trương Tuyền,True,21.44,0.75,29.74,0.42,0.00,52.35
0003.jpg,ca sĩ Saka Trương Tuyền,True,8.65,1.47,46.58,2.91,0.00,59.61
0004.jpg,ca sĩ Saka Trương Tuyền,True,7.80,1.40,25.01,0.44,0.00,34.65
0005.jpg,ca sĩ Saka Trương Tuyền,False,9.72,0.00,0.00,0.00,0.00,9.72
0007.jpg,ca sĩ Saka Trương Tuyền,True,18.83,1.74,32.37,0.55,0.00,53.49
0009.jpg,ca sĩ Saka Trương Tuyền,True,10.66,1.51,26.74,0.88,0.00,39.78
0010.jpg,ca sĩ Saka Trương Tuyền,True,9.44,1.36,27.45,0.59,0.00,38.85
0011.jpg,ca sĩ Saka Trương Tuyền,True,7.77,1.81,27.55,0.40,0.00,37.54
0012.jpg,ca sĩ Saka Trương Tuyền,True,8.05,1.33,24.53,0.44,0.00,34.36
0013.jpg,ca sĩ Saka Trương Tuyền,True,7.96,1.23,22.76,0.42,0.00,32.37
0014.jpg,ca sĩ Saka Trương Tuyền,True,9.10,1.39,23.51,0.41,0.00,34.42
0015.jpg,ca sĩ Saka Trương Tuyền,True,8.74,1.49,23.88,0.40,0.00,34.51
0016.jpg,ca sĩ Saka Trương Tuyền,True,11.87,1.53,25.32,0.34,0.00,39.07
0017.jpg,ca sĩ Saka Trương Tuyền,True,7.77,1.25,26.00,0.40,0.00,35.43
0018.jpg,ca sĩ Saka Trương Tuyền,True,9.22,1.84,28.41,0.38,0.00,39.85
0019.jpg,ca sĩ Saka Trương Tuyền,True,8.70,1.56,25.86,0.42,0.00,36.54
0020.jpg,ca sĩ Saka Trương Tuyền,True,7.25,0.55,23.81,0.39,0.00,32.01
0023.jpg,ca sĩ Saka Trương Tuyền,True,8.41,1.25,22.99,0.40,0.00,33.05
0026.jpg,ca sĩ Saka Trương Tuyền,True,9.77,1.42,28.07,0.79,0.00,40.05
0027.jpg,ca sĩ Saka Trương Tuyền,True,8.35,0.63,24.95,0.44,0.00,34.37
0029.jpg,ca sĩ Saka Trương Tuyền,True,7.92,1.23,24.75,0.47,0.00,34.36
0030.jpg,ca sĩ Saka Trương Tuyền,True,8.00,1.44,26.01,0.44,0.00,35.89
0031.jpg,ca sĩ Saka Trương Tuyền,True,8.06,1.33,22.33,0.38,0.00,32.10
0032.jpg,ca sĩ Saka Trương Tuyền,True,7.63,1.41,24.74,0.45,0.00,34.22
0033.jpg,ca sĩ Saka Trương Tuyền,True,10.21,1.53,29.71,0.79,0.00,42.25
0036.jpg,ca sĩ Saka Trương Tuyền,True,9.48,1.19,26.28,0.41,0.00,37.35
0003.jpg,ca sĩ Sĩ Thanh,True,9.54,1.48,25.59,0.44,0.00,37.05
0004.jpg,ca sĩ Sĩ Thanh,True,7.19,1.40,25.89,0.54,0.00,35.03
0006.jpg,ca sĩ Sĩ Thanh,True,8.02,1.67,24.51,0.43,0.00,34.63
0007.jpg,ca sĩ Sĩ Thanh,True,7.89,1.07,22.79,0.38,0.00,32.13
0008.jpg,ca sĩ Sĩ Thanh,True,7.27,1.08,22.74,0.34,0.00,31.44
0009.jpg,ca sĩ Sĩ Thanh,True,6.80,1.19,25.59,0.42,0.00,34.00
0010.jpg,ca sĩ Sĩ Thanh,True,9.57,1.28,26.34,9.12,0.00,46.31
0013.jpg,ca sĩ Sĩ Thanh,True,8.15,1.03,31.04,2.77,0.00,42.99
0014.jpg,ca sĩ Sĩ Thanh,True,10.05,2.42,38.99,0.41,0.00,51.87
0017.jpg,ca sĩ Sĩ Thanh,True,8.69,1.31,25.21,0.43,0.00,35.63
0018.jpg,ca sĩ Sĩ Thanh,True,8.80,1.14,24.49,0.52,0.00,34.94
0019.jpg,ca sĩ Sĩ Thanh,True,9.55,1.10,25.68,0.45,0.00,36.79
0020.jpg,ca sĩ Sĩ Thanh,True,8.93,0.06,24.82,0.71,0.00,34.52
0021.jpg,ca sĩ Sĩ Thanh,True,8.66,1.41,29.83,0.38,0.00,40.28
0025.jpg,ca sĩ Sĩ Thanh,True,7.07,1.23,22.83,0.37,0.00,31.50
0026.jpg,ca sĩ Sĩ Thanh,True,11.21,1.22,24.36,0.52,0.00,37.32
0028.jpg,ca sĩ Sĩ Thanh,True,7.88,1.16,23.71,0.42,0.00,33.18
0029.jpg,ca sĩ Sĩ Thanh,True,6.80,1.05,22.23,0.44,0.00,30.53
0030.jpg,ca sĩ Sĩ Thanh,True,11.83,1.71,25.25,0.46,0.00,39.25
0031.jpg,ca sĩ Sĩ Thanh,True,10.20,1.50,24.08,0.41,0.00,36.20
0037.jpg,ca sĩ Sĩ Thanh,True,8.40,1.54,27.49,0.42,0.00,37.85
0039.jpg,ca sĩ Sĩ Thanh,True,16.18,0.82,33.00,0.44,0.00,50.44
0041.jpg,ca sĩ Sĩ Thanh,True,9.84,1.33,25.01,0.45,0.00,36.63
0042.jpg,ca sĩ Sĩ Thanh,True,12.17,1.68,29.16,0.39,0.00,43.40
0045.jpg,ca sĩ Sĩ Thanh,True,10.05,2.12,30.60,0.45,0.00,43.23
0001.jpg,ca sĩ Soobin,True,15.25,1.29,25.97,0.48,0.00,42.99
0002.jpg,ca sĩ Soobin,True,11.55,2.04,34.66,0.94,0.00,49.20
0005.jpg,ca sĩ Soobin,True,11.61,0.06,25.97,0.39,0.00,38.03
0007.jpg,ca sĩ Soobin,True,8.39,1.31,26.49,0.46,0.00,36.65
0009.jpg,ca sĩ Soobin,True,8.58,1.17,23.67,0.44,0.00,33.86
0012.jpg,ca sĩ Soobin,True,10.56,1.50,24.05,0.42,0.00,36.54
0014.jpg,ca sĩ Soobin,True,7.75,1.49,25.93,0.51,0.00,35.68
0017.jpg,ca sĩ Soobin,True,8.33,1.56,26.31,0.54,0.00,36.74
0019.jpg,ca sĩ Soobin,True,6.92,1.28,25.66,0.46,0.00,34.32
0021.jpg,ca sĩ Soobin,True,7.36,1.20,26.11,0.42,0.00,35.10
0022.jpg,ca sĩ Soobin,True,7.41,1.49,22.34,0.43,0.00,31.66
0028.jpg,ca sĩ Soobin,True,6.64,1.21,23.69,0.40,0.00,31.94
0031.jpg,ca sĩ Soobin,True,7.29,1.12,22.11,0.35,0.00,30.86
0032.jpg,ca sĩ Soobin,True,7.88,0.07,24.70,0.43,0.00,33.09
0033.jpg,ca sĩ Soobin,True,7.90,1.44,23.05,0.53,0.00,32.92
0035.jpg,ca sĩ Soobin,True,7.89,1.30,22.99,0.43,0.00,32.61
0038.jpg,ca sĩ Soobin,True,7.26,1.28,22.25,0.37,0.00,31.16
0041.jpg,ca sĩ Soobin,True,7.56,1.14,22.87,0.39,0.00,31.95
0001.jpg,ca sĩ Soobin Hoàng Sơn,True,7.73,1.27,21.50,0.50,0.00,31.00
0004.jpg,ca sĩ Soobin Hoàng Sơn,True,6.76,0.51,21.54,0.49,0.00,29.30
0007.jpg,ca sĩ Soobin Hoàng Sơn,True,10.96,1.15,21.34,0.38,0.00,33.83
0008.jpg,ca sĩ Soobin Hoàng Sơn,True,8.11,1.32,25.24,0.34,0.00,35.00
0012.jpg,ca sĩ Soobin Hoàng Sơn,True,7.36,1.27,22.80,0.35,0.00,31.78
0014.jpg,ca sĩ Soobin Hoàng Sơn,True,6.57,0.05,22.07,0.32,0.00,29.00
0015.jpg,ca sĩ Soobin Hoàng Sơn,True,5.68,1.10,23.77,0.38,0.00,30.92
0016.jpg,ca sĩ Soobin Hoàng Sơn,True,6.88,1.19,21.18,0.38,0.00,29.63
0019.jpg,ca sĩ Soobin Hoàng Sơn,True,6.55,1.21,21.45,0.30,0.00,29.52
0020.jpg,ca sĩ Soobin Hoàng Sơn,True,7.45,1.08,21.66,0.35,0.00,30.55
0022.jpg,ca sĩ Soobin Hoàng Sơn,True,7.80,1.29,21.68,0.40,0.00,31.17
0024.jpg,ca sĩ Soobin Hoàng Sơn,True,6.84,0.55,21.09,0.36,0.00,28.84
0030.jpg,ca sĩ Soobin Hoàng Sơn,True,6.64,1.10,22.33,0.40,0.00,30.48
0033.jpg,ca sĩ Soobin Hoàng Sơn,True,6.12,1.07,20.38,0.37,0.00,27.94
0034.jpg,ca sĩ Soobin Hoàng Sơn,True,5.55,0.05,22.39,0.37,0.00,28.36
0036.jpg,ca sĩ Soobin Hoàng Sơn,True,6.41,1.15,21.06,0.39,0.00,29.01
0040.jpg,ca sĩ Soobin Hoàng Sơn,True,7.41,1.11,20.40,0.37,0.00,29.29
0041.jpg,ca sĩ Soobin Hoàng Sơn,True,20.23,1.27,23.14,0.52,0.00,45.16
0042.jpg,ca sĩ Soobin Hoàng Sơn,True,7.25,1.29,25.02,0.38,0.00,33.94
0003.jpg,ca sĩ Sơn Tùng,True,11.19,1.07,24.79,0.40,0.00,37.45
0008.jpg,ca sĩ Sơn Tùng,True,7.28,0.06,23.41,0.40,0.00,31.14
0009.jpg,ca sĩ Sơn Tùng,True,6.50,1.24,20.59,0.36,0.00,28.70
0010.jpg,ca sĩ Sơn Tùng,True,6.65,1.12,20.91,0.35,0.00,29.03
0011.jpg,ca sĩ Sơn Tùng,True,6.79,1.20,20.81,0.40,0.00,29.21
0012.jpg,ca sĩ Sơn Tùng,True,7.00,1.26,22.33,0.34,0.00,30.93
0013.jpg,ca sĩ Sơn Tùng,True,6.36,1.17,20.82,0.42,0.00,28.77
0016.jpg,ca sĩ Sơn Tùng,True,6.34,1.13,21.55,0.36,0.00,29.38
0017.jpg,ca sĩ Sơn Tùng,True,6.47,1.28,19.40,0.39,0.00,27.55
0018.jpg,ca sĩ Sơn Tùng,True,6.94,0.05,21.35,0.39,0.00,28.74
0020.jpg,ca sĩ Sơn Tùng,True,8.05,1.40,21.18,0.38,0.00,31.02
0021.jpg,ca sĩ Sơn Tùng,True,6.98,1.11,21.00,0.38,0.00,29.46
0022.jpg,ca sĩ Sơn Tùng,True,6.31,1.30,22.82,0.41,0.00,30.84
0025.jpg,ca sĩ Sơn Tùng,True,6.56,0.05,22.03,0.38,0.00,29.02
0026.jpg,ca sĩ Sơn Tùng,True,7.38,1.22,22.23,0.36,0.00,31.19
0027.jpg,ca sĩ Sơn Tùng,True,6.44,1.28,20.78,0.36,0.00,28.87
0028.jpg,ca sĩ Sơn Tùng,True,7.40,1.12,20.23,0.37,0.00,29.13
0030.jpg,ca sĩ Sơn Tùng,True,7.31,0.55,20.80,0.38,0.00,29.04
0032.jpg,ca sĩ Sơn Tùng,True,7.37,1.44,21.90,0.37,0.00,31.09
0033.jpg,ca sĩ Sơn Tùng,True,7.59,0.06,21.89,0.38,0.00,29.92
0035.jpg,ca sĩ Sơn Tùng,True,6.88,0.96,21.04,0.39,0.00,29.27
0036.jpg,ca sĩ Sơn Tùng,True,7.05,1.17,19.85,0.38,0.00,28.45
0037.jpg,ca sĩ Sơn Tùng,True,7.46,1.05,21.64,0.36,0.00,30.51
0044.jpg,ca sĩ Sơn Tùng,True,7.67,1.17,22.06,0.39,0.00,31.29
0045.jpg,ca sĩ Sơn Tùng,True,6.29,1.10,20.50,0.42,0.00,28.32
0046.jpg,ca sĩ Sơn Tùng,True,7.03,1.10,22.61,0.44,0.00,31.19
0047.jpg,ca sĩ Sơn Tùng,True,6.74,1.07,23.65,0.39,0.00,31.85
0002.jpg,ca sĩ Suboi,False,7.44,0.00,0.00,0.00,0.00,7.44
0003.jpg,ca sĩ Suboi,True,6.88,1.16,24.99,0.43,0.00,33.46
0004.jpg,ca sĩ Suboi,True,7.71,1.52,23.90,0.40,0.00,33.54
0006.jpg,ca sĩ Suboi,True,7.66,1.45,24.60,0.40,0.00,34.12
0007.jpg,ca sĩ Suboi,True,7.10,0.06,21.75,0.42,0.00,29.32
0008.jpg,ca sĩ Suboi,True,7.51,1.47,27.95,0.35,0.00,37.28
0009.jpg,ca sĩ Suboi,True,8.54,1.24,20.88,0.37,0.00,31.03
0010.jpg,ca sĩ Suboi,True,7.65,1.10,23.54,0.42,0.00,32.73
0011.jpg,ca sĩ Suboi,True,8.00,1.30,23.37,0.40,0.00,33.07
0012.jpg,ca sĩ Suboi,True,7.10,1.33,22.57,0.35,0.00,31.35
0013.jpg,ca sĩ Suboi,True,6.77,1.12,22.93,0.40,0.00,31.22
0015.jpg,ca sĩ Suboi,True,6.49,1.05,23.77,0.36,0.00,31.68
0016.jpg,ca sĩ Suboi,True,6.42,1.08,21.50,0.38,0.00,29.38
0018.jpg,ca sĩ Suboi,True,8.69,1.23,25.27,0.46,0.00,35.65
0019.jpg,ca sĩ Suboi,True,8.35,1.51,22.35,0.39,0.00,32.61
0022.jpg,ca sĩ Suboi,True,9.18,1.36,21.61,0.36,0.00,32.52
0023.jpg,ca sĩ Suboi,True,8.20,1.22,21.39,0.36,0.00,31.17
0024.jpg,ca sĩ Suboi,True,6.77,1.30,24.03,0.41,0.00,32.52
0025.jpg,ca sĩ Suboi,True,7.06,1.10,23.07,0.38,0.00,31.60
0026.jpg,ca sĩ Suboi,True,8.85,1.65,23.40,0.37,0.00,34.27
0027.jpg,ca sĩ Suboi,True,9.44,1.90,25.85,0.40,0.00,37.59
0030.jpg,ca sĩ Suboi,True,7.31,1.06,23.83,0.44,0.00,32.65
0031.jpg,ca sĩ Suboi,True,7.78,1.33,25.20,0.39,0.00,34.70
0032.jpg,ca sĩ Suboi,True,9.36,1.36,22.76,0.39,0.00,33.87
0033.jpg,ca sĩ Suboi,True,9.81,1.67,22.72,0.33,0.00,34.53
0001.jpg,ca sĩ Suni Hạ Linh,True,7.78,1.06,20.93,0.47,0.00,30.23
0006.jpg,ca sĩ Suni Hạ Linh,True,7.68,1.14,21.96,0.45,0.00,31.24
0010.jpg,ca sĩ Suni Hạ Linh,True,7.15,1.23,23.41,0.33,0.00,32.12
0011.jpg,ca sĩ Suni Hạ Linh,True,10.40,1.57,23.90,0.47,0.00,36.34
0016.jpg,ca sĩ Suni Hạ Linh,True,7.79,1.21,22.68,0.40,0.00,32.08
0017.jpg,ca sĩ Suni Hạ Linh,True,6.95,1.13,20.79,0.34,0.00,29.21
0018.jpg,ca sĩ Suni Hạ Linh,True,7.11,1.22,23.79,0.39,0.00,32.52
0019.jpg,ca sĩ Suni Hạ Linh,True,5.94,1.02,23.22,0.44,0.00,30.62
0020.jpg,ca sĩ Suni Hạ Linh,True,8.29,1.36,19.67,0.37,0.00,29.69
0021.jpg,ca sĩ Suni Hạ Linh,True,7.19,1.08,22.80,0.41,0.00,31.47
0022.jpg,ca sĩ Suni Hạ Linh,True,6.81,1.09,24.00,0.40,0.00,32.30
0023.jpg,ca sĩ Suni Hạ Linh,True,8.93,1.11,20.83,0.36,0.00,31.23
0024.jpg,ca sĩ Suni Hạ Linh,True,7.17,1.29,22.65,0.40,0.00,31.51
0026.jpg,ca sĩ Suni Hạ Linh,True,6.91,1.25,37.06,0.35,0.00,45.56
0030.jpg,ca sĩ Suni Hạ Linh,True,7.79,1.16,23.19,0.47,0.00,32.61
0031.jpg,ca sĩ Suni Hạ Linh,True,7.97,1.12,22.12,0.34,0.00,31.55
0033.jpg,ca sĩ Suni Hạ Linh,True,6.84,1.12,22.86,0.42,0.00,31.24
0035.jpg,ca sĩ Suni Hạ Linh,True,8.35,1.37,22.02,0.36,0.00,32.11
0036.jpg,ca sĩ Suni Hạ Linh,True,6.97,1.69,23.35,0.40,0.00,32.42
0037.jpg,ca sĩ Suni Hạ Linh,True,7.37,1.26,23.17,0.40,0.00,32.20
0039.jpg,ca sĩ Suni Hạ Linh,True,6.72,1.02,19.99,0.33,0.00,28.06
0001.jpg,ca sĩ Thanh Duy,True,6.57,1.18,22.45,0.40,0.00,30.60
0002.jpg,ca sĩ Thanh Duy,True,6.60,0.80,22.61,0.35,0.00,30.37
0003.jpg,ca sĩ Thanh Duy,True,6.00,1.28,19.55,0.35,0.00,27.19
0004.jpg,ca sĩ Thanh Duy,True,7.70,1.22,20.72,0.34,0.00,29.97
0006.jpg,ca sĩ Thanh Duy,True,5.77,1.04,20.88,0.40,0.00,28.10
0007.jpg,ca sĩ Thanh Duy,True,6.32,0.06,20.16,0.31,0.00,26.85
0008.jpg,ca sĩ Thanh Duy,True,7.01,1.22,20.05,0.31,0.00,28.59
0009.jpg,ca sĩ Thanh Duy,True,6.18,1.08,22.54,0.37,0.00,30.16
0010.jpg,ca sĩ Thanh Duy,True,6.27,1.01,21.51,0.37,0.00,29.16
0011.jpg,ca sĩ Thanh Duy,True,6.39,0.99,22.70,0.41,0.00,30.49
0012.jpg,ca sĩ Thanh Duy,True,8.12,1.33,21.07,0.39,0.00,30.91
0013.jpg,ca sĩ Thanh Duy,True,7.36,1.03,20.06,0.37,0.00,28.82
0014.jpg,ca sĩ Thanh Duy,True,6.43,1.18,19.96,0.39,0.00,27.96
0015.jpg,ca sĩ Thanh Duy,True,7.51,1.14,20.70,0.37,0.00,29.73
0016.jpg,ca sĩ Thanh Duy,True,7.68,1.28,21.74,0.44,0.00,31.14
0017.jpg,ca sĩ Thanh Duy,True,6.54,1.04,21.38,0.38,0.00,29.34
0018.jpg,ca sĩ Thanh Duy,True,10.88,1.11,20.21,0.32,0.00,32.52
0019.jpg,ca sĩ Thanh Duy,True,7.78,0.06,22.19,0.41,0.00,30.44
0021.jpg,ca sĩ Thanh Duy,True,7.48,1.06,18.88,0.36,0.00,27.78
0022.jpg,ca sĩ Thanh Duy,True,8.52,1.24,19.35,0.32,0.00,29.43
0024.jpg,ca sĩ Thanh Duy,True,11.23,1.00,20.58,0.30,0.00,33.12
0027.jpg,ca sĩ Thanh Duy,True,7.01,1.04,20.82,0.37,0.00,29.24
0029.jpg,ca sĩ Thanh Duy,True,6.30,1.01,19.60,0.49,0.00,27.41
0030.jpg,ca sĩ Thanh Duy,True,6.55,1.29,22.50,0.38,0.00,30.72
0031.jpg,ca sĩ Thanh Duy,True,8.97,1.06,20.94,0.43,0.00,31.41
0033.jpg,ca sĩ Thanh Duy,True,6.90,1.19,18.64,0.34,0.00,27.08
0034.jpg,ca sĩ Thanh Duy,True,6.09,1.06,21.63,0.37,0.00,29.15
0035.jpg,ca sĩ Thanh Duy,True,6.74,1.22,21.11,0.39,0.00,29.45
0037.jpg,ca sĩ Thanh Duy,True,7.34,0.68,21.72,0.41,0.00,30.16
0039.jpg,ca sĩ Thanh Duy,True,7.16,1.32,21.42,0.61,0.00,30.51
0040.jpg,ca sĩ Thanh Duy,True,6.57,1.10,24.46,0.42,0.00,32.55
0041.jpg,ca sĩ Thanh Duy,True,7.08,1.33,22.19,0.36,0.00,30.96
0043.jpg,ca sĩ Thanh Duy,True,6.17,0.95,19.98,0.39,0.00,27.50
0044.jpg,ca sĩ Thanh Duy,True,6.26,1.15,23.58,0.37,0.00,31.35
0003.jpg,ca sĩ Thiều Bảo Trâm,True,6.49,1.24,21.39,0.38,0.00,29.50
0005.jpg,ca sĩ Thiều Bảo Trâm,True,9.10,1.10,49.43,28.21,0.00,87.85
0006.jpg,ca sĩ Thiều Bảo Trâm,True,11.89,1.27,44.37,0.35,0.00,57.88
0007.jpg,ca sĩ Thiều Bảo Trâm,True,10.35,1.28,28.38,6.65,0.00,46.66
0008.jpg,ca sĩ Thiều Bảo Trâm,True,10.66,1.12,24.01,0.32,0.00,36.12
0010.jpg,ca sĩ Thiều Bảo Trâm,True,10.96,1.18,24.97,0.36,0.00,37.46
0011.jpg,ca sĩ Thiều Bảo Trâm,True,10.92,0.97,22.24,0.40,0.00,34.54
0013.jpg,ca sĩ Thiều Bảo Trâm,True,5.92,0.98,20.18,0.35,0.00,27.43
0016.jpg,ca sĩ Thiều Bảo Trâm,True,6.31,0.49,20.81,0.39,0.00,27.99
0019.jpg,ca sĩ Thiều Bảo Trâm,True,6.66,1.05,20.97,0.33,0.00,29.01
0023.jpg,ca sĩ Thiều Bảo Trâm,True,6.41,1.13,20.54,0.33,0.00,28.41
0025.jpg,ca sĩ Thiều Bảo Trâm,True,6.70,1.34,23.32,0.37,0.00,31.73
0027.jpg,ca sĩ Thiều Bảo Trâm,True,7.68,1.16,21.12,0.74,0.00,30.70
0029.jpg,ca sĩ Thiều Bảo Trâm,True,6.40,1.16,20.05,0.33,0.00,27.94
0030.jpg,ca sĩ Thiều Bảo Trâm,True,6.27,1.15,22.72,0.38,0.00,30.53
0032.jpg,ca sĩ Thiều Bảo Trâm,True,10.40,0.46,43.03,36.99,0.00,90.89
0033.jpg,ca sĩ Thiều Bảo Trâm,True,15.15,1.24,37.77,14.37,0.00,68.54
0037.jpg,ca sĩ Thiều Bảo Trâm,True,10.88,1.03,21.03,0.52,0.00,33.45
0039.jpg,ca sĩ Thiều Bảo Trâm,True,6.60,0.96,22.46,0.38,0.00,30.40
0040.jpg,ca sĩ Thiều Bảo Trâm,True,8.86,0.05,21.82,0.41,0.00,31.15
0041.jpg,ca sĩ Thiều Bảo Trâm,True,11.53,1.15,20.66,0.32,0.00,33.66
0042.jpg,ca sĩ Thiều Bảo Trâm,True,8.61,0.98,19.19,0.38,0.00,29.16
0043.jpg,ca sĩ Thiều Bảo Trâm,True,6.36,1.18,21.50,0.38,0.00,29.43
0044.jpg,ca sĩ Thiều Bảo Trâm,True,6.90,1.11,23.07,0.35,0.00,31.43
0002.jpg,ca sĩ Thu Minh,True,7.94,0.48,21.94,0.33,0.00,30.68
0004.jpg,ca sĩ Thu Minh,True,9.12,1.16,22.88,0.34,0.00,33.50
0005.jpg,ca sĩ Thu Minh,True,6.38,1.22,23.21,0.53,0.00,31.34
0006.jpg,ca sĩ Thu Minh,True,7.90,1.18,24.19,0.36,0.00,33.64
0007.jpg,ca sĩ Thu Minh,True,6.00,0.97,23.85,0.81,0.00,31.62
0008.jpg,ca sĩ Thu Minh,True,9.85,1.19,20.88,0.39,0.00,32.31
0009.jpg,ca sĩ Thu Minh,True,6.24,1.16,24.05,0.40,0.00,31.86
0010.jpg,ca sĩ Thu Minh,True,10.34,1.25,29.53,0.63,0.00,41.75
0011.jpg,ca sĩ Thu Minh,True,8.51,1.16,22.35,0.55,0.00,32.57
0013.jpg,ca sĩ Thu Minh,True,6.20,1.12,25.21,0.52,0.00,33.05
0015.jpg,ca sĩ Thu Minh,True,6.83,1.12,21.83,0.62,0.00,30.40
0017.jpg,ca sĩ Thu Minh,True,6.78,1.22,19.85,0.36,0.00,28.21
0018.jpg,ca sĩ Thu Minh,True,6.83,0.95,20.64,0.31,0.00,28.73
0019.jpg,ca sĩ Thu Minh,True,5.84,1.15,18.72,0.32,0.00,26.03
0021.jpg,ca sĩ Thu Minh,True,6.42,0.94,19.01,0.32,0.00,26.69
0023.jpg,ca sĩ Thu Minh,True,6.40,0.89,21.94,1.92,0.00,31.16
0024.jpg,ca sĩ Thu Minh,True,5.28,0.91,19.63,0.36,0.00,26.18
0026.jpg,ca sĩ Thu Minh,True,5.89,1.10,19.86,0.40,0.00,27.25
0027.jpg,ca sĩ Thu Minh,True,5.69,1.32,20.66,0.36,0.00,28.03
0029.jpg,ca sĩ Thu Minh,True,5.71,1.24,19.27,0.30,0.00,26.52
0030.jpg,ca sĩ Thu Minh,True,7.88,0.05,18.98,0.50,0.00,27.40
0031.jpg,ca sĩ Thu Minh,True,7.74,1.18,23.67,0.53,0.00,33.13
0032.jpg,ca sĩ Thu Minh,True,7.97,1.08,23.06,0.36,0.00,32.48
0033.jpg,ca sĩ Thu Minh,True,7.03,1.38,21.35,0.37,0.00,30.14
0036.jpg,ca sĩ Thu Minh,True,6.60,0.71,19.44,0.34,0.00,27.09
0037.jpg,ca sĩ Thu Minh,True,6.67,0.98,20.94,0.33,0.00,28.93
0038.jpg,ca sĩ Thu Minh,True,5.21,0.94,19.23,0.30,0.00,25.69
0039.jpg,ca sĩ Thu Minh,True,6.24,0.93,18.91,0.33,0.00,26.42
0040.jpg,ca sĩ Thu Minh,True,6.65,1.14,19.85,0.54,0.00,28.18
0001.jpg,ca sĩ Thuỷ Tiên,True,6.49,1.17,21.22,0.34,0.00,29.22
0002.jpg,ca sĩ Thuỷ Tiên,True,7.24,1.19,20.37,0.32,0.00,29.12
0007.jpg,ca sĩ Thuỷ Tiên,True,7.37,1.18,20.72,0.35,0.00,29.63
0008.jpg,ca sĩ Thuỷ Tiên,True,5.97,1.11,24.69,0.37,0.00,32.13
0009.jpg,ca sĩ Thuỷ Tiên,True,7.65,2.43,21.06,0.49,0.00,31.63
0010.jpg,ca sĩ Thuỷ Tiên,True,7.04,1.16,21.66,0.32,0.00,30.19
0011.jpg,ca sĩ Thuỷ Tiên,True,5.94,0.98,20.54,0.36,0.00,27.82
0012.jpg,ca sĩ Thuỷ Tiên,True,6.11,1.07,21.01,0.38,0.00,28.56
0013.jpg,ca sĩ Thuỷ Tiên,True,5.76,1.22,20.43,0.36,0.00,27.78
0017.jpg,ca sĩ Thuỷ Tiên,True,7.64,1.86,20.29,0.39,0.00,30.18
0018.jpg,ca sĩ Thuỷ Tiên,True,9.40,1.04,19.90,0.38,0.00,30.72
0020.jpg,ca sĩ Thuỷ Tiên,True,8.20,1.47,19.87,0.49,0.00,30.04
0021.jpg,ca sĩ Thuỷ Tiên,True,6.25,0.97,21.44,0.37,0.00,29.03
0022.jpg,ca sĩ Thuỷ Tiên,True,6.69,1.21,20.78,0.36,0.00,29.05
0024.jpg,ca sĩ Thuỷ Tiên,True,6.48,1.12,20.15,0.32,0.00,28.06
0027.jpg,ca sĩ Thuỷ Tiên,True,6.41,1.23,18.46,0.34,0.00,26.44
0031.jpg,ca sĩ Thuỷ Tiên,True,11.75,1.11,28.98,0.34,0.00,42.18
0032.jpg,ca sĩ Thuỷ Tiên,True,7.15,1.14,20.94,0.38,0.00,29.62
0033.jpg,ca sĩ Thuỷ Tiên,True,9.47,1.32,33.76,0.47,0.00,45.02
0036.jpg,ca sĩ Thuỷ Tiên,True,8.76,2.71,20.61,0.43,0.00,32.51
0037.jpg,ca sĩ Thuỷ Tiên,True,6.02,1.00,19.78,0.35,0.00,27.15
0003.jpg,ca sĩ Thùy Chi,True,6.29,0.97,20.73,0.35,0.00,28.34
0004.jpg,ca sĩ Thùy Chi,True,7.14,0.94,20.17,0.34,0.00,28.60
0005.jpg,ca sĩ Thùy Chi,True,10.14,1.36,20.25,0.30,0.00,32.05
0006.jpg,ca sĩ Thùy Chi,True,7.59,0.88,18.71,0.29,0.00,27.48
0008.jpg,ca sĩ Thùy Chi,True,7.59,0.93,19.93,0.30,0.00,28.75
0011.jpg,ca sĩ Thùy Chi,True,6.44,1.05,18.62,0.32,0.00,26.44
0015.jpg,ca sĩ Thùy Chi,True,20.65,1.97,17.93,0.34,0.00,40.89
0016.jpg,ca sĩ Thùy Chi,True,5.71,1.21,17.57,0.31,0.00,24.81
0017.jpg,ca sĩ Thùy Chi,True,5.93,1.12,18.74,0.36,0.00,26.15
0019.jpg,ca sĩ Thùy Chi,True,6.01,1.10,19.23,0.30,0.00,26.64
0020.jpg,ca sĩ Thùy Chi,True,5.70,0.93,20.32,0.35,0.00,27.31
0021.jpg,ca sĩ Thùy Chi,True,5.63,1.23,17.91,0.29,0.00,25.06
0022.jpg,ca sĩ Thùy Chi,True,5.44,0.89,17.30,0.29,0.00,23.92
0023.jpg,ca sĩ Thùy Chi,True,7.28,1.43,20.13,0.32,0.00,29.15
0027.jpg,ca sĩ Thùy Chi,True,6.77,1.18,23.97,0.39,0.00,32.31
0029.jpg,ca sĩ Thùy Chi,True,8.56,1.02,21.49,0.38,0.00,31.45
0030.jpg,ca sĩ Thùy Chi,True,7.57,1.01,20.23,0.29,0.00,29.10
0031.jpg,ca sĩ Thùy Chi,True,11.89,1.65,22.13,0.36,0.00,36.03
0032.jpg,ca sĩ Thùy Chi,True,6.61,1.13,22.99,0.44,0.00,31.17
0035.jpg,ca sĩ Thùy Chi,True,7.57,1.02,19.26,0.34,0.00,28.19
0036.jpg,ca sĩ Thùy Chi,True,8.95,1.47,24.62,0.34,0.00,35.39
0037.jpg,ca sĩ Thùy Chi,True,7.75,0.98,20.58,0.37,0.00,29.68
0039.jpg,ca sĩ Thùy Chi,True,23.27,1.03,20.58,0.42,0.00,45.31
0041.jpg,ca sĩ Thùy Chi,True,8.08,1.25,21.85,0.40,0.00,31.58
0042.jpg,ca sĩ Thùy Chi,True,7.34,1.05,22.41,0.46,0.00,31.26
0044.jpg,ca sĩ Thùy Chi,True,9.06,1.00,20.04,0.41,0.00,30.51
0045.jpg,ca sĩ Thùy Chi,True,6.51,1.00,19.87,0.30,0.00,27.68
0046.jpg,ca sĩ Thùy Chi,True,6.33,1.20,20.72,0.33,0.00,28.58
0004.jpg,ca sĩ Thương Võ,True,6.38,1.08,22.66,0.30,0.00,30.42
0006.jpg,ca sĩ Thương Võ,True,5.54,1.16,19.62,0.30,0.00,26.61
0007.jpg,ca sĩ Thương Võ,True,6.02,1.00,37.61,0.33,0.00,44.95
0008.jpg,ca sĩ Thương Võ,True,6.30,0.96,20.53,0.34,0.00,28.13
0009.jpg,ca sĩ Thương Võ,True,6.21,1.07,17.58,0.33,0.00,25.19
0011.jpg,ca sĩ Thương Võ,True,6.39,1.15,21.19,0.36,0.00,29.10
0012.jpg,ca sĩ Thương Võ,True,7.88,1.08,22.57,0.33,0.00,31.86
0014.jpg,ca sĩ Thương Võ,True,8.79,1.08,21.17,0.38,0.00,31.42
0015.jpg,ca sĩ Thương Võ,True,8.10,0.93,21.47,0.35,0.00,30.85
0016.jpg,ca sĩ Thương Võ,True,9.43,0.95,22.94,0.37,0.00,33.70
0017.jpg,ca sĩ Thương Võ,True,8.76,1.21,23.55,0.40,0.00,33.92
0018.jpg,ca sĩ Thương Võ,True,7.66,1.03,20.14,0.33,0.00,29.16
0020.jpg,ca sĩ Thương Võ,True,7.73,0.52,21.69,0.36,0.00,30.30
0021.jpg,ca sĩ Thương Võ,True,9.11,1.22,22.38,0.35,0.00,33.06
0022.jpg,ca sĩ Thương Võ,True,6.95,1.51,19.82,0.44,0.00,28.72
0023.jpg,ca sĩ Thương Võ,True,14.41,1.04,22.48,0.32,0.00,38.26
0025.jpg,ca sĩ Thương Võ,True,7.68,0.97,22.71,0.38,0.00,31.74
0026.jpg,ca sĩ Thương Võ,True,9.37,1.00,21.67,0.37,0.00,32.41
0029.jpg,ca sĩ Thương Võ,True,9.01,1.68,22.57,0.31,0.00,33.56
0030.jpg,ca sĩ Thương Võ,True,8.63,1.09,20.99,0.31,0.00,31.02
0031.jpg,ca sĩ Thương Võ,True,6.54,1.02,21.35,0.31,0.00,29.22
0033.jpg,ca sĩ Thương Võ,True,7.89,1.27,20.73,0.36,0.00,30.24
0034.jpg,ca sĩ Thương Võ,True,10.38,1.17,21.99,0.30,0.00,33.84
0005.jpg,ca sĩ Tiết Chi Khiêm,True,6.80,1.12,20.70,0.32,0.00,28.94
0007.jpg,ca sĩ Tiết Chi Khiêm,True,6.52,0.51,20.78,0.36,0.00,28.17
0008.jpg,ca sĩ Tiết Chi Khiêm,True,7.69,0.58,20.52,0.32,0.00,29.12
0009.jpg,ca sĩ Tiết Chi Khiêm,True,6.94,1.13,23.13,0.37,0.00,31.58
0016.jpg,ca sĩ Tiết Chi Khiêm,True,11.66,1.24,22.73,0.37,0.00,35.99
0018.jpg,ca sĩ Tiết Chi Khiêm,True,9.28,0.47,25.48,0.44,0.00,35.68
0001.jpg,ca sĩ Tóc Tiên,True,7.02,1.43,20.21,0.36,0.00,29.02
0003.jpg,ca sĩ Tóc Tiên,True,7.28,1.33,20.96,0.36,0.00,29.94
0004.jpg,ca sĩ Tóc Tiên,True,7.49,1.16,21.14,0.36,0.00,30.15
0005.jpg,ca sĩ Tóc Tiên,True,7.86,1.22,21.37,0.34,0.00,30.80
0007.jpg,ca sĩ Tóc Tiên,True,8.84,1.28,21.65,0.30,0.00,32.07
0008.jpg,ca sĩ Tóc Tiên,True,7.81,1.32,21.64,0.32,0.00,31.09
0010.jpg,ca sĩ Tóc Tiên,True,7.02,0.98,20.96,0.30,0.00,29.26
0011.jpg,ca sĩ Tóc Tiên,True,8.09,1.25,20.82,0.37,0.00,30.53
0012.jpg,ca sĩ Tóc Tiên,True,8.92,1.15,20.69,0.34,0.00,31.11
0014.jpg,ca sĩ Tóc Tiên,True,9.88,1.26,21.53,0.35,0.00,33.02
0015.jpg,ca sĩ Tóc Tiên,True,6.53,1.24,29.20,0.30,0.00,37.27
0016.jpg,ca sĩ Tóc Tiên,True,6.58,1.07,20.19,0.33,0.00,28.17
0019.jpg,ca sĩ Tóc Tiên,True,6.82,1.08,19.03,0.30,0.00,27.22
0020.jpg,ca sĩ Tóc Tiên,True,5.97,1.13,18.51,0.32,0.00,25.93
0021.jpg,ca sĩ Tóc Tiên,True,5.85,0.95,19.49,0.31,0.00,26.60
0022.jpg,ca sĩ Tóc Tiên,True,6.68,0.49,19.63,0.66,0.00,27.47
0024.jpg,ca sĩ Tóc Tiên,True,6.14,0.93,17.76,0.29,0.00,25.12
0025.jpg,ca sĩ Tóc Tiên,True,7.22,1.12,19.10,0.28,0.00,27.72
0026.jpg,ca sĩ Tóc Tiên,True,5.90,1.15,19.67,0.56,0.00,27.29
0027.jpg,ca sĩ Tóc Tiên,True,5.76,1.15,21.54,0.36,0.00,28.81
0028.jpg,ca sĩ Tóc Tiên,True,7.79,1.13,19.67,0.33,0.00,28.92
0030.jpg,ca sĩ Tóc Tiên,True,5.39,0.92,19.42,0.40,0.00,26.13
0031.jpg,ca sĩ Tóc Tiên,True,7.81,1.44,19.60,0.35,0.00,29.20
0032.jpg,ca sĩ Tóc Tiên,True,7.74,0.54,19.87,0.31,0.00,28.46
0033.jpg,ca sĩ Tóc Tiên,True,7.20,1.18,20.04,0.33,0.00,28.74
0034.jpg,ca sĩ Tóc Tiên,True,8.43,0.87,19.69,0.30,0.00,29.30
0037.jpg,ca sĩ Tóc Tiên,True,9.80,1.13,19.75,0.33,0.00,31.02
0002.jpg,ca sĩ Trịnh Thăng Bình,True,6.12,1.14,20.99,0.35,0.00,28.61
0004.jpg,ca sĩ Trịnh Thăng Bình,True,6.71,1.15,19.88,0.33,0.00,28.08
0007.jpg,ca sĩ Trịnh Thăng Bình,True,6.88,1.12,20.25,0.33,0.00,28.58
0013.jpg,ca sĩ Trịnh Thăng Bình,True,5.35,1.36,18.16,0.34,0.00,25.21
0015.jpg,ca sĩ Trịnh Thăng Bình,True,5.68,1.15,17.62,0.58,0.00,25.04
0016.jpg,ca sĩ Trịnh Thăng Bình,True,6.37,1.08,20.24,0.32,0.00,28.01
0019.jpg,ca sĩ Trịnh Thăng Bình,True,5.67,0.42,18.85,0.33,0.00,25.27
0022.jpg,ca sĩ Trịnh Thăng Bình,True,5.44,0.90,20.17,0.36,0.00,26.88
0023.jpg,ca sĩ Trịnh Thăng Bình,True,12.85,1.31,20.75,0.55,0.00,35.46
0024.jpg,ca sĩ Trịnh Thăng Bình,True,10.02,1.51,24.53,0.38,0.00,36.44
0026.jpg,ca sĩ Trịnh Thăng Bình,True,16.30,0.93,20.54,0.40,0.00,38.18
0028.jpg,ca sĩ Trịnh Thăng Bình,True,10.35,1.60,23.80,0.56,0.00,36.31
0029.jpg,ca sĩ Trịnh Thăng Bình,True,8.46,1.12,22.32,0.38,0.00,32.28
0030.jpg,ca sĩ Trịnh Thăng Bình,True,10.68,1.03,23.36,0.79,0.00,35.85
0038.jpg,ca sĩ Trịnh Thăng Bình,True,9.33,1.22,23.64,0.36,0.00,34.55
0042.jpg,ca sĩ Trịnh Thăng Bình,True,10.07,0.07,22.38,0.33,0.00,32.85
0044.jpg,ca sĩ Trịnh Thăng Bình,True,9.07,1.05,36.46,1.21,0.00,47.79
0001.jpg,ca sĩ Trương Kiệt,True,5.72,1.16,38.18,0.44,0.00,45.50
0006.jpg,ca sĩ Trương Kiệt,True,6.97,0.86,27.05,0.61,0.00,35.48
0011.jpg,ca sĩ Trương Kiệt,True,8.08,1.06,18.71,0.32,0.00,28.18
0015.jpg,ca sĩ Trương Kiệt,False,8.91,0.00,0.00,0.00,0.00,8.91
0016.jpg,ca sĩ Trương Kiệt,True,8.74,2.38,22.46,0.95,0.00,34.54
0018.jpg,ca sĩ Trương Kiệt,True,6.75,0.04,54.59,4.00,0.00,65.38
0019.jpg,ca sĩ Trương Kiệt,True,30.37,2.22,89.46,12.90,0.00,134.95
0021.jpg,ca sĩ Trương Kiệt,True,24.61,1.19,84.67,5.91,0.00,116.38
0029.jpg,ca sĩ Trương Kiệt,True,9.55,1.05,43.58,0.33,0.00,54.51
0030.jpg,ca sĩ Trương Kiệt,True,9.66,1.36,21.11,0.70,0.00,32.82
0031.jpg,ca sĩ Trương Kiệt,True,7.89,1.82,26.21,0.29,0.00,36.22
0032.jpg,ca sĩ Trương Kiệt,True,6.65,1.04,30.80,1.59,0.00,40.08
0033.jpg,ca sĩ Trương Kiệt,True,9.22,1.07,24.39,1.47,0.00,36.15
0002.jpg,ca sĩ Trương Quỳnh Anh,True,7.59,1.14,20.83,0.33,0.00,29.88
0003.jpg,ca sĩ Trương Quỳnh Anh,True,6.81,0.92,16.11,0.26,0.00,24.10
0006.jpg,ca sĩ Trương Quỳnh Anh,True,6.42,0.98,18.35,0.31,0.00,26.06
0007.jpg,ca sĩ Trương Quỳnh Anh,True,5.27,0.89,17.21,0.32,0.00,23.69
0008.jpg,ca sĩ Trương Quỳnh Anh,True,6.30,0.86,18.09,0.30,0.00,25.55
0009.jpg,ca sĩ Trương Quỳnh Anh,True,6.81,0.98,20.91,0.75,0.00,29.45
0012.jpg,ca sĩ Trương Quỳnh Anh,True,9.66,1.01,22.65,0.88,0.00,34.20
0014.jpg,ca sĩ Trương Quỳnh Anh,True,6.83,0.97,17.94,0.29,0.00,26.03
0015.jpg,ca sĩ Trương Quỳnh Anh,True,11.33,1.09,18.28,0.31,0.00,31.00
0016.jpg,ca sĩ Trương Quỳnh Anh,True,10.34,1.00,18.81,0.42,0.00,30.57
0019.jpg,ca sĩ Trương Quỳnh Anh,True,8.73,0.96,21.80,0.34,0.00,31.83
0021.jpg,ca sĩ Trương Quỳnh Anh,True,7.01,1.01,19.21,0.30,0.00,27.53
0024.jpg,ca sĩ Trương Quỳnh Anh,True,7.33,1.04,19.66,0.41,0.00,28.45
0026.jpg,ca sĩ Trương Quỳnh Anh,True,7.88,0.98,17.30,0.27,0.00,26.44
0027.jpg,ca sĩ Trương Quỳnh Anh,True,5.88,0.91,18.57,2.47,0.00,27.83
0029.jpg,ca sĩ Trương Quỳnh Anh,True,4.64,1.03,18.04,0.32,0.00,24.03
0031.jpg,ca sĩ Trương Quỳnh Anh,True,5.36,0.92,16.68,0.30,0.00,23.27
0032.jpg,ca sĩ Trương Quỳnh Anh,True,5.67,1.10,17.64,0.29,0.00,24.70
0033.jpg,ca sĩ Trương Quỳnh Anh,True,5.18,0.88,17.54,0.30,0.00,23.91
0035.jpg,ca sĩ Trương Quỳnh Anh,True,5.30,1.05,18.90,0.31,0.00,25.57
0038.jpg,ca sĩ Trương Quỳnh Anh,True,7.00,0.90,18.48,0.38,0.00,26.76
0039.jpg,ca sĩ Trương Quỳnh Anh,True,5.81,1.06,17.58,0.33,0.00,24.79
0040.jpg,ca sĩ Trương Quỳnh Anh,True,6.85,1.13,18.90,0.27,0.00,27.15
0001.jpg,ca sĩ Trương Thế Vinh,True,6.17,1.51,17.08,0.29,0.00,25.05
0002.jpg,ca sĩ Trương Thế Vinh,True,7.00,1.11,18.30,0.34,0.00,26.76
0004.jpg,ca sĩ Trương Thế Vinh,True,5.87,1.10,18.84,0.33,0.00,26.14
0005.jpg,ca sĩ Trương Thế Vinh,True,5.67,1.03,19.43,0.34,0.00,26.48
0008.jpg,ca sĩ Trương Thế Vinh,True,8.51,1.10,20.72,0.46,0.00,30.78
0010.jpg,ca sĩ Trương Thế Vinh,True,6.29,1.07,17.72,0.28,0.00,25.36
0011.jpg,ca sĩ Trương Thế Vinh,True,5.78,1.06,19.68,0.35,0.00,26.88
0012.jpg,ca sĩ Trương Thế Vinh,True,6.05,0.99,20.67,0.34,0.00,28.05
0013.jpg,ca sĩ Trương Thế Vinh,True,7.48,0.95,20.43,0.35,0.00,29.20
0016.jpg,ca sĩ Trương Thế Vinh,True,11.27,1.25,19.68,0.32,0.00,32.53
0017.jpg,ca sĩ Trương Thế Vinh,True,8.19,1.10,23.01,0.35,0.00,32.66
0019.jpg,ca sĩ Trương Thế Vinh,True,6.83,1.01,22.26,0.42,0.00,30.52
0021.jpg,ca sĩ Trương Thế Vinh,True,6.89,0.97,21.19,0.52,0.00,29.58
0022.jpg,ca sĩ Trương Thế Vinh,True,6.46,1.18,27.92,0.58,0.00,36.14
0023.jpg,ca sĩ Trương Thế Vinh,True,7.65,1.21,21.79,0.37,0.00,31.02
0024.jpg,ca sĩ Trương Thế Vinh,True,8.09,0.94,22.12,0.42,0.00,31.56
0025.jpg,ca sĩ Trương Thế Vinh,True,9.70,1.04,20.83,0.33,0.00,31.90
0026.jpg,ca sĩ Trương Thế Vinh,True,5.94,1.23,19.26,0.37,0.00,26.79
0028.jpg,ca sĩ Trương Thế Vinh,True,6.95,0.42,19.71,0.35,0.00,27.44
0029.jpg,ca sĩ Trương Thế Vinh,True,6.79,1.17,21.78,0.37,0.00,30.11
0030.jpg,ca sĩ Trương Thế Vinh,True,19.98,9.81,32.44,1.20,0.00,63.42
0031.jpg,ca sĩ Trương Thế Vinh,True,10.08,1.13,22.25,0.63,0.00,34.08
0032.jpg,ca sĩ Trương Thế Vinh,True,8.11,1.13,22.70,0.34,0.00,32.28
0033.jpg,ca sĩ Trương Thế Vinh,True,10.21,3.44,27.64,0.36,0.00,41.66
0034.jpg,ca sĩ Trương Thế Vinh,True,7.14,0.92,23.58,0.85,0.00,32.50
0035.jpg,ca sĩ Trương Thế Vinh,True,8.52,1.13,24.81,0.86,0.00,35.31
0036.jpg,ca sĩ Trương Thế Vinh,True,8.37,1.41,22.21,0.51,0.00,32.50
0037.jpg,ca sĩ Trương Thế Vinh,True,7.56,0.98,20.37,2.92,0.00,31.83
0038.jpg,ca sĩ Trương Thế Vinh,True,8.12,1.26,20.93,0.37,0.00,30.69
0039.jpg,ca sĩ Trương Thế Vinh,True,12.63,1.41,24.74,0.46,0.00,39.23
0040.jpg,ca sĩ Trương Thế Vinh,True,13.08,4.76,25.11,0.55,0.01,43.51
0001.jpg,ca sĩ Tuấn Hưng,True,11.56,1.31,21.72,0.41,0.00,35.00
0002.jpg,ca sĩ Tuấn Hưng,True,10.71,1.31,24.18,0.30,0.00,36.51
0003.jpg,ca sĩ Tuấn Hưng,True,9.62,1.07,20.37,0.34,0.00,31.41
0004.jpg,ca sĩ Tuấn Hưng,True,6.24,0.06,21.24,0.39,0.00,27.93
0006.jpg,ca sĩ Tuấn Hưng,True,7.99,0.04,19.91,0.31,0.00,28.25
0008.jpg,ca sĩ Tuấn Hưng,True,6.54,1.15,20.18,0.36,0.00,28.23
0010.jpg,ca sĩ Tuấn Hưng,True,6.85,1.12,19.50,0.36,0.00,27.83
0011.jpg,ca sĩ Tuấn Hưng,True,7.53,1.07,21.26,0.37,0.00,30.24
0013.jpg,ca sĩ Tuấn Hưng,True,7.73,1.26,20.61,0.39,0.00,29.97
0014.jpg,ca sĩ Tuấn Hưng,True,8.88,1.28,24.01,0.39,0.00,34.56
0016.jpg,ca sĩ Tuấn Hưng,True,9.62,1.22,26.59,2.67,0.00,40.11
0018.jpg,ca sĩ Tuấn Hưng,True,13.21,3.79,24.89,0.48,0.00,42.37
0019.jpg,ca sĩ Tuấn Hưng,True,9.79,1.03,19.11,7.11,0.00,37.04
0020.jpg,ca sĩ Tuấn Hưng,True,6.98,1.11,20.64,0.28,0.00,29.01
0022.jpg,ca sĩ Tuấn Hưng,True,6.83,0.98,23.33,0.29,0.00,31.42
0023.jpg,ca sĩ Tuấn Hưng,True,9.63,1.03,22.39,0.29,0.00,33.34
0024.jpg,ca sĩ Tuấn Hưng,True,7.48,1.10,19.64,0.34,0.00,28.57
0025.jpg,ca sĩ Tuấn Hưng,True,8.94,0.06,20.44,0.35,0.00,29.79
0026.jpg,ca sĩ Tuấn Hưng,True,6.25,1.16,24.66,0.47,0.00,32.55
0027.jpg,ca sĩ Tuấn Hưng,True,7.02,1.17,18.85,0.52,0.00,27.55
0028.jpg,ca sĩ Tuấn Hưng,True,9.66,1.11,21.56,0.44,0.00,32.77
0029.jpg,ca sĩ Tuấn Hưng,True,6.79,1.11,19.01,0.41,0.00,27.32
0031.jpg,ca sĩ Tuấn Hưng,True,5.84,1.72,19.68,0.33,0.00,27.58
0032.jpg,ca sĩ Tuấn Hưng,True,6.91,1.16,20.06,0.34,0.00,28.46
0033.jpg,ca sĩ Tuấn Hưng,True,6.95,1.02,18.48,0.36,0.00,26.81
0036.jpg,ca sĩ Tuấn Hưng,True,5.94,0.96,22.41,0.30,0.00,29.60
0037.jpg,ca sĩ Tuấn Hưng,True,7.99,0.95,23.54,0.35,0.00,32.83
0038.jpg,ca sĩ Tuấn Hưng,True,6.27,0.96,19.65,0.85,0.00,27.74
0039.jpg,ca sĩ Tuấn Hưng,True,6.67,2.24,22.71,0.85,0.00,32.47
0040.jpg,ca sĩ Tuấn Hưng,True,16.83,0.99,22.25,0.34,0.00,40.42
0041.jpg,ca sĩ Tuấn Hưng,True,8.80,1.06,24.65,0.61,0.00,35.11
0043.jpg,ca sĩ Tuấn Hưng,True,7.65,0.97,20.07,0.48,0.00,29.18
0044.jpg,ca sĩ Tuấn Hưng,True,8.18,1.18,19.39,0.41,0.00,29.16
0045.jpg,ca sĩ Tuấn Hưng,True,6.65,1.06,36.21,0.35,0.00,44.27
0003.jpg,ca sĩ Ưng Hoàng Phúc,True,7.30,1.19,21.29,0.35,0.00,30.13
0005.jpg,ca sĩ Ưng Hoàng Phúc,True,7.32,0.97,21.32,0.38,0.00,29.98
0007.jpg,ca sĩ Ưng Hoàng Phúc,True,6.39,1.11,29.03,0.42,0.00,36.96
0008.jpg,ca sĩ Ưng Hoàng Phúc,True,11.52,1.43,25.72,1.27,0.00,39.94
0010.jpg,ca sĩ Ưng Hoàng Phúc,True,9.24,1.19,24.93,0.40,0.00,35.75
0011.jpg,ca sĩ Ưng Hoàng Phúc,True,7.64,1.29,23.76,0.40,0.00,33.09
0012.jpg,ca sĩ Ưng Hoàng Phúc,True,7.18,1.18,24.47,0.43,0.00,33.26
0014.jpg,ca sĩ Ưng Hoàng Phúc,True,7.76,1.26,23.19,0.37,0.00,32.58
0015.jpg,ca sĩ Ưng Hoàng Phúc,True,6.77,1.25,31.13,7.65,0.00,46.80
0017.jpg,ca sĩ Ưng Hoàng Phúc,True,89.14,6.27,77.16,0.62,0.00,173.19
0018.jpg,ca sĩ Ưng Hoàng Phúc,True,16.78,7.20,33.91,0.41,0.00,58.31
0020.jpg,ca sĩ Ưng Hoàng Phúc,True,11.88,1.55,24.03,0.38,0.00,37.84
0022.jpg,ca sĩ Ưng Hoàng Phúc,True,8.41,0.06,23.66,0.42,0.00,32.55
0023.jpg,ca sĩ Ưng Hoàng Phúc,True,20.46,5.30,28.98,0.55,0.00,55.28
0024.jpg,ca sĩ Ưng Hoàng Phúc,True,11.07,1.53,25.83,0.44,0.00,38.88
0025.jpg,ca sĩ Ưng Hoàng Phúc,True,8.51,1.82,27.38,0.42,0.00,38.13
0026.jpg,ca sĩ Ưng Hoàng Phúc,True,9.00,1.66,29.02,0.46,0.00,40.14
0028.jpg,ca sĩ Ưng Hoàng Phúc,True,9.95,1.28,28.47,0.48,0.00,40.19
0029.jpg,ca sĩ Ưng Hoàng Phúc,True,24.01,3.01,27.68,0.49,0.00,55.19
0031.jpg,ca sĩ Ưng Hoàng Phúc,True,10.23,1.39,31.67,0.56,0.00,43.85
0032.jpg,ca sĩ Ưng Hoàng Phúc,True,15.80,5.70,43.08,0.48,0.00,65.06
0034.jpg,ca sĩ Ưng Hoàng Phúc,True,9.31,1.90,30.07,0.45,0.00,41.73
0035.jpg,ca sĩ Ưng Hoàng Phúc,True,9.00,1.35,29.98,0.50,0.00,40.82
0036.jpg,ca sĩ Ưng Hoàng Phúc,True,10.24,2.32,28.07,0.49,0.00,41.11
0037.jpg,ca sĩ Ưng Hoàng Phúc,True,9.32,2.00,49.96,0.49,0.00,61.78
0038.jpg,ca sĩ Ưng Hoàng Phúc,True,11.03,1.24,28.00,0.54,0.00,40.81
0039.jpg,ca sĩ Ưng Hoàng Phúc,True,22.45,1.77,49.25,0.50,0.00,73.96
0040.jpg,ca sĩ Ưng Hoàng Phúc,True,11.38,1.56,30.08,0.46,0.00,43.49
0041.jpg,ca sĩ Ưng Hoàng Phúc,True,62.38,2.04,76.99,33.73,0.00,175.16
0042.jpg,ca sĩ Ưng Hoàng Phúc,True,16.64,1.64,46.61,0.42,0.00,65.31
0043.jpg,ca sĩ Ưng Hoàng Phúc,True,12.37,1.54,28.57,0.41,0.00,42.89
0044.jpg,ca sĩ Ưng Hoàng Phúc,True,11.05,1.24,26.66,0.46,0.00,39.42
0045.jpg,ca sĩ Ưng Hoàng Phúc,True,9.60,1.24,24.50,0.39,0.00,35.74
0046.jpg,ca sĩ Ưng Hoàng Phúc,True,11.47,1.24,23.58,0.38,0.00,36.68
0002.jpg,ca sĩ Vanh Leg,True,8.36,1.23,24.70,0.40,0.00,34.69
0003.jpg,ca sĩ Vanh Leg,True,9.88,0.94,24.16,0.40,0.00,35.38
0005.jpg,ca sĩ Vanh Leg,True,10.91,1.23,28.08,0.44,0.00,40.67
0006.jpg,ca sĩ Vanh Leg,True,14.45,1.18,26.10,0.42,0.00,42.14
0007.jpg,ca sĩ Vanh Leg,True,13.61,1.54,26.36,0.52,0.00,42.03
0008.jpg,ca sĩ Vanh Leg,True,10.00,1.21,27.85,5.08,0.00,44.14
0010.jpg,ca sĩ Vanh Leg,True,10.00,1.81,28.68,0.45,0.00,40.94
0011.jpg,ca sĩ Vanh Leg,True,12.87,1.63,26.68,0.51,0.00,41.70
0014.jpg,ca sĩ Vanh Leg,True,14.57,1.50,27.97,0.43,0.00,44.47
0015.jpg,ca sĩ Vanh Leg,True,9.21,1.41,32.73,0.60,0.00,43.96
0017.jpg,ca sĩ Vanh Leg,True,7.79,1.22,23.93,0.43,0.00,33.37
0018.jpg,ca sĩ Vanh Leg,True,10.13,2.38,25.67,0.37,0.00,38.54
0019.jpg,ca sĩ Vanh Leg,True,11.65,1.33,25.03,0.42,0.00,38.44
0020.jpg,ca sĩ Vanh Leg,True,14.23,1.82,21.70,0.38,0.00,38.13
0021.jpg,ca sĩ Vanh Leg,True,9.72,1.36,25.97,0.74,0.00,37.79
0023.jpg,ca sĩ Vanh Leg,True,7.85,1.18,25.45,0.43,0.00,34.91
0027.jpg,ca sĩ Vanh Leg,True,10.73,1.21,28.46,0.44,0.00,40.85
0030.jpg,ca sĩ Vanh Leg,True,26.62,1.19,27.78,1.02,0.00,56.60
0031.jpg,ca sĩ Vanh Leg,True,11.79,1.57,25.73,0.62,0.00,39.70
0035.jpg,ca sĩ Vanh Leg,True,9.81,1.51,25.64,0.53,0.00,37.49
0002.jpg,ca sĩ Văn Mai Hương,True,7.59,1.37,26.01,0.69,0.00,35.66
0003.jpg,ca sĩ Văn Mai Hương,True,10.00,1.50,25.88,0.45,0.00,37.83
0007.jpg,ca sĩ Văn Mai Hương,True,10.20,2.23,26.93,0.43,0.00,39.79
0008.jpg,ca sĩ Văn Mai Hương,True,8.34,1.44,26.97,0.56,0.00,37.31
0009.jpg,ca sĩ Văn Mai Hương,True,8.19,1.17,22.08,0.44,0.00,31.88
0010.jpg,ca sĩ Văn Mai Hương,False,7.27,0.00,0.00,0.00,0.00,7.27
0011.jpg,ca sĩ Văn Mai Hương,True,8.88,1.84,24.95,0.42,0.00,36.09
0016.jpg,ca sĩ Văn Mai Hương,True,7.38,1.22,23.34,0.36,0.00,32.31
0017.jpg,ca sĩ Văn Mai Hương,True,8.31,1.40,23.01,0.44,0.00,33.16
0018.jpg,ca sĩ Văn Mai Hương,True,7.67,1.32,26.34,0.34,0.00,35.66
0019.jpg,ca sĩ Văn Mai Hương,True,12.40,1.36,25.40,0.39,0.00,39.54
0022.jpg,ca sĩ Văn Mai Hương,True,13.19,1.57,26.08,0.44,0.00,41.28
0023.jpg,ca sĩ Văn Mai Hương,True,7.51,1.32,23.90,0.43,0.00,33.16
0024.jpg,ca sĩ Văn Mai Hương,True,12.15,1.32,31.55,0.50,0.00,45.52
0025.jpg,ca sĩ Văn Mai Hương,True,14.45,1.08,23.99,0.81,0.00,40.34
0026.jpg,ca sĩ Văn Mai Hương,True,7.65,1.52,26.82,3.00,0.00,39.00
0028.jpg,ca sĩ Văn Mai Hương,True,9.86,1.18,23.70,0.31,0.00,35.05
0034.jpg,ca sĩ Văn Mai Hương,True,8.65,1.11,25.54,0.47,0.00,35.77
0036.jpg,ca sĩ Văn Mai Hương,True,9.72,1.24,23.24,0.56,0.00,34.76
0037.jpg,ca sĩ Văn Mai Hương,True,12.51,2.69,58.97,0.45,0.00,74.62
0040.jpg,ca sĩ Văn Mai Hương,True,29.07,1.52,45.24,0.44,0.00,76.28
0041.jpg,ca sĩ Văn Mai Hương,True,8.30,2.14,26.17,0.38,0.00,37.00
0042.jpg,ca sĩ Văn Mai Hương,True,10.29,1.13,27.83,0.84,0.00,40.08
0043.jpg,ca sĩ Văn Mai Hương,True,12.62,1.45,25.66,0.36,0.00,40.09
0044.jpg,ca sĩ Văn Mai Hương,True,8.09,1.42,25.66,0.43,0.00,35.60
0046.jpg,ca sĩ Văn Mai Hương,True,7.28,0.06,25.52,0.40,0.00,33.27
0002.jpg,ca sĩ Việt Johan,True,9.89,1.23,28.18,0.47,0.00,39.78
0003.jpg,ca sĩ Việt Johan,True,10.34,1.40,27.44,0.65,0.00,39.83
0005.jpg,ca sĩ Việt Johan,True,9.31,1.79,28.04,0.39,0.00,39.52
0006.jpg,ca sĩ Việt Johan,True,10.91,1.62,27.75,0.41,0.00,40.70
0007.jpg,ca sĩ Việt Johan,True,9.32,1.77,25.66,0.36,0.00,37.11
0008.jpg,ca sĩ Việt Johan,True,9.23,1.20,28.90,0.36,0.00,39.69
0009.jpg,ca sĩ Việt Johan,True,9.06,1.45,27.35,0.46,0.00,38.31
0014.jpg,ca sĩ Việt Johan,True,7.17,1.43,23.83,0.45,0.00,32.88
0015.jpg,ca sĩ Việt Johan,True,7.42,1.13,22.12,0.49,0.00,31.16
0016.jpg,ca sĩ Việt Johan,True,7.54,1.42,24.77,0.42,0.00,34.15
0017.jpg,ca sĩ Việt Johan,True,6.73,0.51,23.15,0.40,0.00,30.80
0018.jpg,ca sĩ Việt Johan,True,11.77,1.30,22.85,0.38,0.01,36.31
0019.jpg,ca sĩ Việt Johan,True,7.29,1.19,25.00,0.38,0.00,33.86
0021.jpg,ca sĩ Việt Johan,True,7.66,1.34,24.42,0.41,0.00,33.84
0022.jpg,ca sĩ Việt Johan,True,7.88,1.20,26.89,0.47,0.00,36.44
0023.jpg,ca sĩ Việt Johan,True,7.77,1.46,24.79,0.41,0.00,34.42
0024.jpg,ca sĩ Việt Johan,True,8.28,1.42,24.30,0.48,0.00,34.48
0025.jpg,ca sĩ Việt Johan,True,7.96,1.01,21.92,0.40,0.00,31.29
0001.jpg,ca sĩ Vũ Cát Tường,True,6.93,1.14,22.94,0.39,0.00,31.41
0005.jpg,ca sĩ Vũ Cát Tường,True,6.92,1.15,22.50,0.40,0.00,30.96
0006.jpg,ca sĩ Vũ Cát Tường,True,7.98,1.45,20.96,0.34,0.00,30.72
0007.jpg,ca sĩ Vũ Cát Tường,True,7.61,1.13,22.42,0.42,0.00,31.58
0009.jpg,ca sĩ Vũ Cát Tường,True,8.61,1.09,21.08,0.42,0.00,31.20
0010.jpg,ca sĩ Vũ Cát Tường,True,7.34,1.19,20.99,0.36,0.00,29.89
0011.jpg,ca sĩ Vũ Cát Tường,True,8.22,1.16,22.63,0.37,0.00,32.39
0014.jpg,ca sĩ Vũ Cát Tường,True,10.44,2.07,24.84,0.47,0.00,37.82
0016.jpg,ca sĩ Vũ Cát Tường,True,14.63,1.28,27.01,0.53,0.00,43.44
0019.jpg,ca sĩ Vũ Cát Tường,True,8.86,1.37,24.98,0.40,0.00,35.62
0022.jpg,ca sĩ Vũ Cát Tường,True,7.47,1.84,27.72,0.48,0.00,37.52
0028.jpg,ca sĩ Vũ Cát Tường,True,16.17,1.77,31.66,0.49,0.00,50.09
0029.jpg,ca sĩ Vũ Cát Tường,True,11.73,1.26,23.46,0.59,0.00,37.03
0030.jpg,ca sĩ Vũ Cát Tường,True,8.15,1.40,24.04,0.32,0.00,33.91
0031.jpg,ca sĩ Vũ Cát Tường,True,7.77,1.86,22.55,0.33,0.00,32.51
0032.jpg,ca sĩ Vũ Cát Tường,True,10.54,1.67,24.31,0.65,0.00,37.18
0033.jpg,ca sĩ Vũ Cát Tường,True,9.67,1.36,30.39,0.36,0.00,41.78
0035.jpg,ca sĩ Vũ Cát Tường,True,12.17,1.25,23.16,0.43,0.00,37.01
0036.jpg,ca sĩ Vũ Cát Tường,True,13.92,1.29,30.83,0.44,0.00,46.48
0037.jpg,ca sĩ Vũ Cát Tường,True,8.03,2.21,24.27,0.44,0.00,34.95
0038.jpg,ca sĩ Vũ Cát Tường,True,8.62,1.29,24.46,0.41,0.00,34.79
0001.jpg,ca sĩ Vương Lạc Đan,False,7.51,0.00,0.00,0.00,0.00,7.51
0003.jpg,ca sĩ Vương Lạc Đan,True,7.44,0.06,25.84,0.40,0.00,33.74
0004.jpg,ca sĩ Vương Lạc Đan,True,6.61,1.05,21.96,0.32,0.00,29.95
0005.jpg,ca sĩ Vương Lạc Đan,True,8.16,0.05,26.83,0.49,0.00,35.54
0006.jpg,ca sĩ Vương Lạc Đan,True,8.77,1.36,26.84,0.42,0.00,37.39
0008.jpg,ca sĩ Vương Lạc Đan,True,8.74,1.19,24.80,0.44,0.00,35.16
0009.jpg,ca sĩ Vương Lạc Đan,True,12.49,1.18,25.14,0.39,0.00,39.20
0010.jpg,ca sĩ Vương Lạc Đan,True,10.37,0.06,25.44,0.38,0.00,36.26
0011.jpg,ca sĩ Vương Lạc Đan,True,7.35,1.24,26.44,0.39,0.00,35.42
0012.jpg,ca sĩ Vương Lạc Đan,True,8.03,1.15,24.12,0.41,0.00,33.71
0013.jpg,ca sĩ Vương Lạc Đan,True,8.47,1.55,24.20,0.38,0.00,34.61
0014.jpg,ca sĩ Vương Lạc Đan,True,7.61,1.42,22.78,0.39,0.00,32.20
0019.jpg,ca sĩ Vương Lạc Đan,True,13.40,1.11,25.88,0.68,0.00,41.06
0020.jpg,ca sĩ Vương Lạc Đan,True,8.94,1.19,24.46,0.36,0.00,34.96
0021.jpg,ca sĩ Vương Lạc Đan,True,9.43,1.27,25.59,1.02,0.00,37.31
0022.jpg,ca sĩ Vương Lạc Đan,True,10.51,1.31,25.81,0.45,0.00,38.08
0023.jpg,ca sĩ Vương Lạc Đan,True,7.87,1.26,25.10,0.79,0.00,35.02
0024.jpg,ca sĩ Vương Lạc Đan,True,7.28,1.18,22.03,0.38,0.00,30.87
0029.jpg,ca sĩ Vương Lạc Đan,True,6.78,1.04,22.83,0.37,0.00,31.02
0030.jpg,ca sĩ Vương Lạc Đan,True,7.06,0.06,21.18,0.36,0.00,28.67
0031.jpg,ca sĩ Vương Lạc Đan,True,6.66,1.00,19.54,0.39,0.00,27.59
0033.jpg,ca sĩ Vương Lạc Đan,True,7.14,1.01,22.70,0.38,0.00,31.22
0001.jpg,ca sĩ Đan Trường,True,8.94,1.07,23.83,0.43,0.00,34.27
0003.jpg,ca sĩ Đan Trường,True,9.75,1.03,22.58,0.36,0.00,33.71
0005.jpg,ca sĩ Đan Trường,True,7.02,1.07,23.21,0.39,0.00,31.69
0006.jpg,ca sĩ Đan Trường,True,6.35,1.36,23.48,0.44,0.00,31.63
0008.jpg,ca sĩ Đan Trường,True,6.89,1.12,20.12,0.36,0.00,28.50
0009.jpg,ca sĩ Đan Trường,True,7.27,1.13,22.04,0.41,0.00,30.85
0011.jpg,ca sĩ Đan Trường,True,7.98,1.12,22.08,0.35,0.00,31.54
0012.jpg,ca sĩ Đan Trường,True,6.85,0.69,22.39,0.40,0.00,30.33
0013.jpg,ca sĩ Đan Trường,True,8.73,1.32,18.64,0.37,0.00,29.07
0015.jpg,ca sĩ Đan Trường,True,7.10,1.09,20.52,0.35,0.00,29.07
0016.jpg,ca sĩ Đan Trường,True,6.53,1.15,18.72,0.41,0.00,26.82
0017.jpg,ca sĩ Đan Trường,True,7.18,1.50,21.75,0.41,0.00,30.85
0019.jpg,ca sĩ Đan Trường,True,6.34,1.12,22.07,0.40,0.00,29.93
0020.jpg,ca sĩ Đan Trường,True,7.13,0.75,22.65,0.36,0.00,30.90
0022.jpg,ca sĩ Đan Trường,True,12.14,1.23,27.48,0.42,0.00,41.28
0023.jpg,ca sĩ Đan Trường,True,10.05,2.01,46.09,0.85,0.00,58.99
0024.jpg,ca sĩ Đan Trường,True,7.28,1.34,20.65,0.36,0.00,29.63
0025.jpg,ca sĩ Đan Trường,True,6.39,0.05,19.99,0.40,0.00,26.83
0027.jpg,ca sĩ Đan Trường,True,7.12,0.76,24.82,0.40,0.00,33.11
0028.jpg,ca sĩ Đan Trường,True,7.50,1.32,22.55,0.41,0.00,31.78
0029.jpg,ca sĩ Đan Trường,True,6.97,1.06,21.83,0.40,0.00,30.26
0030.jpg,ca sĩ Đan Trường,True,7.13,1.03,24.18,0.42,0.00,32.76
0031.jpg,ca sĩ Đan Trường,True,9.65,1.35,23.84,0.36,0.00,35.19
0033.jpg,ca sĩ Đan Trường,True,7.40,1.09,22.78,0.40,0.00,31.67
0034.jpg,ca sĩ Đan Trường,True,6.76,1.11,21.81,0.36,0.00,30.04
0035.jpg,ca sĩ Đan Trường,True,7.69,1.52,26.53,0.43,0.00,36.17
0037.jpg,ca sĩ Đan Trường,True,12.63,0.06,24.03,0.40,0.00,37.13
0038.jpg,ca sĩ Đan Trường,True,8.08,1.26,21.64,0.37,0.00,31.35
0041.jpg,ca sĩ Đan Trường,True,7.29,1.17,21.62,0.35,0.00,30.43
0042.jpg,ca sĩ Đan Trường,True,6.06,1.07,22.59,0.39,0.00,30.12
0043.jpg,ca sĩ Đan Trường,True,6.69,1.07,23.15,0.37,0.00,31.28
0044.jpg,ca sĩ Đan Trường,True,6.87,1.17,20.58,0.32,0.00,28.94
0001.jpg,ca sĩ Đàm Vĩnh Hưng,True,7.98,1.15,21.77,0.33,0.00,31.23
0004.jpg,ca sĩ Đàm Vĩnh Hưng,True,5.92,2.68,20.88,0.36,0.00,29.85
0005.jpg,ca sĩ Đàm Vĩnh Hưng,True,7.01,1.67,20.11,0.34,0.00,29.13
0006.jpg,ca sĩ Đàm Vĩnh Hưng,True,6.43,1.17,21.29,0.38,0.00,29.27
0007.jpg,ca sĩ Đàm Vĩnh Hưng,True,6.27,1.02,21.18,0.36,0.00,28.83
0008.jpg,ca sĩ Đàm Vĩnh Hưng,True,6.58,1.54,22.58,0.33,0.00,31.02
0011.jpg,ca sĩ Đàm Vĩnh Hưng,True,7.78,1.07,21.09,0.33,0.00,30.28
0012.jpg,ca sĩ Đàm Vĩnh Hưng,True,7.12,1.17,21.84,0.38,0.00,30.50
0014.jpg,ca sĩ Đàm Vĩnh Hưng,True,8.81,1.02,22.79,0.44,0.00,33.06
0016.jpg,ca sĩ Đàm Vĩnh Hưng,True,25.87,1.10,20.86,0.41,0.00,48.24
0017.jpg,ca sĩ Đàm Vĩnh Hưng,True,6.89,1.08,23.11,0.41,0.00,31.49
0018.jpg,ca sĩ Đàm Vĩnh Hưng,True,6.64,1.29,20.44,0.39,0.00,28.77
0019.jpg,ca sĩ Đàm Vĩnh Hưng,True,6.91,1.25,21.27,0.40,0.00,29.82
0022.jpg,ca sĩ Đàm Vĩnh Hưng,True,8.53,1.20,23.68,0.35,0.00,33.75
0023.jpg,ca sĩ Đàm Vĩnh Hưng,True,8.05,1.33,22.69,0.62,0.00,32.69
0024.jpg,ca sĩ Đàm Vĩnh Hưng,True,7.42,1.32,21.67,0.35,0.00,30.77
0025.jpg,ca sĩ Đàm Vĩnh Hưng,True,7.61,1.33,23.38,0.43,0.00,32.75
0027.jpg,ca sĩ Đàm Vĩnh Hưng,True,7.98,1.52,26.52,0.37,0.00,36.38
0031.jpg,ca sĩ Đàm Vĩnh Hưng,True,7.84,1.21,29.64,0.50,0.00,39.19
0032.jpg,ca sĩ Đàm Vĩnh Hưng,True,21.46,1.66,22.70,1.27,0.00,47.09
0033.jpg,ca sĩ Đàm Vĩnh Hưng,True,10.08,1.16,21.10,0.38,0.00,32.73
0034.jpg,ca sĩ Đàm Vĩnh Hưng,True,8.11,1.29,24.65,0.37,0.00,34.41
0035.jpg,ca sĩ Đàm Vĩnh Hưng,True,6.26,1.00,20.31,0.36,0.00,27.92
0037.jpg,ca sĩ Đàm Vĩnh Hưng,True,7.12,1.25,18.75,0.36,0.00,27.48
0038.jpg,ca sĩ Đàm Vĩnh Hưng,True,9.46,1.24,25.63,0.43,0.00,36.77
0039.jpg,ca sĩ Đàm Vĩnh Hưng,True,8.20,1.47,23.84,0.39,0.00,33.90
0040.jpg,ca sĩ Đàm Vĩnh Hưng,True,7.09,4.47,22.53,0.37,0.00,34.47
0041.jpg,ca sĩ Đàm Vĩnh Hưng,True,7.20,1.15,22.32,0.38,0.00,31.05
0042.jpg,ca sĩ Đàm Vĩnh Hưng,True,6.84,1.08,20.91,0.40,0.00,29.23
0045.jpg,ca sĩ Đàm Vĩnh Hưng,True,7.27,1.27,24.12,0.48,0.00,33.14
0046.jpg,ca sĩ Đàm Vĩnh Hưng,True,7.56,1.11,22.39,0.36,0.00,31.43
0047.jpg,ca sĩ Đàm Vĩnh Hưng,True,9.37,1.22,23.09,0.35,0.00,34.03
0048.jpg,ca sĩ Đàm Vĩnh Hưng,True,9.14,1.51,24.22,0.67,0.00,35.55
0003.jpg,ca sĩ Đăng Khôi,True,7.08,1.62,22.96,0.37,0.00,32.03
0005.jpg,ca sĩ Đăng Khôi,True,7.33,1.26,18.81,0.41,0.00,27.81
0006.jpg,ca sĩ Đăng Khôi,True,7.03,0.50,22.99,0.40,0.00,30.92
0007.jpg,ca sĩ Đăng Khôi,True,6.88,1.10,20.61,0.37,0.00,28.96
0008.jpg,ca sĩ Đăng Khôi,True,7.17,1.08,21.48,0.37,0.00,30.11
0009.jpg,ca sĩ Đăng Khôi,True,7.70,0.05,22.53,0.37,0.00,30.64
0010.jpg,ca sĩ Đăng Khôi,True,8.35,1.10,23.37,0.42,0.00,33.25
0011.jpg,ca sĩ Đăng Khôi,True,6.79,1.32,24.49,0.37,0.00,32.98
0012.jpg,ca sĩ Đăng Khôi,True,7.15,1.30,20.35,0.34,0.00,29.15
0013.jpg,ca sĩ Đăng Khôi,True,7.54,1.36,22.60,0.35,0.00,31.84
0014.jpg,ca sĩ Đăng Khôi,True,6.76,1.11,22.32,0.39,0.00,30.58
0016.jpg,ca sĩ Đăng Khôi,True,6.32,1.09,20.39,0.37,0.00,28.17
0017.jpg,ca sĩ Đăng Khôi,True,7.65,1.10,20.76,0.35,0.00,29.86
0018.jpg,ca sĩ Đăng Khôi,True,7.13,1.30,18.63,0.34,0.00,27.40
0019.jpg,ca sĩ Đăng Khôi,True,6.25,0.94,20.66,0.37,0.00,28.23
0020.jpg,ca sĩ Đăng Khôi,True,8.99,1.15,19.96,0.36,0.00,30.47
0023.jpg,ca sĩ Đăng Khôi,True,7.65,1.01,19.15,0.33,0.00,28.15
0024.jpg,ca sĩ Đăng Khôi,True,6.00,1.25,21.07,0.37,0.00,28.68
0025.jpg,ca sĩ Đăng Khôi,True,6.47,1.10,21.63,0.36,0.00,29.57
0027.jpg,ca sĩ Đăng Khôi,True,6.54,1.04,20.75,0.37,0.00,28.71
0028.jpg,ca sĩ Đăng Khôi,True,7.43,1.04,21.08,0.33,0.00,29.88
0029.jpg,ca sĩ Đăng Khôi,True,7.35,0.55,20.04,0.41,0.00,28.36
0030.jpg,ca sĩ Đăng Khôi,True,7.05,1.31,21.02,0.36,0.00,29.75
0031.jpg,ca sĩ Đăng Khôi,True,7.75,1.17,21.02,0.39,0.00,30.34
0032.jpg,ca sĩ Đăng Khôi,True,7.89,1.01,18.13,0.32,0.00,27.34
0033.jpg,ca sĩ Đăng Khôi,True,6.64,1.14,19.74,0.34,0.00,27.86
0034.jpg,ca sĩ Đăng Khôi,True,6.12,1.45,16.35,0.39,0.00,24.31
0001.jpg,ca sĩ Đinh Duy Chinh,True,5.25,0.92,17.52,0.32,0.00,24.02
0002.jpg,ca sĩ Đinh Duy Chinh,True,8.21,0.56,22.31,0.36,0.00,31.44
0003.jpg,ca sĩ Đinh Duy Chinh,True,7.64,1.36,22.59,0.35,0.00,31.94
0004.jpg,ca sĩ Đinh Duy Chinh,True,7.90,1.07,17.25,0.32,0.00,26.54
0005.jpg,ca sĩ Đinh Duy Chinh,True,5.63,0.47,16.92,0.30,0.00,23.33
0006.jpg,ca sĩ Đinh Duy Chinh,True,6.06,1.11,18.79,0.33,0.00,26.29
0008.jpg,ca sĩ Đinh Duy Chinh,True,5.63,0.94,19.38,0.37,0.00,26.32
0009.jpg,ca sĩ Đinh Duy Chinh,True,6.37,1.12,16.35,0.32,0.00,24.15
0010.jpg,ca sĩ Đinh Duy Chinh,True,5.60,1.28,20.18,0.34,0.00,27.40
0011.jpg,ca sĩ Đinh Duy Chinh,True,5.79,1.08,19.42,0.33,0.00,26.61
0013.jpg,ca sĩ Đinh Duy Chinh,True,6.18,0.93,19.44,0.32,0.00,26.86
0017.jpg,ca sĩ Đinh Duy Chinh,True,5.24,0.97,18.42,0.30,0.00,24.93
0021.jpg,ca sĩ Đinh Duy Chinh,True,5.44,1.16,17.63,0.31,0.00,24.54
0001.jpg,ca sĩ Đông Nhi,True,7.12,1.09,21.10,0.36,0.00,29.68
0005.jpg,ca sĩ Đông Nhi,True,6.63,0.95,20.59,0.33,0.00,28.51
0006.jpg,ca sĩ Đông Nhi,True,6.72,0.93,19.66,0.34,0.00,27.64
0007.jpg,ca sĩ Đông Nhi,True,6.28,1.02,17.19,0.28,0.00,24.78
0008.jpg,ca sĩ Đông Nhi,True,5.64,1.25,17.08,0.36,0.00,24.33
0012.jpg,ca sĩ Đông Nhi,True,5.79,1.14,17.04,0.32,0.00,24.29
0016.jpg,ca sĩ Đông Nhi,True,5.83,0.97,18.42,0.31,0.00,25.52
0018.jpg,ca sĩ Đông Nhi,True,6.10,1.08,18.47,0.28,0.00,25.93
0019.jpg,ca sĩ Đông Nhi,True,6.30,1.08,17.50,0.30,0.00,25.18
0021.jpg,ca sĩ Đông Nhi,True,6.87,1.09,21.77,0.36,0.00,30.09
0023.jpg,ca sĩ Đông Nhi,True,8.07,1.43,25.10,0.74,0.00,35.33
0025.jpg,ca sĩ Đông Nhi,True,8.07,1.33,20.41,0.33,0.00,30.14
0028.jpg,ca sĩ Đông Nhi,True,9.27,0.99,22.32,0.30,0.00,32.88
0030.jpg,ca sĩ Đông Nhi,True,10.28,0.90,22.44,0.36,0.00,33.98
0031.jpg,ca sĩ Đông Nhi,True,8.64,0.93,19.05,0.42,0.00,29.04
0034.jpg,ca sĩ Đông Nhi,True,6.81,0.93,19.24,0.36,0.00,27.34
0035.jpg,ca sĩ Đông Nhi,True,10.06,2.06,66.65,42.13,0.00,120.91
0036.jpg,ca sĩ Đông Nhi,True,15.34,1.09,22.92,0.37,0.00,39.72
0038.jpg,ca sĩ Đông Nhi,True,8.03,0.90,51.15,7.46,0.00,67.55
0001.jpg,diễn viên Adele Hồ Hằng,True,9.03,0.06,20.39,0.37,0.00,29.86
0002.jpg,diễn viên Adele Hồ Hằng,True,7.68,0.94,19.67,0.35,0.00,28.63
0003.jpg,diễn viên Adele Hồ Hằng,True,7.93,0.90,20.83,0.34,0.00,30.00
0004.jpg,diễn viên Adele Hồ Hằng,True,10.95,3.31,31.75,0.39,0.00,46.42
0005.jpg,diễn viên Angela Phương Trinh,True,9.73,1.00,26.35,0.38,0.00,37.47
0006.jpg,diễn viên Angela Phương Trinh,True,15.95,1.07,26.99,0.35,0.00,44.35
0007.jpg,diễn viên Angela Phương Trinh,True,10.02,1.29,22.33,0.44,0.00,34.07
0009.jpg,diễn viên Angela Phương Trinh,True,7.48,1.15,24.39,0.50,0.00,33.52
0010.jpg,diễn viên Angela Phương Trinh,True,8.18,0.04,92.04,43.72,0.00,143.99
0011.jpg,diễn viên Angela Phương Trinh,True,7.24,1.46,20.06,0.33,0.00,29.09
0014.jpg,diễn viên Angela Phương Trinh,True,8.68,0.05,41.70,0.35,0.00,50.78
0015.jpg,diễn viên Angela Phương Trinh,True,8.49,0.04,20.65,0.34,0.00,29.53
0016.jpg,diễn viên Angela Phương Trinh,True,8.13,1.18,23.07,0.51,0.00,32.89
0017.jpg,diễn viên Angela Phương Trinh,True,7.50,1.15,87.80,73.68,0.00,170.12
0019.jpg,diễn viên Angela Phương Trinh,True,14.99,1.41,22.18,0.36,0.00,38.93
0022.jpg,diễn viên Angela Phương Trinh,False,18.04,0.00,0.00,0.00,0.00,18.04
0024.jpg,diễn viên Angela Phương Trinh,True,6.47,1.46,19.36,0.33,0.00,27.61
0025.jpg,diễn viên Angela Phương Trinh,True,8.12,0.05,20.17,0.34,0.00,28.69
0026.jpg,diễn viên Angela Phương Trinh,True,12.17,1.25,23.72,0.83,0.00,37.97
0027.jpg,diễn viên Angela Phương Trinh,True,7.82,1.02,19.92,0.38,0.00,29.14
0028.jpg,diễn viên Angela Phương Trinh,True,7.24,1.00,19.39,0.35,0.00,27.97
0029.jpg,diễn viên Angela Phương Trinh,True,9.23,1.16,20.42,0.29,0.00,31.10
0030.jpg,diễn viên Angela Phương Trinh,True,5.97,0.99,22.12,0.33,0.00,29.41
0031.jpg,diễn viên Angela Phương Trinh,True,6.34,0.88,19.03,0.35,0.00,26.60
0032.jpg,diễn viên Angela Phương Trinh,True,7.26,0.57,20.68,0.36,0.00,28.88
0033.jpg,diễn viên Angela Phương Trinh,True,6.23,0.92,21.53,0.39,0.00,29.07
0034.jpg,diễn viên Angela Phương Trinh,True,10.17,1.17,20.78,0.30,0.00,32.42
0035.jpg,diễn viên Angela Phương Trinh,True,9.16,1.12,21.84,0.35,0.00,32.47
0039.jpg,diễn viên Angela Phương Trinh,True,7.56,1.03,20.69,0.35,0.00,29.63
0040.jpg,diễn viên Angela Phương Trinh,True,11.57,1.20,22.58,0.41,0.00,35.76
0045.jpg,diễn viên Angela Phương Trinh,True,12.94,1.64,24.16,0.37,0.00,39.11
0046.jpg,diễn viên Angela Phương Trinh,True,9.40,1.30,24.61,0.32,0.00,35.63
0047.jpg,diễn viên Angela Phương Trinh,True,7.23,1.14,21.17,0.39,0.00,29.93
0048.jpg,diễn viên Angela Phương Trinh,True,7.85,1.07,22.29,0.37,0.00,31.59
0004.jpg,diễn viên Âu Hào,True,7.32,1.15,22.35,0.42,0.00,31.23
0005.jpg,diễn viên Âu Hào,True,7.08,1.21,22.71,0.35,0.00,31.35
0006.jpg,diễn viên Âu Hào,True,6.61,0.04,88.58,51.88,0.00,147.11
0007.jpg,diễn viên Âu Hào,True,11.00,2.68,23.52,0.36,0.00,37.56
0009.jpg,diễn viên Âu Hào,True,13.78,1.45,58.47,0.73,0.00,74.43
0010.jpg,diễn viên Âu Hào,True,14.00,1.49,29.39,1.48,0.00,46.37
0012.jpg,diễn viên Âu Hào,True,8.97,1.35,24.97,0.34,0.00,35.63
0015.jpg,diễn viên Âu Hào,True,23.83,1.31,155.74,3.00,0.00,183.89
0018.jpg,diễn viên Âu Hào,True,10.92,1.14,24.35,0.50,0.00,36.91
0019.jpg,diễn viên Âu Hào,True,12.56,0.05,27.63,4.07,0.00,44.32
0024.jpg,diễn viên Âu Hào,True,10.93,1.08,25.51,0.43,0.00,37.96
0026.jpg,diễn viên Âu Hào,True,12.35,1.54,47.58,0.44,0.00,61.92
0028.jpg,diễn viên Âu Hào,True,29.12,1.31,53.13,3.41,0.00,86.98
0029.jpg,diễn viên Âu Hào,True,8.39,1.10,25.76,0.34,0.00,35.58
0030.jpg,diễn viên Âu Hào,True,8.63,1.20,28.39,0.36,0.00,38.58
0001.jpg,diễn viên Bảo Suzu,True,17.49,2.84,32.76,0.44,0.00,53.53
0003.jpg,diễn viên Bảo Suzu,True,10.12,5.36,35.58,4.59,0.00,55.65
0006.jpg,diễn viên Bảo Suzu,True,12.08,1.11,90.48,10.53,0.00,114.20
0007.jpg,diễn viên Bảo Suzu,True,25.91,1.00,28.68,2.15,0.00,57.74
0008.jpg,diễn viên Bảo Suzu,True,19.63,1.41,52.04,4.01,0.00,77.08
0009.jpg,diễn viên Bảo Suzu,True,15.50,1.32,43.40,0.38,0.00,60.60
0011.jpg,diễn viên Bảo Suzu,True,12.88,2.06,35.75,0.49,0.00,51.18
0012.jpg,diễn viên Bảo Suzu,True,12.36,1.43,30.24,0.38,0.00,44.42
0013.jpg,diễn viên Bảo Suzu,True,15.48,0.56,29.16,2.13,0.00,47.33
0015.jpg,diễn viên Bảo Suzu,True,13.50,1.38,28.32,1.89,0.00,45.09
0017.jpg,diễn viên Bảo Suzu,True,11.53,1.35,24.67,0.38,0.00,37.94
0018.jpg,diễn viên Bảo Suzu,True,7.77,1.37,25.16,2.11,0.00,36.40
0020.jpg,diễn viên Bảo Suzu,True,10.38,1.29,26.45,2.04,0.00,40.16
0021.jpg,diễn viên Bảo Suzu,True,10.61,0.56,27.73,0.37,0.00,39.28
0022.jpg,diễn viên Bảo Suzu,True,12.11,2.62,26.64,0.41,0.00,41.78
0023.jpg,diễn viên Bảo Suzu,True,9.90,1.61,25.86,0.59,0.00,37.96
0026.jpg,diễn viên Bảo Suzu,True,9.44,1.35,28.69,0.39,0.00,39.87
0028.jpg,diễn viên Bảo Suzu,True,11.14,1.72,28.93,0.40,0.00,42.19
0029.jpg,diễn viên Bảo Suzu,True,10.13,1.24,29.50,0.41,0.00,41.29
0031.jpg,diễn viên Bảo Suzu,True,9.06,1.45,27.13,0.49,0.00,38.14
0035.jpg,diễn viên Bảo Suzu,True,8.74,0.52,24.70,0.38,0.00,34.35
0001.jpg,diễn viên Bạch Kính Đình,True,7.52,1.32,24.68,0.32,0.00,33.85
0003.jpg,diễn viên Bạch Kính Đình,True,10.47,1.20,22.52,0.37,0.00,34.56
0004.jpg,diễn viên Bạch Kính Đình,True,7.32,1.17,22.91,0.41,0.00,31.82
0007.jpg,diễn viên Bạch Kính Đình,True,7.45,1.09,22.37,0.40,0.00,31.31
0010.jpg,diễn viên Bạch Kính Đình,True,6.84,1.24,22.55,0.38,0.00,31.00
0014.jpg,diễn viên Bạch Kính Đình,True,10.35,0.05,24.43,0.43,0.00,35.26
0017.jpg,diễn viên Bạch Kính Đình,True,9.40,1.13,21.78,0.37,0.00,32.69
0024.jpg,diễn viên Bạch Kính Đình,True,10.21,1.68,26.83,0.48,0.00,39.20
0025.jpg,diễn viên Bạch Kính Đình,True,10.10,1.32,38.12,0.52,0.00,50.06
0029.jpg,diễn viên Bạch Kính Đình,True,10.06,1.26,24.19,0.47,0.00,35.98
0031.jpg,diễn viên Bạch Kính Đình,True,11.98,1.44,25.85,0.41,0.00,39.69
0032.jpg,diễn viên Bạch Kính Đình,True,8.91,1.42,25.43,0.40,0.00,36.16
0034.jpg,diễn viên Bạch Kính Đình,True,11.77,1.19,19.69,0.39,0.00,33.03
0036.jpg,diễn viên Bạch Kính Đình,True,10.37,1.02,21.93,0.36,0.00,33.68
0037.jpg,diễn viên Bạch Kính Đình,True,8.01,1.39,21.91,0.36,0.00,31.67
0041.jpg,diễn viên Bạch Kính Đình,True,11.74,1.13,20.12,0.30,0.00,33.29
0001.jpg,diễn viên Bình An,True,10.52,1.30,31.54,0.98,0.00,44.34
0002.jpg,diễn viên Bình An,True,17.63,1.28,30.59,0.66,0.00,50.16
0003.jpg,diễn viên Bình An,True,9.24,1.05,26.34,0.37,0.00,37.00
0005.jpg,diễn viên Bình An,True,9.96,1.04,25.43,2.12,0.00,38.55
0006.jpg,diễn viên Bình An,True,9.70,1.24,27.80,13.04,0.00,51.80
0007.jpg,diễn viên Bình An,True,10.31,1.20,29.80,0.60,0.00,41.92
0008.jpg,diễn viên Bình An,True,12.75,1.56,34.52,5.30,0.00,54.13
0014.jpg,diễn viên Bình An,True,18.83,2.01,47.02,0.53,0.00,68.39
0015.jpg,diễn viên Bình An,True,12.45,1.20,27.75,1.75,0.00,43.15
0016.jpg,diễn viên Bình An,True,14.55,1.49,45.60,4.21,0.00,65.85
0017.jpg,diễn viên Bình An,True,16.73,1.09,65.94,27.28,0.00,111.04
0018.jpg,diễn viên Bình An,True,15.76,1.40,41.22,10.10,0.00,68.48
0021.jpg,diễn viên Bình An,True,11.94,1.12,46.01,2.62,0.00,61.69
0023.jpg,diễn viên Bình An,True,12.32,2.53,53.63,6.11,0.00,74.59
0024.jpg,diễn viên Bình An,True,12.43,1.15,35.37,10.91,0.00,59.86
0025.jpg,diễn viên Bình An,True,9.34,1.07,24.35,2.07,0.00,36.83
0027.jpg,diễn viên Bình An,True,9.11,1.77,24.68,2.34,0.00,37.90
0029.jpg,diễn viên Bình An,True,10.61,1.10,24.51,2.13,0.00,38.35
0030.jpg,diễn viên Bình An,True,9.58,1.08,28.20,1.51,0.00,40.36
0031.jpg,diễn viên Bình An,True,20.92,1.29,23.02,0.38,0.00,45.61
0033.jpg,diễn viên Bình An,True,14.87,1.05,21.20,0.35,0.00,37.46
0034.jpg,diễn viên Bình An,True,22.24,1.02,22.90,9.77,0.00,55.92
0037.jpg,diễn viên Bình An,True,12.33,1.01,37.20,1.75,0.00,52.29
0038.jpg,diễn viên Bình An,True,10.82,1.08,26.75,2.45,0.00,41.10
0039.jpg,diễn viên Bình An,True,12.18,1.36,29.13,2.51,0.00,45.18
0040.jpg,diễn viên Bình An,True,12.95,1.56,35.53,2.04,0.00,52.08
0005.jpg,diễn viên Cận Đông,True,11.02,1.53,32.45,0.69,0.00,45.71
0009.jpg,diễn viên Cận Đông,True,17.90,4.63,50.57,2.41,0.00,75.51
0010.jpg,diễn viên Cận Đông,True,14.49,1.11,37.21,6.05,0.00,58.85
0012.jpg,diễn viên Cận Đông,True,13.12,1.04,25.61,0.35,0.00,40.12
0013.jpg,diễn viên Cận Đông,True,8.71,1.05,23.93,0.70,0.00,34.38
0014.jpg,diễn viên Cận Đông,True,10.31,1.19,26.24,0.48,0.00,38.22
0021.jpg,diễn viên Cận Đông,True,8.45,1.09,21.00,0.36,0.00,30.91
0025.jpg,diễn viên Cận Đông,True,13.11,1.52,39.51,0.48,0.00,54.62
0027.jpg,diễn viên Cận Đông,True,10.90,2.44,29.33,0.44,0.00,43.12
0028.jpg,diễn viên Cận Đông,True,9.60,1.45,25.98,0.38,0.00,37.40
0029.jpg,diễn viên Cận Đông,True,9.56,1.18,38.77,5.19,0.00,54.70
0031.jpg,diễn viên Cận Đông,True,21.73,1.36,28.17,3.17,0.00,54.43
0032.jpg,diễn viên Cận Đông,True,14.40,2.47,31.96,1.48,0.00,50.32
0036.jpg,diễn viên Cận Đông,True,15.85,2.17,29.45,0.42,0.00,47.90
0001.jpg,diễn viên Chi Pu,True,23.51,1.30,35.12,0.42,0.00,60.35
0003.jpg,diễn viên Chi Pu,True,12.49,0.05,27.59,3.70,0.00,43.83
0004.jpg,diễn viên Chi Pu,True,14.86,1.63,121.22,34.38,0.00,172.09
0005.jpg,diễn viên Chi Pu,True,14.38,1.40,46.49,1.35,0.00,63.62
0007.jpg,diễn viên Chi Pu,True,10.01,1.24,42.09,1.34,0.00,54.68
0008.jpg,diễn viên Chi Pu,True,21.04,1.34,30.45,1.56,0.00,54.38
0011.jpg,diễn viên Chi Pu,True,10.44,1.17,26.49,9.66,0.00,47.76
0013.jpg,diễn viên Chi Pu,True,12.57,1.34,28.79,13.14,0.00,55.84
0014.jpg,diễn viên Chi Pu,True,18.99,2.94,28.15,2.75,0.00,52.83
0016.jpg,diễn viên Chi Pu,True,12.99,1.23,27.76,0.66,0.00,42.64
0017.jpg,diễn viên Chi Pu,True,13.23,1.66,23.64,0.35,0.00,38.89
0018.jpg,diễn viên Chi Pu,True,9.61,1.17,22.05,0.31,0.00,33.14
0020.jpg,diễn viên Chi Pu,True,8.50,1.19,29.26,0.48,0.00,39.43
0021.jpg,diễn viên Chi Pu,True,10.47,1.27,33.05,0.40,0.00,45.20
0022.jpg,diễn viên Chi Pu,True,10.54,1.33,24.97,0.51,0.00,37.34
0023.jpg,diễn viên Chi Pu,True,12.43,1.16,40.44,0.35,0.00,54.37
0025.jpg,diễn viên Chi Pu,True,19.98,1.23,30.82,1.61,0.00,53.62
0027.jpg,diễn viên Chi Pu,True,25.99,1.32,41.65,12.75,0.00,81.71
0028.jpg,diễn viên Chi Pu,True,12.27,3.24,48.57,32.54,0.00,96.62
0030.jpg,diễn viên Chi Pu,True,11.12,1.44,32.37,2.32,0.00,47.25
0031.jpg,diễn viên Chi Pu,True,10.46,1.26,32.10,0.55,0.00,44.36
0032.jpg,diễn viên Chi Pu,True,10.91,1.28,32.77,0.51,0.00,45.46
0034.jpg,diễn viên Chi Pu,True,14.19,3.21,46.76,2.28,0.00,66.45
0036.jpg,diễn viên Chi Pu,True,13.46,0.05,23.76,0.41,0.00,37.68
0037.jpg,diễn viên Chi Pu,True,14.45,1.43,22.11,0.37,0.00,38.36
0038.jpg,diễn viên Chi Pu,True,6.96,0.05,21.22,0.33,0.00,28.55
0039.jpg,diễn viên Chi Pu,True,8.61,0.96,23.17,0.33,0.00,33.07
0041.jpg,diễn viên Chi Pu,True,8.26,1.58,21.43,0.31,0.00,31.59
0042.jpg,diễn viên Chi Pu,True,12.82,1.25,24.60,0.55,0.00,39.21
0043.jpg,diễn viên Chi Pu,True,15.81,1.29,33.19,0.43,0.00,50.73
0044.jpg,diễn viên Chi Pu,True,9.47,1.58,28.27,0.39,0.00,39.71
0002.jpg,diễn viên Chu Nhất Long,True,9.19,0.05,21.13,0.38,0.00,30.75
0003.jpg,diễn viên Chu Nhất Long,True,8.09,0.05,21.03,0.34,0.00,29.50
0004.jpg,diễn viên Chu Nhất Long,True,7.70,0.93,21.49,0.38,0.00,30.50
0006.jpg,diễn viên Chu Nhất Long,True,7.37,0.92,20.38,0.36,0.00,29.03
0008.jpg,diễn viên Chu Nhất Long,True,7.64,1.16,20.24,0.29,0.00,29.33
0009.jpg,diễn viên Chu Nhất Long,True,7.06,1.03,21.24,0.36,0.00,29.69
0011.jpg,diễn viên Chu Nhất Long,True,7.74,1.61,24.10,0.36,0.00,33.81
0012.jpg,diễn viên Chu Nhất Long,True,11.30,1.22,53.20,3.44,0.00,69.17
0013.jpg,diễn viên Chu Nhất Long,True,12.25,1.29,29.03,4.05,0.00,46.63
0014.jpg,diễn viên Chu Nhất Long,True,10.89,1.16,29.27,1.30,0.00,42.63
0015.jpg,diễn viên Chu Nhất Long,True,17.95,8.31,49.24,11.76,0.00,87.26
0017.jpg,diễn viên Chu Nhất Long,True,10.50,1.01,23.92,3.15,0.00,38.59
0019.jpg,diễn viên Chu Nhất Long,True,10.32,0.97,41.08,2.65,0.00,55.03
0021.jpg,diễn viên Chu Nhất Long,True,16.24,1.23,49.75,1.06,0.00,68.29
0022.jpg,diễn viên Chu Nhất Long,True,13.34,1.56,45.67,1.65,0.00,62.22
0023.jpg,diễn viên Chu Nhất Long,True,15.97,0.96,66.23,2.96,0.00,86.11
0024.jpg,diễn viên Chu Nhất Long,True,15.13,1.48,72.08,2.39,0.00,91.08
0025.jpg,diễn viên Chu Nhất Long,True,8.02,1.31,19.98,0.37,0.00,29.67
0027.jpg,diễn viên Chu Nhất Long,True,6.92,1.37,19.53,0.39,0.00,28.21
0028.jpg,diễn viên Chu Nhất Long,True,10.04,0.92,19.34,0.33,0.00,30.63
0030.jpg,diễn viên Chu Nhất Long,True,9.13,1.14,22.72,0.65,0.00,33.65
0033.jpg,diễn viên Chu Nhất Long,True,7.65,0.93,21.14,0.34,0.00,30.05
0034.jpg,diễn viên Chu Nhất Long,True,9.15,0.96,21.92,1.07,0.00,33.11
0036.jpg,diễn viên Chu Nhất Long,True,12.27,1.35,19.03,0.35,0.00,33.00
0037.jpg,diễn viên Chu Nhất Long,True,9.17,1.06,22.40,0.57,0.00,33.20
0040.jpg,diễn viên Chu Nhất Long,True,7.15,0.98,32.72,11.86,0.00,52.71
0042.jpg,diễn viên Chu Nhất Long,True,14.68,1.01,25.14,2.29,0.00,43.12
0043.jpg,diễn viên Chu Nhất Long,True,9.31,1.10,20.82,0.37,0.00,31.60
0001.jpg,diễn viên Cung Lê,True,7.53,1.05,20.02,0.34,0.00,28.94
0003.jpg,diễn viên Cung Lê,True,8.06,1.20,19.39,0.37,0.00,29.02
0004.jpg,diễn viên Cung Lê,True,7.91,0.93,29.76,5.57,0.00,44.17
0005.jpg,diễn viên Cung Lê,True,13.76,1.01,23.76,1.51,0.00,40.05
0007.jpg,diễn viên Cung Lê,True,8.16,0.57,23.54,0.32,0.00,32.59
0008.jpg,diễn viên Cung Lê,True,13.09,1.56,43.21,2.56,0.00,60.43
0011.jpg,diễn viên Cung Lê,True,14.10,1.50,51.93,11.99,0.00,79.52
0012.jpg,diễn viên Cung Lê,True,16.35,1.18,45.06,15.69,0.00,78.28
0013.jpg,diễn viên Cung Lê,True,14.74,10.38,31.39,3.85,0.00,60.36
0014.jpg,diễn viên Cung Lê,True,16.24,1.10,35.55,0.32,0.00,53.22
0015.jpg,diễn viên Cung Lê,True,14.74,1.04,27.76,8.78,0.00,52.33
0016.jpg,diễn viên Cung Lê,True,9.82,0.68,35.13,0.50,0.00,46.13
0018.jpg,diễn viên Cung Lê,True,7.68,1.36,24.15,0.45,0.00,33.65
0019.jpg,diễn viên Cung Lê,True,8.69,1.21,22.38,0.47,0.00,32.75
0022.jpg,diễn viên Cung Lê,True,7.45,1.19,20.10,0.38,0.00,29.13
0023.jpg,diễn viên Cung Lê,True,7.52,1.00,19.33,0.37,0.00,28.22
0025.jpg,diễn viên Cung Lê,True,7.45,0.07,20.49,0.41,0.00,28.42
0027.jpg,diễn viên Cung Lê,True,8.51,1.29,20.51,0.37,0.00,30.68
0001.jpg,diễn viên Diễm My 9x,True,7.93,1.21,21.43,0.36,0.00,30.93
0003.jpg,diễn viên Diễm My 9x,True,6.30,1.08,21.40,0.36,0.00,29.14
0004.jpg,diễn viên Diễm My 9x,True,7.04,1.10,20.69,0.38,0.00,29.22
0005.jpg,diễn viên Diễm My 9x,True,7.57,1.12,19.98,0.34,0.00,29.01
0007.jpg,diễn viên Diễm My 9x,True,7.61,1.24,22.47,0.34,0.00,31.66
0008.jpg,diễn viên Diễm My 9x,True,7.96,1.20,19.99,1.32,0.00,30.47
0009.jpg,diễn viên Diễm My 9x,True,7.11,1.05,21.70,0.45,0.00,30.31
0010.jpg,diễn viên Diễm My 9x,True,8.30,1.26,22.47,0.37,0.00,32.39
0011.jpg,diễn viên Diễm My 9x,True,13.21,1.27,26.62,0.95,0.00,42.06
0012.jpg,diễn viên Diễm My 9x,True,11.41,1.34,25.65,3.36,0.00,41.77
0013.jpg,diễn viên Diễm My 9x,True,33.30,1.59,43.81,0.50,0.00,79.21
0015.jpg,diễn viên Diễm My 9x,True,10.30,1.14,40.41,0.41,0.00,52.26
0017.jpg,diễn viên Diễm My 9x,True,9.04,1.26,25.88,4.39,0.00,40.58
0018.jpg,diễn viên Diễm My 9x,True,12.27,1.19,76.96,2.49,0.00,92.90
0019.jpg,diễn viên Diễm My 9x,True,12.43,1.50,29.49,1.59,0.00,45.00
0021.jpg,diễn viên Diễm My 9x,True,8.01,2.22,35.08,1.11,0.00,46.42
0022.jpg,diễn viên Diễm My 9x,True,12.15,1.55,22.37,0.32,0.00,36.39
0024.jpg,diễn viên Diễm My 9x,True,10.96,1.18,28.41,9.44,0.00,49.99
0026.jpg,diễn viên Diễm My 9x,True,8.77,1.13,22.89,0.38,0.00,33.16
0027.jpg,diễn viên Diễm My 9x,True,7.14,1.25,21.69,0.35,0.00,30.43
0028.jpg,diễn viên Diễm My 9x,True,6.78,1.11,23.49,0.36,0.00,31.74
0029.jpg,diễn viên Diễm My 9x,True,9.05,1.23,23.07,1.59,0.00,34.94
0030.jpg,diễn viên Diễm My 9x,True,9.69,1.38,27.59,0.45,0.00,39.11
0031.jpg,diễn viên Diễm My 9x,True,12.05,1.33,29.57,1.97,0.00,44.92
0032.jpg,diễn viên Diễm My 9x,True,11.09,0.97,28.31,0.50,0.00,40.86
0034.jpg,diễn viên Diễm My 9x,True,11.49,1.29,27.21,0.38,0.00,40.37
0035.jpg,diễn viên Diễm My 9x,True,10.24,0.95,24.56,0.40,0.00,36.15
0036.jpg,diễn viên Diễm My 9x,True,11.65,1.25,23.12,0.44,0.00,36.46
0038.jpg,diễn viên Diễm My 9x,True,14.58,1.04,24.96,2.22,0.00,42.80
0040.jpg,diễn viên Diễm My 9x,True,11.68,1.11,32.70,1.23,0.00,46.73
0041.jpg,diễn viên Diễm My 9x,True,8.78,1.01,56.64,5.09,0.00,71.53
0042.jpg,diễn viên Diễm My 9x,True,10.84,0.80,33.01,3.73,0.00,48.37
0043.jpg,diễn viên Diễm My 9x,True,17.58,3.18,74.35,0.40,0.00,95.52
0002.jpg,diễn viên Diệp Lâm Anh,True,9.16,1.23,29.32,0.47,0.00,40.18
0005.jpg,diễn viên Diệp Lâm Anh,True,12.08,0.88,30.37,0.60,0.00,43.93
0006.jpg,diễn viên Diệp Lâm Anh,True,11.16,1.30,25.53,0.70,0.00,38.69
0009.jpg,diễn viên Diệp Lâm Anh,True,9.94,1.15,25.15,0.58,0.00,36.82
0010.jpg,diễn viên Diệp Lâm Anh,True,12.06,1.43,65.96,47.46,0.00,126.91
0011.jpg,diễn viên Diệp Lâm Anh,True,29.80,1.16,49.04,13.32,0.00,93.32
0013.jpg,diễn viên Diệp Lâm Anh,True,10.85,1.89,24.68,1.12,0.00,38.55
0015.jpg,diễn viên Diệp Lâm Anh,True,11.70,1.32,28.05,0.56,0.00,41.64
0017.jpg,diễn viên Diệp Lâm Anh,True,11.82,1.23,36.23,5.41,0.00,54.68
0018.jpg,diễn viên Diệp Lâm Anh,True,10.63,1.28,24.75,1.73,0.00,38.39
0019.jpg,diễn viên Diệp Lâm Anh,True,11.43,1.26,26.94,0.49,0.00,40.13
0020.jpg,diễn viên Diệp Lâm Anh,True,10.65,1.22,25.87,1.52,0.00,39.26
0022.jpg,diễn viên Diệp Lâm Anh,True,10.54,1.66,22.74,3.02,0.00,37.97
0023.jpg,diễn viên Diệp Lâm Anh,True,10.33,1.35,23.45,0.46,0.00,35.59
0024.jpg,diễn viên Diệp Lâm Anh,True,9.60,1.12,22.60,0.37,0.00,33.69
0025.jpg,diễn viên Diệp Lâm Anh,True,8.92,1.11,24.93,1.33,0.00,36.29
0026.jpg,diễn viên Diệp Lâm Anh,True,8.06,1.19,25.64,0.29,0.00,35.18
0028.jpg,diễn viên Diệp Lâm Anh,True,10.63,1.22,27.90,0.43,0.00,40.17
0030.jpg,diễn viên Diệp Lâm Anh,True,8.81,1.00,21.01,2.52,0.00,33.34
0031.jpg,diễn viên Diệp Lâm Anh,True,8.69,0.91,28.75,10.62,0.00,48.96
0032.jpg,diễn viên Diệp Lâm Anh,True,6.07,0.90,20.15,3.89,0.00,31.02
0033.jpg,diễn viên Diệp Lâm Anh,True,9.67,1.01,21.37,0.87,0.00,32.92
0034.jpg,diễn viên Diệp Lâm Anh,True,10.02,1.26,22.88,0.69,0.00,34.86
0035.jpg,diễn viên Diệp Lâm Anh,True,11.61,1.50,30.63,1.59,0.00,45.33
0002.jpg,diễn viên Duy Khánh Zhou Zhou,True,11.55,1.07,22.29,0.56,0.00,35.47
0003.jpg,diễn viên Duy Khánh Zhou Zhou,True,11.76,1.18,21.74,1.37,0.00,36.04
0004.jpg,diễn viên Duy Khánh Zhou Zhou,True,8.81,1.02,20.77,0.39,0.00,30.99
0006.jpg,diễn viên Duy Khánh Zhou Zhou,True,6.60,1.16,21.03,0.52,0.00,29.32
0007.jpg,diễn viên Duy Khánh Zhou Zhou,True,7.66,1.08,21.92,0.30,0.00,30.96
0009.jpg,diễn viên Duy Khánh Zhou Zhou,True,8.00,0.93,19.27,0.67,0.00,28.88
0010.jpg,diễn viên Duy Khánh Zhou Zhou,True,8.34,0.42,19.51,0.39,0.00,28.66
0011.jpg,diễn viên Duy Khánh Zhou Zhou,True,8.35,0.92,20.25,0.36,0.00,29.88
0012.jpg,diễn viên Duy Khánh Zhou Zhou,True,8.20,0.90,19.48,2.83,0.00,31.40
0013.jpg,diễn viên Duy Khánh Zhou Zhou,True,6.85,0.92,20.67,0.69,0.00,29.13
0014.jpg,diễn viên Duy Khánh Zhou Zhou,True,8.25,2.66,19.10,0.48,0.00,30.49
0015.jpg,diễn viên Duy Khánh Zhou Zhou,True,7.96,0.89,19.91,0.32,0.00,29.08
0016.jpg,diễn viên Duy Khánh Zhou Zhou,True,6.54,0.84,19.84,0.32,0.00,27.54
0017.jpg,diễn viên Duy Khánh Zhou Zhou,True,7.79,0.92,18.36,1.03,0.00,28.10
0021.jpg,diễn viên Duy Khánh Zhou Zhou,True,5.78,0.92,18.59,0.34,0.00,25.63
0022.jpg,diễn viên Duy Khánh Zhou Zhou,True,8.01,0.05,21.38,0.41,0.00,29.85
0023.jpg,diễn viên Duy Khánh Zhou Zhou,True,9.92,2.18,22.83,0.61,0.00,35.54
0024.jpg,diễn viên Duy Khánh Zhou Zhou,True,12.36,1.07,20.86,0.44,0.00,34.73
0025.jpg,diễn viên Duy Khánh Zhou Zhou,True,6.47,0.95,18.49,0.29,0.00,26.20
0026.jpg,diễn viên Duy Khánh Zhou Zhou,True,6.80,0.93,40.94,0.39,0.00,49.06
0027.jpg,diễn viên Duy Khánh Zhou Zhou,True,7.81,1.21,18.04,3.13,0.00,30.18
0028.jpg,diễn viên Duy Khánh Zhou Zhou,True,9.18,1.01,28.17,0.78,0.00,39.14
0029.jpg,diễn viên Duy Khánh Zhou Zhou,True,12.22,1.06,46.75,1.34,0.00,61.37
0030.jpg,diễn viên Duy Khánh Zhou Zhou,True,11.67,0.96,30.51,1.58,0.00,44.72
0031.jpg,diễn viên Duy Khánh Zhou Zhou,True,14.74,0.89,29.24,0.45,0.00,45.31
0032.jpg,diễn viên Duy Khánh Zhou Zhou,True,9.71,1.23,21.09,0.34,0.00,32.37
0033.jpg,diễn viên Duy Khánh Zhou Zhou,True,9.09,1.01,20.16,0.54,0.00,30.81
0034.jpg,diễn viên Duy Khánh Zhou Zhou,True,8.87,0.93,22.81,0.44,0.00,33.05
0035.jpg,diễn viên Duy Khánh Zhou Zhou,True,11.60,1.10,23.38,0.39,0.00,36.48
0036.jpg,diễn viên Duy Khánh Zhou Zhou,True,6.58,1.34,23.48,0.35,0.00,31.75
0037.jpg,diễn viên Duy Khánh Zhou Zhou,True,7.40,1.13,18.02,0.34,0.00,26.89
0038.jpg,diễn viên Duy Khánh Zhou Zhou,True,6.59,1.08,20.63,0.37,0.00,28.68
0039.jpg,diễn viên Duy Khánh Zhou Zhou,True,6.21,0.97,19.46,0.35,0.00,26.98
0040.jpg,diễn viên Duy Khánh Zhou Zhou,True,6.15,1.06,18.92,0.34,0.00,26.48
0041.jpg,diễn viên Duy Khánh Zhou Zhou,True,6.06,1.07,21.26,0.34,0.00,28.73
0042.jpg,diễn viên Duy Khánh Zhou Zhou,True,5.86,1.16,19.20,0.37,0.00,26.59
0043.jpg,diễn viên Duy Khánh Zhou Zhou,True,6.43,1.11,21.29,0.31,0.00,29.15
0001.jpg,diễn viên Dương Svm (Hồng Xiêm),True,8.37,0.58,23.90,0.37,0.00,33.22
0002.jpg,diễn viên Dương Svm (Hồng Xiêm),True,6.25,0.97,21.24,0.46,0.00,28.93
0003.jpg,diễn viên Dương Svm (Hồng Xiêm),True,9.76,1.12,21.84,0.35,0.00,33.08
0004.jpg,diễn viên Dương Svm (Hồng Xiêm),True,8.13,1.00,22.15,0.36,0.00,31.64
0005.jpg,diễn viên Dương Svm (Hồng Xiêm),True,7.01,1.06,19.30,0.37,0.00,27.74
0006.jpg,diễn viên Dương Svm (Hồng Xiêm),True,6.25,1.03,20.25,0.38,0.00,27.92
0009.jpg,diễn viên Dương Svm (Hồng Xiêm),True,6.52,1.24,20.94,0.39,0.00,29.10
0011.jpg,diễn viên Dương Svm (Hồng Xiêm),True,6.56,0.90,20.84,0.34,0.00,28.64
0012.jpg,diễn viên Dương Svm (Hồng Xiêm),True,6.52,1.24,20.60,0.38,0.00,28.73
0013.jpg,diễn viên Dương Svm (Hồng Xiêm),True,7.10,1.00,20.31,0.37,0.00,28.78
0014.jpg,diễn viên Dương Svm (Hồng Xiêm),True,7.36,1.27,20.77,0.41,0.00,29.82
0016.jpg,diễn viên Dương Svm (Hồng Xiêm),True,11.60,1.30,24.67,0.32,0.00,37.89
0019.jpg,diễn viên Dương Svm (Hồng Xiêm),True,24.81,1.17,26.71,0.37,0.00,53.06
0020.jpg,diễn viên Dương Svm (Hồng Xiêm),True,9.06,1.18,25.66,0.63,0.00,36.53
0001.jpg,diễn viên Elly Trần,True,10.61,1.83,40.12,0.40,0.00,52.95
0004.jpg,diễn viên Elly Trần,True,8.66,1.21,22.75,0.39,0.00,33.01
0007.jpg,diễn viên Elly Trần,True,8.29,1.46,24.04,0.40,0.00,34.18
0008.jpg,diễn viên Elly Trần,True,7.70,1.06,24.42,0.43,0.00,33.60
0009.jpg,diễn viên Elly Trần,True,8.65,1.65,23.32,0.34,0.00,33.96
0011.jpg,diễn viên Elly Trần,True,7.03,1.18,21.97,0.39,0.00,30.57
0012.jpg,diễn viên Elly Trần,True,6.97,1.33,22.93,0.44,0.00,31.67
0013.jpg,diễn viên Elly Trần,True,7.49,1.39,20.79,0.37,0.00,30.04
0016.jpg,diễn viên Elly Trần,True,7.35,1.18,22.46,0.36,0.00,31.34
0017.jpg,diễn viên Elly Trần,True,6.83,1.30,20.98,0.42,0.00,29.54
0020.jpg,diễn viên Elly Trần,True,7.04,1.31,19.47,0.41,0.00,28.23
0021.jpg,diễn viên Elly Trần,True,8.51,1.54,20.15,0.37,0.00,30.58
0022.jpg,diễn viên Elly Trần,True,6.81,1.21,19.48,0.33,0.00,27.83
0025.jpg,diễn viên Elly Trần,True,7.30,1.17,21.28,0.36,0.00,30.12
0026.jpg,diễn viên Elly Trần,True,8.06,1.12,19.62,0.34,0.00,29.14
0027.jpg,diễn viên Elly Trần,True,9.76,1.21,22.99,0.29,0.00,34.25
0029.jpg,diễn viên Elly Trần,True,6.08,1.39,21.50,0.37,0.00,29.34
0030.jpg,diễn viên Elly Trần,True,7.60,1.19,20.41,0.37,0.00,29.58
0031.jpg,diễn viên Elly Trần,False,6.87,0.00,0.00,0.00,0.00,6.87
0033.jpg,diễn viên Elly Trần,True,6.39,1.18,18.49,0.31,0.00,26.37
0035.jpg,diễn viên Elly Trần,True,7.36,1.19,21.60,0.39,0.00,30.55
0036.jpg,diễn viên Elly Trần,True,7.00,1.02,26.05,0.33,0.00,34.40
0038.jpg,diễn viên Elly Trần,True,7.71,3.42,25.58,0.38,0.00,37.09
0003.jpg,diễn viên Giang Sơ Ảnh,True,7.89,1.41,21.70,0.36,0.00,31.35
0004.jpg,diễn viên Giang Sơ Ảnh,True,12.06,1.15,26.25,0.36,0.00,39.82
0008.jpg,diễn viên Giang Sơ Ảnh,True,6.83,1.06,20.65,0.41,0.00,28.94
0011.jpg,diễn viên Giang Sơ Ảnh,True,13.95,1.24,21.76,0.39,0.00,37.34
0012.jpg,diễn viên Giang Sơ Ảnh,True,7.93,1.17,20.33,0.34,0.00,29.77
0013.jpg,diễn viên Giang Sơ Ảnh,True,10.11,1.22,20.97,0.40,0.00,32.70
0014.jpg,diễn viên Giang Sơ Ảnh,True,7.76,1.03,21.49,0.35,0.00,30.63
0021.jpg,diễn viên Giang Sơ Ảnh,True,7.90,0.72,23.40,0.48,0.00,32.50
0023.jpg,diễn viên Giang Sơ Ảnh,True,8.79,1.12,23.11,0.75,0.00,33.77
0024.jpg,diễn viên Giang Sơ Ảnh,True,8.22,1.28,21.84,0.42,0.00,31.76
0025.jpg,diễn viên Giang Sơ Ảnh,True,6.70,1.27,22.51,0.42,0.00,30.91
0026.jpg,diễn viên Giang Sơ Ảnh,False,9.20,0.00,0.00,0.00,0.00,9.20
0027.jpg,diễn viên Giang Sơ Ảnh,True,8.98,1.48,24.36,0.34,0.00,35.16
0029.jpg,diễn viên Giang Sơ Ảnh,True,10.26,1.64,23.16,0.56,0.00,35.62
0032.jpg,diễn viên Giang Sơ Ảnh,True,9.38,1.35,23.71,0.38,0.00,34.82
0036.jpg,diễn viên Giang Sơ Ảnh,True,8.37,1.16,21.70,0.36,0.00,31.60
0002.jpg,diễn viên Ginô Tống,False,8.95,0.00,0.00,0.00,0.00,8.95
0003.jpg,diễn viên Ginô Tống,True,8.99,1.06,20.80,0.39,0.00,31.24
0004.jpg,diễn viên Ginô Tống,True,10.11,1.40,25.77,0.41,0.00,37.70
0005.jpg,diễn viên Ginô Tống,True,10.21,1.26,25.72,1.31,0.00,38.50
0006.jpg,diễn viên Ginô Tống,True,9.57,1.71,29.27,0.83,0.00,41.38
0008.jpg,diễn viên Ginô Tống,True,16.92,1.95,28.55,0.61,0.00,48.03
0009.jpg,diễn viên Ginô Tống,True,33.88,1.87,27.52,0.44,0.00,63.71
0010.jpg,diễn viên Ginô Tống,True,8.70,0.07,28.22,0.42,0.00,37.40
0011.jpg,diễn viên Ginô Tống,True,10.66,1.59,29.66,0.52,0.00,42.42
0012.jpg,diễn viên Ginô Tống,True,11.60,1.43,31.92,0.60,0.00,45.54
0013.jpg,diễn viên Ginô Tống,True,20.20,1.27,113.06,36.68,0.01,171.22
0014.jpg,diễn viên Ginô Tống,True,14.80,1.46,48.81,0.73,0.00,65.80
0015.jpg,diễn viên Ginô Tống,True,13.31,1.30,34.20,0.42,0.00,49.24
0016.jpg,diễn viên Ginô Tống,True,9.96,0.06,24.93,0.43,0.00,35.38
0017.jpg,diễn viên Ginô Tống,True,8.82,1.22,24.38,0.41,0.00,34.83
0018.jpg,diễn viên Ginô Tống,True,9.41,0.78,26.53,0.43,0.00,37.16
0019.jpg,diễn viên Ginô Tống,True,8.78,1.51,26.16,0.45,0.00,36.91
0020.jpg,diễn viên Ginô Tống,True,9.64,1.26,25.79,0.41,0.00,37.10
0021.jpg,diễn viên Ginô Tống,True,11.97,1.51,32.70,0.42,0.00,46.60
0023.jpg,diễn viên Ginô Tống,True,10.42,1.41,34.58,0.57,0.00,46.97
0024.jpg,diễn viên Ginô Tống,True,15.11,0.07,40.03,0.45,0.00,55.67
0025.jpg,diễn viên Ginô Tống,True,12.50,1.41,31.08,0.44,0.00,45.43
0026.jpg,diễn viên Ginô Tống,True,10.64,1.57,30.14,0.48,0.00,42.83
0001.jpg,diễn viên Harry Lu,True,17.23,1.56,29.40,0.48,0.00,48.67
0002.jpg,diễn viên Harry Lu,True,15.22,1.29,30.49,0.77,0.00,47.77
0003.jpg,diễn viên Harry Lu,True,12.20,1.25,31.20,0.48,0.00,45.13
0005.jpg,diễn viên Harry Lu,True,17.50,1.64,33.53,0.47,0.00,53.14
0007.jpg,diễn viên Harry Lu,True,9.96,1.52,24.55,0.45,0.00,36.47
0009.jpg,diễn viên Harry Lu,True,9.36,1.59,25.44,0.49,0.00,36.88
0010.jpg,diễn viên Harry Lu,True,8.57,1.31,26.02,0.40,0.00,36.30
0013.jpg,diễn viên Harry Lu,True,11.66,1.67,32.60,0.45,0.00,46.38
0015.jpg,diễn viên Harry Lu,True,17.14,2.22,31.16,0.41,0.00,50.93
0017.jpg,diễn viên Harry Lu,True,12.49,1.34,26.48,0.45,0.00,40.77
0019.jpg,diễn viên Harry Lu,True,10.73,1.32,23.51,0.45,0.00,36.01
0020.jpg,diễn viên Harry Lu,True,8.48,1.23,24.98,0.45,0.00,35.14
0021.jpg,diễn viên Harry Lu,True,8.81,1.61,25.52,0.47,0.00,36.41
0022.jpg,diễn viên Harry Lu,True,9.58,1.72,31.26,0.49,0.00,43.05
0023.jpg,diễn viên Harry Lu,True,8.10,1.62,27.05,0.43,0.00,37.20
0024.jpg,diễn viên Harry Lu,True,7.40,1.27,25.04,0.41,0.00,34.13
0025.jpg,diễn viên Harry Lu,True,8.09,1.14,25.52,0.43,0.00,35.19
0026.jpg,diễn viên Harry Lu,True,7.66,1.46,22.68,0.45,0.00,32.25
0027.jpg,diễn viên Harry Lu,True,9.23,1.39,22.33,0.41,0.00,33.35
0028.jpg,diễn viên Harry Lu,True,9.00,1.12,24.78,0.43,0.00,35.33
0029.jpg,diễn viên Harry Lu,True,8.50,1.64,29.85,0.43,0.00,40.41
0030.jpg,diễn viên Harry Lu,True,13.30,1.84,26.98,0.39,0.00,42.51
0031.jpg,diễn viên Harry Lu,True,7.78,1.44,23.31,0.38,0.00,32.92
0032.jpg,diễn viên Harry Lu,True,14.12,1.38,24.62,0.38,0.00,40.50
0033.jpg,diễn viên Harry Lu,True,11.03,1.28,28.70,0.55,0.00,41.56
0034.jpg,diễn viên Harry Lu,True,11.15,1.32,28.48,0.43,0.00,41.38
0035.jpg,diễn viên Harry Lu,True,8.39,1.19,28.81,0.47,0.00,38.86
0036.jpg,diễn viên Harry Lu,True,9.11,1.36,27.86,0.71,0.00,39.04
0037.jpg,diễn viên Harry Lu,True,7.81,1.21,25.26,0.44,0.00,34.71
0038.jpg,diễn viên Harry Lu,True,7.98,1.59,23.02,0.43,0.00,33.01
0039.jpg,diễn viên Harry Lu,True,8.24,1.18,23.83,0.49,0.00,33.74
0040.jpg,diễn viên Harry Lu,True,8.23,1.22,24.48,0.38,0.00,34.30
0041.jpg,diễn viên Harry Lu,True,7.21,1.33,24.64,0.41,0.00,33.59
0042.jpg,diễn viên Harry Lu,True,7.68,1.23,23.32,0.38,0.00,32.61
0043.jpg,diễn viên Harry Lu,True,8.02,1.43,24.83,0.34,0.00,34.63
0044.jpg,diễn viên Harry Lu,True,8.13,0.67,23.97,0.37,0.00,33.14
0045.jpg,diễn viên Harry Lu,True,10.19,1.28,26.83,0.46,0.00,38.76
0001.jpg,diễn viên Hải Triều,True,9.13,1.54,25.17,0.42,0.00,36.27
0002.jpg,diễn viên Hải Triều,True,9.82,1.56,24.94,0.45,0.00,36.76
0003.jpg,diễn viên Hải Triều,True,8.19,1.38,23.33,0.47,0.00,33.37
0004.jpg,diễn viên Hải Triều,True,7.84,1.47,24.42,0.45,0.00,34.18
0007.jpg,diễn viên Hải Triều,True,8.14,1.60,26.75,0.41,0.00,36.91
0008.jpg,diễn viên Hải Triều,True,8.16,1.43,23.88,0.39,0.00,33.87
0009.jpg,diễn viên Hải Triều,True,8.78,1.37,27.99,0.49,0.00,38.63
0011.jpg,diễn viên Hải Triều,True,8.40,0.65,27.77,0.43,0.00,37.25
0012.jpg,diễn viên Hải Triều,True,9.46,1.65,31.99,0.48,0.00,43.58
0014.jpg,diễn viên Hải Triều,True,8.94,4.03,29.69,0.61,0.00,43.26
0018.jpg,diễn viên Hải Triều,True,8.49,1.30,29.20,0.48,0.00,39.46
0019.jpg,diễn viên Hải Triều,True,8.15,0.07,23.23,0.47,0.00,31.92
0021.jpg,diễn viên Hải Triều,True,8.30,1.66,27.41,0.43,0.00,37.80
0022.jpg,diễn viên Hải Triều,True,8.43,0.08,25.53,0.49,0.00,34.53
0024.jpg,diễn viên Hải Triều,True,9.18,1.71,27.72,0.46,0.00,39.08
0027.jpg,diễn viên Hải Triều,True,8.60,1.34,28.57,0.45,0.00,38.98
0028.jpg,diễn viên Hải Triều,True,10.93,1.32,30.71,0.49,0.00,43.46
0031.jpg,diễn viên Hải Triều,True,8.32,1.46,26.45,0.47,0.00,36.70
0032.jpg,diễn viên Hải Triều,True,8.77,1.57,26.22,0.43,0.00,36.99
0034.jpg,diễn viên Hải Triều,True,11.36,1.37,25.29,0.40,0.00,38.42
0035.jpg,diễn viên Hải Triều,True,8.00,1.30,27.20,0.46,0.00,36.96
0037.jpg,diễn viên Hải Triều,True,9.68,1.39,29.13,0.47,0.00,40.67
0040.jpg,diễn viên Hải Triều,True,10.34,1.55,27.46,0.59,0.00,39.95
0041.jpg,diễn viên Hải Triều,True,9.41,1.44,32.89,0.49,0.00,44.23
0042.jpg,diễn viên Hải Triều,True,8.97,1.54,24.39,0.46,0.00,35.36
0043.jpg,diễn viên Hải Triều,True,8.92,1.32,27.05,0.48,0.00,37.77
0044.jpg,diễn viên Hải Triều,True,11.53,1.80,32.89,0.49,0.00,46.73
0001.jpg,diễn viên Hảo Henry,True,9.68,0.07,26.76,0.41,0.00,36.93
0002.jpg,diễn viên Hảo Henry,False,9.39,0.00,0.00,0.00,0.00,9.39
0003.jpg,diễn viên Hảo Henry,True,7.67,1.33,26.89,0.51,0.00,36.39
0004.jpg,diễn viên Hảo Henry,True,9.76,1.56,26.87,0.37,0.00,38.56
0007.jpg,diễn viên Hảo Henry,True,13.65,1.57,30.56,0.44,0.00,46.22
0008.jpg,diễn viên Hảo Henry,True,10.25,2.33,26.00,0.44,0.00,39.02
0009.jpg,diễn viên Hảo Henry,True,8.80,1.31,27.96,0.50,0.00,38.58
0010.jpg,diễn viên Hảo Henry,True,13.57,1.55,24.19,0.48,0.00,39.80
0012.jpg,diễn viên Hảo Henry,True,16.00,1.65,27.10,0.34,0.00,45.09
0013.jpg,diễn viên Hảo Henry,True,8.85,1.46,24.23,0.41,0.00,34.95
0017.jpg,diễn viên Hảo Henry,True,8.32,1.43,26.08,0.45,0.00,36.27
0018.jpg,diễn viên Hảo Henry,True,7.68,1.44,26.63,0.41,0.00,36.17
0019.jpg,diễn viên Hảo Henry,True,8.82,1.52,25.92,0.40,0.00,36.67
0021.jpg,diễn viên Hảo Henry,True,8.36,0.06,25.81,0.34,0.00,34.58
0022.jpg,diễn viên Hảo Henry,True,8.07,1.44,24.50,0.43,0.00,34.44
0023.jpg,diễn viên Hảo Henry,True,12.05,0.63,32.89,0.51,0.00,46.09
0024.jpg,diễn viên Hảo Henry,True,11.10,1.77,26.10,0.50,0.00,39.47
0026.jpg,diễn viên Hảo Henry,True,9.20,1.34,28.32,0.53,0.00,39.39
0027.jpg,diễn viên Hảo Henry,True,8.57,1.62,27.33,0.49,0.00,38.02
0028.jpg,diễn viên Hảo Henry,True,12.59,1.68,31.28,0.43,0.00,45.98
0029.jpg,diễn viên Hảo Henry,True,8.13,1.37,30.49,0.53,0.00,40.51
0005.jpg,diễn viên Hinh Chiêu Lâm,True,9.08,1.33,28.12,0.44,0.00,38.97
0006.jpg,diễn viên Hinh Chiêu Lâm,True,8.68,1.45,26.40,0.54,0.00,37.08
0007.jpg,diễn viên Hinh Chiêu Lâm,True,9.59,1.38,27.54,0.41,0.00,38.92
0009.jpg,diễn viên Hinh Chiêu Lâm,True,13.52,1.61,35.24,0.46,0.00,50.83
0011.jpg,diễn viên Hinh Chiêu Lâm,True,8.73,1.43,29.20,0.44,0.00,39.79
0013.jpg,diễn viên Hinh Chiêu Lâm,True,9.28,1.56,25.05,0.37,0.00,36.27
0015.jpg,diễn viên Hinh Chiêu Lâm,True,7.08,1.36,23.26,0.36,0.00,32.06
0017.jpg,diễn viên Hinh Chiêu Lâm,True,8.81,1.46,30.97,0.47,0.00,41.71
0020.jpg,diễn viên Hinh Chiêu Lâm,True,12.86,1.57,33.84,4.01,0.00,52.27
0021.jpg,diễn viên Hinh Chiêu Lâm,True,13.90,1.33,28.39,0.53,0.00,44.14
0028.jpg,diễn viên Hinh Chiêu Lâm,True,8.01,1.45,26.75,0.44,0.00,36.66
0029.jpg,diễn viên Hinh Chiêu Lâm,True,9.11,1.81,24.52,0.43,0.00,35.87
0030.jpg,diễn viên Hinh Chiêu Lâm,True,13.12,1.51,28.02,0.47,0.00,43.12
0031.jpg,diễn viên Hinh Chiêu Lâm,True,8.05,1.73,28.05,0.47,0.00,38.30
0032.jpg,diễn viên Hinh Chiêu Lâm,True,12.10,1.49,28.04,0.42,0.00,42.05
0033.jpg,diễn viên Hinh Chiêu Lâm,True,10.22,1.30,30.65,0.49,0.00,42.65
0039.jpg,diễn viên Hinh Chiêu Lâm,True,7.83,1.42,29.15,0.45,0.00,38.86
0041.jpg,diễn viên Hinh Chiêu Lâm,True,8.63,1.51,25.14,0.46,0.00,35.75
0001.jpg,diễn viên Hoàng Anh Vũ,True,9.84,1.65,29.64,0.45,0.00,41.58
0002.jpg,diễn viên Hoàng Anh Vũ,True,14.15,0.63,73.78,6.10,0.00,94.67
0003.jpg,diễn viên Hoàng Anh Vũ,True,18.82,2.05,79.39,0.38,0.00,100.64
0004.jpg,diễn viên Hoàng Anh Vũ,True,12.67,19.58,31.94,0.70,0.00,64.89
0007.jpg,diễn viên Hoàng Anh Vũ,True,7.32,1.41,24.64,0.45,0.00,33.83
0009.jpg,diễn viên Hoàng Anh Vũ,True,7.71,5.11,27.38,0.73,0.00,40.93
0010.jpg,diễn viên Hoàng Anh Vũ,True,10.00,0.06,25.21,0.44,0.00,35.71
0012.jpg,diễn viên Hoàng Anh Vũ,True,10.76,1.65,27.09,0.56,0.00,40.06
0013.jpg,diễn viên Hoàng Anh Vũ,True,8.62,1.18,25.08,0.59,0.00,35.47
0015.jpg,diễn viên Hoàng Anh Vũ,True,10.06,1.69,23.77,0.47,0.00,35.99
0016.jpg,diễn viên Hoàng Anh Vũ,True,9.74,1.38,28.13,0.50,0.00,39.75
0017.jpg,diễn viên Hoàng Anh Vũ,True,7.79,1.30,29.10,0.49,0.00,38.67
0018.jpg,diễn viên Hoàng Anh Vũ,True,9.59,0.65,87.56,38.50,0.00,136.30
0019.jpg,diễn viên Hoàng Anh Vũ,True,39.14,6.77,44.97,0.47,0.00,91.35
0020.jpg,diễn viên Hoàng Anh Vũ,True,12.95,1.29,26.51,0.42,0.00,41.16
0021.jpg,diễn viên Hoàng Anh Vũ,True,8.48,1.92,26.33,0.48,0.00,37.21
0022.jpg,diễn viên Hoàng Anh Vũ,True,8.84,1.34,27.36,1.67,0.00,39.20
0023.jpg,diễn viên Hoàng Anh Vũ,True,11.17,1.56,28.33,0.47,0.00,41.53
0024.jpg,diễn viên Hoàng Anh Vũ,True,8.40,1.46,22.90,0.43,0.00,33.20
0025.jpg,diễn viên Hoàng Anh Vũ,True,9.89,1.19,24.79,0.42,0.00,36.29
0026.jpg,diễn viên Hoàng Anh Vũ,True,10.46,1.66,27.69,0.45,0.00,40.27
0027.jpg,diễn viên Hoàng Anh Vũ,True,12.89,1.66,29.50,0.38,0.00,44.44
0028.jpg,diễn viên Hoàng Anh Vũ,True,11.63,1.88,28.65,0.48,0.00,42.63
0029.jpg,diễn viên Hoàng Anh Vũ,True,9.78,1.35,28.47,0.49,0.00,40.09
0031.jpg,diễn viên Hoàng Anh Vũ,True,8.19,1.55,25.01,0.42,0.00,35.17
0035.jpg,diễn viên Hoàng Anh Vũ,True,8.22,1.54,25.55,0.59,0.00,35.90
0036.jpg,diễn viên Hoàng Anh Vũ,True,9.87,1.35,27.54,0.39,0.00,39.15
0037.jpg,diễn viên Hoàng Anh Vũ,True,9.59,1.38,28.36,0.44,0.00,39.77
0038.jpg,diễn viên Hoàng Anh Vũ,True,14.06,0.66,30.81,0.40,0.00,45.93
0039.jpg,diễn viên Hoàng Anh Vũ,True,13.42,1.61,30.43,1.01,0.00,46.47
0040.jpg,diễn viên Hoàng Anh Vũ,True,8.29,1.34,26.10,0.42,0.00,36.16
0003.jpg,diễn viên Hoàng Hiên,True,9.77,1.51,27.83,0.39,0.00,39.50
0004.jpg,diễn viên Hoàng Hiên,True,10.27,1.37,28.62,0.51,0.00,40.77
0005.jpg,diễn viên Hoàng Hiên,True,7.89,1.34,25.21,0.86,0.00,35.30
0007.jpg,diễn viên Hoàng Hiên,True,8.31,1.43,26.33,0.46,0.00,36.53
0012.jpg,diễn viên Hoàng Hiên,True,11.00,1.94,31.04,0.49,0.00,44.48
0014.jpg,diễn viên Hoàng Hiên,True,9.73,0.07,24.40,0.40,0.00,34.60
0016.jpg,diễn viên Hoàng Hiên,True,7.55,1.22,28.02,0.43,0.00,37.22
0017.jpg,diễn viên Hoàng Hiên,True,11.31,1.47,32.08,0.40,0.00,45.27
0022.jpg,diễn viên Hoàng Hiên,True,18.77,1.30,50.55,5.54,0.00,76.17
0025.jpg,diễn viên Hoàng Hiên,True,15.68,2.04,31.18,0.46,0.00,49.36
0026.jpg,diễn viên Hoàng Hiên,True,9.17,1.53,27.23,0.44,0.00,38.36
0029.jpg,diễn viên Hoàng Hiên,True,9.72,1.27,27.20,0.42,0.00,38.61
0030.jpg,diễn viên Hoàng Hiên,True,11.84,1.10,25.32,0.42,0.00,38.68
0031.jpg,diễn viên Hoàng Hiên,True,8.90,0.06,25.79,0.38,0.00,35.12
0032.jpg,diễn viên Hoàng Hiên,True,10.43,0.06,28.83,0.41,0.00,39.73
0034.jpg,diễn viên Hoàng Hiên,True,8.67,1.25,30.94,0.46,0.00,41.31
0037.jpg,diễn viên Hoàng Hiên,True,13.08,2.40,30.82,0.62,0.00,46.91
0038.jpg,diễn viên Hoàng Hiên,True,7.94,1.52,28.21,0.63,0.00,38.29
0039.jpg,diễn viên Hoàng Hiên,True,11.13,1.19,44.16,0.69,0.00,57.17
0041.jpg,diễn viên Hoàng Hiên,True,14.84,2.42,41.11,0.44,0.00,58.81
0001.jpg,diễn viên Hồ Băng Khanh,True,8.95,1.48,27.52,0.57,0.00,38.52
0004.jpg,diễn viên Hồ Băng Khanh,True,9.86,1.64,31.12,0.56,0.00,43.18
0009.jpg,diễn viên Hồ Băng Khanh,True,10.56,1.38,26.49,0.42,0.00,38.84
0010.jpg,diễn viên Hồ Băng Khanh,True,9.64,1.55,26.63,0.47,0.00,38.30
0011.jpg,diễn viên Hồ Băng Khanh,True,9.22,1.51,32.74,0.40,0.00,43.87
0013.jpg,diễn viên Hồ Băng Khanh,False,15.17,0.00,0.00,0.00,0.00,15.17
0015.jpg,diễn viên Hồ Băng Khanh,True,8.27,1.50,33.73,1.14,0.00,44.64
0017.jpg,diễn viên Hồ Băng Khanh,True,13.25,1.71,43.87,0.65,0.00,59.49
0020.jpg,diễn viên Hồ Băng Khanh,True,12.36,1.46,30.03,0.53,0.00,44.37
0023.jpg,diễn viên Hồ Băng Khanh,True,11.14,1.57,28.29,0.39,0.00,41.40
0025.jpg,diễn viên Hồ Băng Khanh,True,8.07,1.30,24.95,0.44,0.00,34.76
0030.jpg,diễn viên Hồ Băng Khanh,True,11.35,1.17,25.43,0.39,0.00,38.34
0032.jpg,diễn viên Hồ Băng Khanh,True,10.27,1.19,25.22,0.40,0.00,37.08
0033.jpg,diễn viên Hồ Băng Khanh,True,8.29,1.21,25.72,0.45,0.00,35.68
0034.jpg,diễn viên Hồ Băng Khanh,True,9.54,1.52,34.67,0.83,0.00,46.56
0037.jpg,diễn viên Hồ Băng Khanh,True,30.36,1.83,42.66,2.78,0.00,77.63
0038.jpg,diễn viên Hồ Băng Khanh,True,19.04,2.75,37.05,0.92,0.00,59.76
0040.jpg,diễn viên Hồ Băng Khanh,True,10.83,1.61,28.17,0.38,0.00,40.99
0001.jpg,diễn viên Hồ Khả,True,12.36,0.85,24.74,0.47,0.00,38.42
0002.jpg,diễn viên Hồ Khả,True,10.15,1.21,25.14,0.44,0.00,36.94
0004.jpg,diễn viên Hồ Khả,True,9.58,1.28,25.41,0.42,0.00,36.70
0005.jpg,diễn viên Hồ Khả,True,11.14,1.35,29.32,0.93,0.00,42.73
0006.jpg,diễn viên Hồ Khả,True,8.34,1.54,26.08,0.51,0.00,36.47
0007.jpg,diễn viên Hồ Khả,True,8.57,1.20,23.69,0.42,0.00,33.88
0009.jpg,diễn viên Hồ Khả,True,9.80,1.15,26.15,0.42,0.00,37.52
0010.jpg,diễn viên Hồ Khả,True,8.62,1.77,25.47,0.43,0.00,36.29
0011.jpg,diễn viên Hồ Khả,True,7.02,1.45,24.76,0.40,0.00,33.63
0012.jpg,diễn viên Hồ Khả,True,9.67,1.30,29.93,0.59,0.00,41.50
0013.jpg,diễn viên Hồ Khả,True,9.68,1.14,26.41,0.46,0.00,37.70
0014.jpg,diễn viên Hồ Khả,True,8.44,1.24,25.42,0.43,0.00,35.54
0016.jpg,diễn viên Hồ Khả,True,10.31,1.76,33.54,3.17,0.00,48.78
0020.jpg,diễn viên Hồ Khả,True,12.04,1.29,35.12,0.49,0.00,48.93
0021.jpg,diễn viên Hồ Khả,True,14.14,1.29,32.39,0.73,0.00,48.55
0022.jpg,diễn viên Hồ Khả,True,11.83,1.27,38.57,0.40,0.00,52.06
0023.jpg,diễn viên Hồ Khả,True,10.25,1.96,25.98,0.41,0.00,38.61
0025.jpg,diễn viên Hồ Khả,True,10.37,1.39,25.08,0.34,0.00,37.19
0026.jpg,diễn viên Hồ Khả,True,8.63,1.16,23.29,0.44,0.00,33.51
0030.jpg,diễn viên Hồ Khả,True,7.37,1.12,24.07,0.38,0.00,32.95
0001.jpg,diễn viên Hữu Công,True,7.90,1.08,25.89,0.37,0.00,35.24
0006.jpg,diễn viên Hữu Công,True,8.10,0.58,20.67,0.40,0.00,29.75
0009.jpg,diễn viên Hữu Công,True,7.01,1.29,21.30,0.37,0.00,29.97
0010.jpg,diễn viên Hữu Công,True,10.14,1.14,23.87,0.45,0.00,35.61
0011.jpg,diễn viên Hữu Công,False,28.83,0.00,0.00,0.00,0.00,28.83
0012.jpg,diễn viên Hữu Công,True,12.35,1.68,35.91,0.60,0.01,50.55
0013.jpg,diễn viên Hữu Công,True,10.77,3.07,26.83,0.37,0.00,41.04
0014.jpg,diễn viên Hữu Công,True,10.72,1.65,29.55,1.64,0.00,43.56
0015.jpg,diễn viên Hữu Công,True,9.50,1.45,24.13,0.46,0.00,35.54
0016.jpg,diễn viên Hữu Công,True,11.16,1.19,30.71,0.41,0.00,43.48
0019.jpg,diễn viên Hữu Công,True,12.93,1.29,60.70,0.79,0.00,75.71
0022.jpg,diễn viên Hữu Công,True,12.96,2.26,31.73,0.38,0.00,47.33
0024.jpg,diễn viên Hữu Công,True,14.24,1.60,90.88,75.08,0.00,181.81
0025.jpg,diễn viên Hữu Công,True,13.16,1.33,43.49,0.43,0.00,58.42
0026.jpg,diễn viên Hữu Công,True,18.35,1.23,37.83,0.49,0.00,57.92
0028.jpg,diễn viên Hữu Công,True,9.38,1.22,29.27,0.41,0.00,40.27
0030.jpg,diễn viên Hữu Công,True,13.99,1.30,32.88,0.46,0.00,48.62
0031.jpg,diễn viên Hữu Công,True,13.49,2.38,34.37,0.55,0.00,50.80
0032.jpg,diễn viên Hữu Công,True,15.25,1.70,33.09,0.42,0.00,50.47
0004.jpg,diễn viên Johnny Trí Nguyễn,True,8.44,1.48,29.58,0.39,0.00,39.89
0005.jpg,diễn viên Johnny Trí Nguyễn,True,10.08,1.47,25.50,0.44,0.00,37.49
0006.jpg,diễn viên Johnny Trí Nguyễn,True,8.01,1.39,24.59,0.44,0.00,34.43
0007.jpg,diễn viên Johnny Trí Nguyễn,True,10.60,1.42,24.14,0.38,0.00,36.55
0010.jpg,diễn viên Johnny Trí Nguyễn,True,10.78,1.13,33.38,0.42,0.00,45.71
0011.jpg,diễn viên Johnny Trí Nguyễn,True,9.91,1.16,25.59,0.40,0.00,37.07
0012.jpg,diễn viên Johnny Trí Nguyễn,True,21.04,3.98,39.61,0.54,0.00,65.17
0013.jpg,diễn viên Johnny Trí Nguyễn,True,10.84,1.32,26.62,2.51,0.00,41.29
0014.jpg,diễn viên Johnny Trí Nguyễn,True,11.35,1.51,26.24,0.40,0.00,39.50
0016.jpg,diễn viên Johnny Trí Nguyễn,True,13.48,2.73,29.24,0.45,0.00,45.90
0017.jpg,diễn viên Johnny Trí Nguyễn,True,7.72,1.41,23.45,0.40,0.00,32.98
0018.jpg,diễn viên Johnny Trí Nguyễn,True,23.67,1.36,29.11,0.49,0.00,54.63
0019.jpg,diễn viên Johnny Trí Nguyễn,True,39.22,4.26,51.86,0.63,0.00,95.99
0020.jpg,diễn viên Johnny Trí Nguyễn,True,14.26,2.06,40.67,0.68,0.00,57.67
0021.jpg,diễn viên Johnny Trí Nguyễn,True,17.79,2.10,41.98,0.51,0.00,62.38
0022.jpg,diễn viên Johnny Trí Nguyễn,True,11.37,1.77,37.59,0.49,0.00,51.21
0023.jpg,diễn viên Johnny Trí Nguyễn,True,15.98,1.56,43.07,0.61,0.00,61.22
0024.jpg,diễn viên Johnny Trí Nguyễn,True,13.39,1.68,55.49,1.34,0.00,71.90
0025.jpg,diễn viên Johnny Trí Nguyễn,True,19.93,2.59,45.66,0.65,0.00,68.83
0026.jpg,diễn viên Johnny Trí Nguyễn,True,11.57,1.64,33.70,0.59,0.00,47.50
0027.jpg,diễn viên Johnny Trí Nguyễn,True,10.77,1.85,37.53,0.59,0.00,50.74
0028.jpg,diễn viên Johnny Trí Nguyễn,True,11.64,1.75,38.84,0.82,0.00,53.06
0029.jpg,diễn viên Johnny Trí Nguyễn,True,18.08,2.40,32.83,0.64,0.00,53.94
0031.jpg,diễn viên Johnny Trí Nguyễn,True,10.43,1.51,32.15,0.51,0.00,44.60
0033.jpg,diễn viên Johnny Trí Nguyễn,True,11.45,2.26,37.52,0.52,0.00,51.76
0035.jpg,diễn viên Johnny Trí Nguyễn,True,15.05,1.92,42.70,0.60,0.00,60.28
0036.jpg,diễn viên Johnny Trí Nguyễn,True,12.37,2.02,33.45,0.44,0.00,48.29
0039.jpg,diễn viên Johnny Trí Nguyễn,True,11.42,1.74,33.45,0.71,0.00,47.33
0040.jpg,diễn viên Johnny Trí Nguyễn,True,11.46,1.60,37.50,0.61,0.00,51.17
0041.jpg,diễn viên Johnny Trí Nguyễn,True,15.32,2.00,39.19,0.65,0.00,57.16
0002.jpg,diễn viên Kha Chấn Đông,True,10.41,1.93,33.20,0.55,0.00,46.09
0005.jpg,diễn viên Kha Chấn Đông,True,10.61,1.66,28.87,0.51,0.00,41.65
0006.jpg,diễn viên Kha Chấn Đông,True,16.15,1.73,33.26,0.63,0.00,51.77
0007.jpg,diễn viên Kha Chấn Đông,True,9.20,2.08,29.66,1.11,0.00,42.04
0008.jpg,diễn viên Kha Chấn Đông,True,66.17,6.99,66.24,2.60,0.00,141.99
0009.jpg,diễn viên Kha Chấn Đông,True,20.72,0.07,64.63,6.06,0.00,91.49
0011.jpg,diễn viên Kha Chấn Đông,True,10.04,1.47,34.45,0.42,0.00,46.38
0013.jpg,diễn viên Kha Chấn Đông,True,9.67,2.11,39.26,0.39,0.00,51.44
0014.jpg,diễn viên Kha Chấn Đông,True,13.31,1.43,35.91,0.44,0.00,51.09
0015.jpg,diễn viên Kha Chấn Đông,True,12.72,0.07,36.90,0.48,0.00,50.17
0016.jpg,diễn viên Kha Chấn Đông,True,9.67,1.35,29.55,0.76,0.00,41.33
0018.jpg,diễn viên Kha Chấn Đông,True,15.73,2.24,54.20,0.50,0.00,72.68
0020.jpg,diễn viên Kha Chấn Đông,True,14.91,0.77,123.88,62.36,0.00,201.92
0024.jpg,diễn viên Kha Chấn Đông,True,35.40,3.00,54.15,1.54,0.00,94.09
0025.jpg,diễn viên Kha Chấn Đông,True,22.13,3.73,45.77,2.35,0.00,73.97
0027.jpg,diễn viên Kha Chấn Đông,True,14.05,1.77,34.44,0.45,0.00,50.72
0028.jpg,diễn viên Kha Chấn Đông,True,11.04,1.79,38.65,0.47,0.00,51.95
0032.jpg,diễn viên Kha Chấn Đông,True,17.68,1.92,33.83,0.47,0.00,53.89
0033.jpg,diễn viên Kha Chấn Đông,True,10.48,1.46,28.52,0.45,0.00,40.91
0034.jpg,diễn viên Kha Chấn Đông,True,10.67,1.50,27.25,0.44,0.00,39.87
0035.jpg,diễn viên Kha Chấn Đông,True,12.62,1.56,31.83,0.44,0.00,46.46
0037.jpg,diễn viên Kha Chấn Đông,True,13.18,1.67,32.34,0.94,0.00,48.13
0038.jpg,diễn viên Kha Chấn Đông,True,16.60,1.87,33.42,0.54,0.00,52.43
0001.jpg,diễn viên Kiều Chấn Vũ,True,12.02,1.35,28.06,0.45,0.00,41.88
0002.jpg,diễn viên Kiều Chấn Vũ,True,30.79,1.61,32.51,3.59,0.00,68.51
0005.jpg,diễn viên Kiều Chấn Vũ,True,16.71,3.19,33.73,0.96,0.00,54.60
0006.jpg,diễn viên Kiều Chấn Vũ,True,13.77,1.72,32.80,0.55,0.00,48.84
0010.jpg,diễn viên Kiều Chấn Vũ,True,14.78,1.32,45.77,0.51,0.00,62.38
0013.jpg,diễn viên Kiều Chấn Vũ,True,13.18,1.92,32.51,0.88,0.00,48.49
0014.jpg,diễn viên Kiều Chấn Vũ,True,12.38,1.97,29.53,0.51,0.00,44.38
0015.jpg,diễn viên Kiều Chấn Vũ,True,10.53,1.47,28.74,0.49,0.00,41.23
0017.jpg,diễn viên Kiều Chấn Vũ,True,10.05,1.36,30.93,0.49,0.00,42.84
0019.jpg,diễn viên Kiều Chấn Vũ,True,14.68,1.33,34.78,0.49,0.00,51.28
0021.jpg,diễn viên Kiều Chấn Vũ,True,10.56,1.59,28.34,0.60,0.00,41.09
0022.jpg,diễn viên Kiều Chấn Vũ,True,14.35,3.11,31.47,0.51,0.00,49.45
0024.jpg,diễn viên Kiều Chấn Vũ,True,16.64,1.34,33.00,0.49,0.00,51.46
0025.jpg,diễn viên Kiều Chấn Vũ,True,21.05,1.73,31.79,0.51,0.00,55.08
0026.jpg,diễn viên Kiều Chấn Vũ,True,12.91,1.63,29.56,0.48,0.00,44.57
0027.jpg,diễn viên Kiều Chấn Vũ,True,11.53,2.18,36.31,0.72,0.00,50.74
0028.jpg,diễn viên Kiều Chấn Vũ,True,23.80,1.66,71.40,0.78,0.00,97.63
0029.jpg,diễn viên Kiều Chấn Vũ,True,19.40,1.79,32.64,0.49,0.00,54.33
0030.jpg,diễn viên Kiều Chấn Vũ,True,14.93,1.42,35.66,0.98,0.00,52.98
0031.jpg,diễn viên Kiều Chấn Vũ,True,16.37,1.20,34.77,0.45,0.00,52.79
0032.jpg,diễn viên Kiều Chấn Vũ,True,9.51,1.32,31.17,0.47,0.00,42.48
0034.jpg,diễn viên Kiều Chấn Vũ,True,10.93,1.28,27.96,0.46,0.00,40.64
0035.jpg,diễn viên Kiều Chấn Vũ,True,11.86,1.55,35.50,0.49,0.00,49.40
0036.jpg,diễn viên Kiều Chấn Vũ,True,8.74,1.95,28.55,0.48,0.00,39.72
0037.jpg,diễn viên Kiều Chấn Vũ,True,11.61,1.75,32.53,0.59,0.00,46.48
0038.jpg,diễn viên Kiều Chấn Vũ,True,8.99,1.67,29.18,0.47,0.00,40.31
0039.jpg,diễn viên Kiều Chấn Vũ,True,10.12,1.89,32.22,0.51,0.00,44.73
0040.jpg,diễn viên Kiều Chấn Vũ,True,12.93,0.07,29.47,0.62,0.00,43.08
0041.jpg,diễn viên Kiều Chấn Vũ,True,10.95,2.63,28.33,0.52,0.00,42.43
0003.jpg,diễn viên Kiều Trinh Xíu,True,13.65,0.71,29.68,0.55,0.00,44.59
0008.jpg,diễn viên Kiều Trinh Xíu,True,8.65,1.85,29.33,0.60,0.00,40.43
0010.jpg,diễn viên Kiều Trinh Xíu,True,11.29,1.27,28.81,0.48,0.00,41.85
0011.jpg,diễn viên Kiều Trinh Xíu,True,8.20,1.60,24.00,0.44,0.00,34.25
0012.jpg,diễn viên Kiều Trinh Xíu,True,8.00,1.43,23.76,0.43,0.00,33.62
0014.jpg,diễn viên Kiều Trinh Xíu,False,7.97,0.00,0.00,0.00,0.00,7.97
0015.jpg,diễn viên Kiều Trinh Xíu,True,12.64,2.24,26.55,0.43,0.00,41.86
0016.jpg,diễn viên Kiều Trinh Xíu,True,10.85,1.29,24.17,0.39,0.00,36.70
0017.jpg,diễn viên Kiều Trinh Xíu,True,7.52,1.17,25.33,0.39,0.00,34.40
0019.jpg,diễn viên Kiều Trinh Xíu,True,8.07,1.52,23.08,0.41,0.00,33.09
0020.jpg,diễn viên Kiều Trinh Xíu,True,9.25,1.46,26.47,0.43,0.00,37.61
0021.jpg,diễn viên Kiều Trinh Xíu,True,8.69,1.11,24.20,0.41,0.00,34.42
0023.jpg,diễn viên Kiều Trinh Xíu,True,9.00,1.40,24.74,0.38,0.00,35.52
0024.jpg,diễn viên Kiều Trinh Xíu,True,8.72,1.53,29.76,0.45,0.00,40.47
0026.jpg,diễn viên Kiều Trinh Xíu,True,19.49,1.55,27.64,2.26,0.00,50.94
0027.jpg,diễn viên Kiều Trinh Xíu,True,12.37,1.28,31.45,0.49,0.00,45.58
0029.jpg,diễn viên Kiều Trinh Xíu,True,21.30,1.41,25.52,0.35,0.00,48.57
0032.jpg,diễn viên Kiều Trinh Xíu,True,9.08,1.58,26.05,0.49,0.00,37.20
0034.jpg,diễn viên Kiều Trinh Xíu,True,9.50,1.21,26.14,0.41,0.00,37.26
0035.jpg,diễn viên Kiều Trinh Xíu,True,8.21,1.27,23.92,0.42,0.00,33.82
0036.jpg,diễn viên Kiều Trinh Xíu,True,8.35,2.19,26.01,0.47,0.00,37.02
0037.jpg,diễn viên Kiều Trinh Xíu,True,8.51,0.07,25.36,0.41,0.00,34.35
0038.jpg,diễn viên Kiều Trinh Xíu,True,7.16,1.42,23.73,0.42,0.00,32.74
0001.jpg,diễn viên Kim Thần,True,9.61,3.05,41.04,0.52,0.00,54.21
0004.jpg,diễn viên Kim Thần,True,14.40,1.34,32.00,1.18,0.00,48.92
0005.jpg,diễn viên Kim Thần,True,22.88,1.63,32.94,6.61,0.00,64.07
0006.jpg,diễn viên Kim Thần,True,11.76,1.26,27.86,0.47,0.00,41.35
0010.jpg,diễn viên Kim Thần,True,9.96,1.18,26.08,0.44,0.00,37.66
0011.jpg,diễn viên Kim Thần,True,12.36,1.91,36.20,0.74,0.00,51.22
0012.jpg,diễn viên Kim Thần,True,10.76,1.35,27.78,0.42,0.00,40.32
0013.jpg,diễn viên Kim Thần,True,10.51,1.54,26.42,0.33,0.00,38.79
0014.jpg,diễn viên Kim Thần,True,10.20,1.79,24.82,0.43,0.02,37.26
0018.jpg,diễn viên Kim Thần,True,13.49,1.33,33.29,0.50,0.00,48.61
0020.jpg,diễn viên Kim Thần,True,12.60,1.38,27.03,0.49,0.00,41.50
0021.jpg,diễn viên Kim Thần,True,7.96,1.14,24.26,0.38,0.00,33.75
0023.jpg,diễn viên Kim Thần,True,6.55,1.14,40.10,0.46,0.00,48.25
0024.jpg,diễn viên Kim Thần,True,10.46,1.13,25.84,0.48,0.00,37.92
0026.jpg,diễn viên Kim Thần,True,8.99,1.05,24.20,0.40,0.00,34.65
0028.jpg,diễn viên Kim Thần,True,10.13,3.02,22.41,0.39,0.00,35.95
0029.jpg,diễn viên Kim Thần,True,10.11,1.50,25.19,0.42,0.00,37.22
0030.jpg,diễn viên Kim Thần,True,13.66,1.18,25.64,1.12,0.00,41.61
0032.jpg,diễn viên Kim Thần,True,12.74,1.36,49.96,0.83,0.00,64.89
0033.jpg,diễn viên Kim Thần,True,11.65,1.08,32.54,0.46,0.00,45.74
0035.jpg,diễn viên Kim Thần,True,9.44,1.62,28.06,0.65,0.00,39.76
0038.jpg,diễn viên Kim Thần,True,8.58,1.02,20.46,0.37,0.00,30.44
0039.jpg,diễn viên Kim Thần,True,15.73,1.04,28.95,0.36,0.00,46.07
0041.jpg,diễn viên Kim Thần,True,11.41,0.47,25.93,1.43,0.00,39.24
0003.jpg,diễn viên La Vân Hi,True,13.89,1.48,23.84,0.32,0.00,39.53
0006.jpg,diễn viên La Vân Hi,True,11.07,0.05,27.63,0.31,0.00,39.06
0011.jpg,diễn viên La Vân Hi,True,9.03,0.87,23.60,0.37,0.00,33.88
0012.jpg,diễn viên La Vân Hi,True,20.85,1.20,26.64,0.35,0.00,49.04
0014.jpg,diễn viên La Vân Hi,True,8.70,1.04,23.80,0.43,0.00,33.97
0021.jpg,diễn viên La Vân Hi,True,8.01,1.89,22.51,0.43,0.00,32.84
0022.jpg,diễn viên La Vân Hi,True,12.09,1.77,24.73,0.39,0.00,38.98
0023.jpg,diễn viên La Vân Hi,True,6.72,1.59,23.09,0.39,0.00,31.80
0026.jpg,diễn viên La Vân Hi,True,8.19,1.49,29.70,0.31,0.00,39.69
0028.jpg,diễn viên La Vân Hi,True,17.37,3.09,60.22,8.19,0.00,88.88
0032.jpg,diễn viên La Vân Hi,True,6.74,1.08,20.76,0.37,0.00,28.94
0033.jpg,diễn viên La Vân Hi,True,14.48,5.39,26.92,0.36,0.00,47.14
0035.jpg,diễn viên La Vân Hi,True,7.32,1.40,23.05,0.34,0.00,32.11
0036.jpg,diễn viên La Vân Hi,True,5.67,0.54,20.37,0.31,0.00,26.89
0038.jpg,diễn viên La Vân Hi,True,5.66,0.90,18.15,0.30,0.00,25.01
0039.jpg,diễn viên La Vân Hi,True,5.72,1.14,20.47,1.31,0.00,28.65
0040.jpg,diễn viên La Vân Hi,True,6.60,0.92,19.35,0.64,0.00,27.50
0041.jpg,diễn viên La Vân Hi,False,7.57,0.00,0.00,0.00,0.00,7.57
0045.jpg,diễn viên La Vân Hi,True,8.21,0.93,23.83,0.34,0.00,33.32
0047.jpg,diễn viên La Vân Hi,True,7.09,0.94,21.94,0.49,0.00,30.46
0048.jpg,diễn viên La Vân Hi,True,5.61,1.13,19.05,0.29,0.00,26.08
0001.jpg,diễn viên Lana Condor,True,7.28,0.95,19.41,0.37,0.00,28.01
0002.jpg,diễn viên Lana Condor,True,5.65,0.98,17.87,0.31,0.00,24.82
0003.jpg,diễn viên Lana Condor,True,7.68,0.95,20.88,0.28,0.00,29.80
0004.jpg,diễn viên Lana Condor,True,6.03,1.25,18.95,0.35,0.00,26.57
0006.jpg,diễn viên Lana Condor,True,6.92,1.09,19.97,0.35,0.00,28.33
0008.jpg,diễn viên Lana Condor,True,6.99,1.12,19.88,0.34,0.00,28.34
0009.jpg,diễn viên Lana Condor,True,6.74,0.98,20.86,0.36,0.00,28.94
0012.jpg,diễn viên Lana Condor,True,12.74,1.21,23.11,0.39,0.00,37.45
0013.jpg,diễn viên Lana Condor,True,9.08,1.31,23.00,0.46,0.00,33.85
0014.jpg,diễn viên Lana Condor,True,11.99,1.75,25.56,0.46,0.00,39.76
0015.jpg,diễn viên Lana Condor,True,8.92,1.22,21.10,0.55,0.00,31.79
0016.jpg,diễn viên Lana Condor,True,9.10,1.38,23.38,0.34,0.00,34.20
0020.jpg,diễn viên Lana Condor,True,11.97,1.19,24.59,0.87,0.00,38.62
0021.jpg,diễn viên Lana Condor,True,12.18,1.17,20.08,0.36,0.00,33.79
0023.jpg,diễn viên Lana Condor,True,17.65,1.16,27.29,0.74,0.00,46.84
0025.jpg,diễn viên Lana Condor,True,9.33,4.07,26.75,0.53,0.00,40.68
0026.jpg,diễn viên Lana Condor,True,18.34,0.98,29.45,1.38,0.00,50.14
0027.jpg,diễn viên Lana Condor,True,8.26,1.85,48.18,0.34,0.00,58.63
0029.jpg,diễn viên Lana Condor,True,12.45,1.45,20.51,0.28,0.00,34.69
0030.jpg,diễn viên Lana Condor,True,8.13,1.08,19.43,0.39,0.00,29.04
0031.jpg,diễn viên Lana Condor,True,8.26,0.62,24.95,3.51,0.00,37.35
0032.jpg,diễn viên Lana Condor,True,12.58,1.48,28.89,0.60,0.00,43.55
0033.jpg,diễn viên Lana Condor,True,12.23,1.00,27.44,0.38,0.00,41.05
0035.jpg,diễn viên Lana Condor,True,9.85,1.32,28.12,0.40,0.00,39.69
0036.jpg,diễn viên Lana Condor,True,10.40,1.15,25.69,0.40,0.00,37.64
0037.jpg,diễn viên Lana Condor,True,8.55,1.39,22.47,0.42,0.00,32.82
0040.jpg,diễn viên Lana Condor,True,8.58,1.45,24.59,0.41,0.00,35.03
0001.jpg,diễn viên Linh Miu,True,7.85,1.19,20.04,0.39,0.00,29.48
0002.jpg,diễn viên Linh Miu,True,6.90,1.14,20.68,0.40,0.00,29.11
0003.jpg,diễn viên Linh Miu,True,7.24,1.42,19.85,0.40,0.00,28.91
0004.jpg,diễn viên Linh Miu,True,7.45,0.51,21.25,0.35,0.00,29.56
0006.jpg,diễn viên Linh Miu,True,6.15,1.13,22.21,0.39,0.00,29.89
0007.jpg,diễn viên Linh Miu,True,11.37,1.17,18.65,0.31,0.00,31.50
0009.jpg,diễn viên Linh Miu,True,8.02,1.50,21.82,0.38,0.00,31.71
0010.jpg,diễn viên Linh Miu,True,10.76,1.11,21.38,0.36,0.00,33.61
0012.jpg,diễn viên Linh Miu,True,7.42,1.34,21.42,0.39,0.00,30.57
0013.jpg,diễn viên Linh Miu,True,7.15,1.40,22.64,0.43,0.00,31.61
0016.jpg,diễn viên Linh Miu,True,11.60,1.54,20.62,0.38,0.00,34.14
0017.jpg,diễn viên Linh Miu,True,8.35,1.00,20.46,0.38,0.00,30.19
0018.jpg,diễn viên Linh Miu,True,7.11,1.20,20.13,0.37,0.00,28.81
0020.jpg,diễn viên Linh Miu,True,7.75,1.15,21.83,0.38,0.00,31.11
0021.jpg,diễn viên Linh Miu,True,8.35,1.03,22.19,0.38,0.00,31.96
0022.jpg,diễn viên Linh Miu,True,7.26,1.24,22.16,0.34,0.00,31.01
0023.jpg,diễn viên Linh Miu,True,7.08,1.20,19.48,0.32,0.00,28.08
0024.jpg,diễn viên Linh Miu,True,8.43,1.06,22.63,0.37,0.00,32.48
0026.jpg,diễn viên Linh Miu,True,8.08,1.33,23.02,0.34,0.00,32.76
0029.jpg,diễn viên Linh Miu,True,7.19,1.10,20.59,0.35,0.00,29.23
0031.jpg,diễn viên Linh Miu,True,7.88,1.55,20.23,0.36,0.00,30.02
0032.jpg,diễn viên Linh Miu,True,6.85,1.03,25.49,0.36,0.00,33.72
0035.jpg,diễn viên Linh Miu,True,10.96,3.73,34.20,0.38,0.00,49.28
0036.jpg,diễn viên Linh Miu,True,7.13,0.98,32.53,0.83,0.00,41.47
0037.jpg,diễn viên Linh Miu,True,10.22,0.05,22.35,0.36,0.00,32.98
0040.jpg,diễn viên Linh Miu,True,10.01,1.11,21.79,0.33,0.00,33.25
0001.jpg,diễn viên Lục Nghị,True,7.27,2.57,21.07,0.39,0.00,31.30
0004.jpg,diễn viên Lục Nghị,True,9.63,0.09,20.00,0.37,0.00,30.09
0006.jpg,diễn viên Lục Nghị,True,6.59,1.24,20.57,0.37,0.00,28.76
0007.jpg,diễn viên Lục Nghị,True,6.86,1.01,20.57,0.35,0.00,28.79
0008.jpg,diễn viên Lục Nghị,True,6.88,1.00,20.42,0.36,0.00,28.67
0009.jpg,diễn viên Lục Nghị,True,6.49,0.49,20.18,0.38,0.00,27.55
0010.jpg,diễn viên Lục Nghị,True,6.21,1.00,20.38,0.36,0.00,27.95
0011.jpg,diễn viên Lục Nghị,True,6.07,0.52,18.72,0.34,0.00,25.66
0012.jpg,diễn viên Lục Nghị,True,7.20,1.04,21.54,0.37,0.00,30.15
0013.jpg,diễn viên Lục Nghị,True,6.78,1.15,23.59,0.43,0.00,31.95
0014.jpg,diễn viên Lục Nghị,True,12.28,1.10,35.30,0.43,0.00,49.10
0015.jpg,diễn viên Lục Nghị,True,24.05,4.71,44.73,3.21,0.00,76.70
0018.jpg,diễn viên Lục Nghị,True,23.16,1.03,28.16,0.44,0.00,52.80
0020.jpg,diễn viên Lục Nghị,True,20.12,2.47,160.09,36.80,0.00,219.49
0021.jpg,diễn viên Lục Nghị,True,9.40,1.83,22.54,0.84,0.00,34.61
0022.jpg,diễn viên Lục Nghị,True,10.43,1.28,23.48,0.36,0.00,35.54
0023.jpg,diễn viên Lục Nghị,True,11.46,1.18,29.17,6.25,0.00,48.05
0024.jpg,diễn viên Lục Nghị,True,20.41,3.67,41.66,1.05,0.00,66.79
0025.jpg,diễn viên Lục Nghị,True,7.72,1.11,21.29,0.32,0.00,30.44
0027.jpg,diễn viên Lục Nghị,True,6.42,8.01,25.74,0.30,0.00,40.48
0028.jpg,diễn viên Lục Nghị,True,10.65,0.94,26.36,0.60,0.00,38.55
0029.jpg,diễn viên Lục Nghị,True,7.39,0.93,29.01,0.67,0.00,37.99
0030.jpg,diễn viên Lục Nghị,True,9.17,1.22,21.22,0.35,0.00,31.95
0032.jpg,diễn viên Lục Nghị,True,8.00,1.24,21.57,0.45,0.00,31.25
0033.jpg,diễn viên Lục Nghị,True,11.36,1.06,28.80,2.01,0.00,43.22
0036.jpg,diễn viên Lục Nghị,True,10.71,2.06,25.47,0.35,0.00,38.58
0001.jpg,diễn viên Lý Hoành Nghị,True,7.16,0.98,21.67,0.34,0.00,30.15
0003.jpg,diễn viên Lý Hoành Nghị,True,8.31,1.03,28.09,2.21,0.00,39.63
0004.jpg,diễn viên Lý Hoành Nghị,True,7.72,0.88,25.03,1.71,0.00,35.34
0007.jpg,diễn viên Lý Hoành Nghị,True,11.19,1.04,25.41,0.68,0.00,38.32
0008.jpg,diễn viên Lý Hoành Nghị,True,13.34,1.06,25.80,1.24,0.00,41.43
0009.jpg,diễn viên Lý Hoành Nghị,True,8.56,0.96,27.93,0.34,0.00,37.78
0010.jpg,diễn viên Lý Hoành Nghị,False,11.38,0.00,0.00,0.00,0.00,11.38
0011.jpg,diễn viên Lý Hoành Nghị,True,14.42,3.59,33.41,0.51,0.00,51.92
0012.jpg,diễn viên Lý Hoành Nghị,True,8.36,0.89,21.23,1.37,0.00,31.86
0016.jpg,diễn viên Lý Hoành Nghị,True,10.25,0.95,23.58,0.53,0.00,35.31
0021.jpg,diễn viên Lý Hoành Nghị,True,11.00,3.94,27.19,0.37,0.00,42.50
0022.jpg,diễn viên Lý Hoành Nghị,True,12.75,1.09,26.00,0.38,0.00,40.22
0023.jpg,diễn viên Lý Hoành Nghị,False,7.93,0.00,0.00,0.00,0.00,7.93
0024.jpg,diễn viên Lý Hoành Nghị,True,13.45,1.48,26.19,0.39,0.00,41.52
0025.jpg,diễn viên Lý Hoành Nghị,True,12.54,1.21,22.71,0.43,0.00,36.90
0030.jpg,diễn viên Lý Hoành Nghị,True,8.11,0.97,19.94,0.31,0.00,29.33
0035.jpg,diễn viên Lý Hoành Nghị,True,14.26,0.87,39.73,16.05,0.00,70.91
0036.jpg,diễn viên Lý Hoành Nghị,True,15.23,1.27,41.56,3.12,0.00,61.18
0040.jpg,diễn viên Lý Hoành Nghị,True,15.11,2.28,42.22,0.34,0.00,59.95
0002.jpg,diễn viên Lý Khê Nhuế,True,10.06,1.37,77.66,0.95,0.00,90.05
0007.jpg,diễn viên Lý Khê Nhuế,True,9.16,1.37,76.19,0.36,0.00,87.08
0008.jpg,diễn viên Lý Khê Nhuế,True,15.91,1.22,26.17,0.39,0.00,43.68
0010.jpg,diễn viên Lý Khê Nhuế,True,11.35,0.05,22.95,0.38,0.00,34.74
0013.jpg,diễn viên Lý Khê Nhuế,True,10.43,1.24,20.17,0.34,0.00,32.19
0015.jpg,diễn viên Lý Khê Nhuế,True,6.79,1.03,23.03,0.27,0.00,31.13
0018.jpg,diễn viên Lý Khê Nhuế,True,6.96,0.89,22.59,0.39,0.00,30.83
0023.jpg,diễn viên Lý Khê Nhuế,True,8.99,1.46,18.96,0.35,0.00,29.76
0025.jpg,diễn viên Lý Khê Nhuế,True,6.06,0.86,18.12,0.48,0.00,25.53
0026.jpg,diễn viên Lý Khê Nhuế,True,6.91,1.08,18.72,0.34,0.00,27.04
0027.jpg,diễn viên Lý Khê Nhuế,False,19.19,0.00,0.00,0.00,0.00,19.19
0030.jpg,diễn viên Lý Khê Nhuế,True,8.11,1.14,20.43,0.29,0.00,29.97
0031.jpg,diễn viên Lý Khê Nhuế,True,8.41,0.05,20.11,0.32,0.00,28.88
0032.jpg,diễn viên Lý Khê Nhuế,True,7.45,1.09,20.38,0.41,0.00,29.33
0033.jpg,diễn viên Lý Khê Nhuế,True,7.50,0.95,18.71,0.35,0.00,27.52
0034.jpg,diễn viên Lý Khê Nhuế,True,6.34,0.86,22.68,0.31,0.00,30.19
0036.jpg,diễn viên Lý Khê Nhuế,True,7.55,0.87,21.40,0.30,0.00,30.11
0037.jpg,diễn viên Lý Khê Nhuế,True,8.58,0.88,18.78,0.33,0.00,28.57
0038.jpg,diễn viên Lý Khê Nhuế,True,7.52,0.93,24.12,0.34,0.00,32.90
0039.jpg,diễn viên Lý Khê Nhuế,True,6.63,1.43,23.62,0.38,0.00,32.06
0004.jpg,diễn viên Lý Nhã Kỳ,True,8.32,1.54,20.13,0.37,0.00,30.37
0005.jpg,diễn viên Lý Nhã Kỳ,True,7.88,1.19,21.31,0.32,0.00,30.71
0006.jpg,diễn viên Lý Nhã Kỳ,True,11.87,1.67,33.37,0.33,0.00,47.25
0007.jpg,diễn viên Lý Nhã Kỳ,True,7.22,1.84,29.80,0.34,0.00,39.20
0008.jpg,diễn viên Lý Nhã Kỳ,True,5.74,0.96,21.57,0.31,0.00,28.58
0011.jpg,diễn viên Lý Nhã Kỳ,True,8.10,0.93,23.59,1.11,0.00,33.73
0013.jpg,diễn viên Lý Nhã Kỳ,True,17.74,10.08,54.73,1.20,0.00,83.75
0014.jpg,diễn viên Lý Nhã Kỳ,True,8.42,0.85,53.61,4.19,0.00,67.07
0016.jpg,diễn viên Lý Nhã Kỳ,True,6.51,0.96,19.87,0.30,0.00,27.64
0017.jpg,diễn viên Lý Nhã Kỳ,True,5.60,1.38,22.21,0.38,0.00,29.56
0019.jpg,diễn viên Lý Nhã Kỳ,True,11.99,0.82,39.02,0.31,0.00,52.14
0021.jpg,diễn viên Lý Nhã Kỳ,True,5.55,2.41,18.19,0.30,0.00,26.45
0022.jpg,diễn viên Lý Nhã Kỳ,True,10.18,0.90,18.31,0.42,0.00,29.81
0023.jpg,diễn viên Lý Nhã Kỳ,True,6.77,0.51,53.38,3.92,0.00,64.59
0024.jpg,diễn viên Lý Nhã Kỳ,True,10.79,1.19,32.89,0.38,0.00,45.25
0025.jpg,diễn viên Lý Nhã Kỳ,True,14.41,1.11,41.67,0.29,0.00,57.49
0026.jpg,diễn viên Lý Nhã Kỳ,True,24.05,1.27,16.97,0.29,0.00,42.58
0028.jpg,diễn viên Lý Nhã Kỳ,True,10.07,0.45,24.90,1.43,0.00,36.85
0031.jpg,diễn viên Lý Nhã Kỳ,True,15.81,2.47,20.78,0.34,0.00,39.40
0033.jpg,diễn viên Lý Nhã Kỳ,True,12.48,1.26,24.98,0.33,0.00,39.05
0034.jpg,diễn viên Lý Nhã Kỳ,True,10.49,0.97,33.26,0.29,0.00,45.00
0035.jpg,diễn viên Lý Nhã Kỳ,True,17.25,1.20,36.25,6.87,0.00,61.57
0036.jpg,diễn viên Lý Nhã Kỳ,True,8.15,1.10,30.38,1.18,0.00,40.82
0038.jpg,diễn viên Lý Nhã Kỳ,True,18.23,1.42,40.18,0.36,0.00,60.20
0039.jpg,diễn viên Lý Nhã Kỳ,True,10.35,0.88,19.71,1.17,0.00,32.12
0002.jpg,diễn viên Lý Phi Nhi,True,8.03,0.91,18.19,0.45,0.00,27.58
0003.jpg,diễn viên Lý Phi Nhi,True,6.24,0.93,16.74,0.65,0.00,24.55
0005.jpg,diễn viên Lý Phi Nhi,True,7.74,0.96,18.68,0.32,0.00,27.70
0006.jpg,diễn viên Lý Phi Nhi,True,5.71,0.74,21.85,0.31,0.00,28.61
0007.jpg,diễn viên Lý Phi Nhi,True,6.62,0.77,16.98,0.30,0.00,24.67
0008.jpg,diễn viên Lý Phi Nhi,True,5.47,0.88,15.32,0.55,0.00,22.22
0009.jpg,diễn viên Lý Phi Nhi,True,8.70,1.37,21.05,0.62,0.00,31.74
0010.jpg,diễn viên Lý Phi Nhi,True,6.54,0.77,18.58,0.32,0.00,26.22
0011.jpg,diễn viên Lý Phi Nhi,True,6.44,0.75,14.57,0.28,0.00,22.04
0012.jpg,diễn viên Lý Phi Nhi,True,5.88,0.86,21.92,0.29,0.00,28.96
0013.jpg,diễn viên Lý Phi Nhi,True,5.41,0.92,23.20,1.29,0.00,30.82
0015.jpg,diễn viên Lý Phi Nhi,True,4.57,0.87,17.23,0.30,0.00,22.96
0017.jpg,diễn viên Lý Phi Nhi,True,4.48,0.74,16.04,0.23,0.00,21.49
0018.jpg,diễn viên Lý Phi Nhi,True,6.68,1.16,18.88,0.28,0.00,27.00
0020.jpg,diễn viên Lý Phi Nhi,True,7.20,0.78,15.61,0.25,0.00,23.84
0023.jpg,diễn viên Lý Phi Nhi,True,7.01,0.89,19.00,0.27,0.00,27.18
0024.jpg,diễn viên Lý Phi Nhi,True,4.89,0.88,17.27,0.69,0.00,23.73
0027.jpg,diễn viên Lý Phi Nhi,True,6.62,1.01,15.89,0.42,0.00,23.94
0028.jpg,diễn viên Lý Phi Nhi,True,6.27,0.86,19.17,0.38,0.00,26.68
0030.jpg,diễn viên Lý Phi Nhi,True,8.76,1.74,15.78,0.27,0.00,26.56
0031.jpg,diễn viên Lý Phi Nhi,True,4.57,0.74,15.70,0.29,0.00,21.29
0032.jpg,diễn viên Lý Phi Nhi,True,4.56,1.01,15.54,0.28,0.00,21.39
0033.jpg,diễn viên Lý Phi Nhi,True,5.40,0.77,17.27,0.27,0.00,23.72
0034.jpg,diễn viên Lý Phi Nhi,True,7.05,0.92,18.56,0.45,0.00,26.97
0035.jpg,diễn viên Lý Phi Nhi,True,5.72,0.73,15.84,0.29,0.00,22.58
0036.jpg,diễn viên Lý Phi Nhi,True,5.44,0.38,16.79,0.24,0.00,22.85
0037.jpg,diễn viên Lý Phi Nhi,True,7.89,1.14,19.20,0.30,0.00,28.54
0038.jpg,diễn viên Lý Phi Nhi,True,7.47,0.93,16.07,0.31,0.00,24.77
0039.jpg,diễn viên Lý Phi Nhi,True,5.98,0.89,14.18,0.27,0.00,21.32
0001.jpg,diễn viên Lý Thấm,True,5.22,0.86,13.49,0.25,0.00,19.81
0002.jpg,diễn viên Lý Thấm,True,4.33,0.76,15.07,0.28,0.00,20.44
0003.jpg,diễn viên Lý Thấm,True,4.81,0.89,14.02,0.28,0.00,20.01
0005.jpg,diễn viên Lý Thấm,True,4.20,0.74,14.25,0.27,0.00,19.46
0007.jpg,diễn viên Lý Thấm,True,6.47,0.83,15.23,0.22,0.00,22.75
0008.jpg,diễn viên Lý Thấm,True,70.01,8.91,114.64,0.31,0.00,193.87
0009.jpg,diễn viên Lý Thấm,True,6.78,1.34,21.74,0.38,0.00,30.25
0014.jpg,diễn viên Lý Thấm,True,6.29,0.96,19.50,0.40,0.00,27.14
0015.jpg,diễn viên Lý Thấm,True,8.66,1.31,24.45,0.39,0.00,34.81
0018.jpg,diễn viên Lý Thấm,True,6.46,1.34,22.75,0.37,0.00,30.92
0020.jpg,diễn viên Lý Thấm,True,6.37,1.03,21.30,0.56,0.00,29.26
0021.jpg,diễn viên Lý Thấm,True,35.44,34.09,28.38,0.34,0.00,98.25
0022.jpg,diễn viên Lý Thấm,True,12.95,1.08,31.40,0.93,0.00,46.37
0023.jpg,diễn viên Lý Thấm,True,7.15,1.05,23.60,0.41,0.00,32.20
0026.jpg,diễn viên Lý Thấm,True,7.75,1.28,19.86,0.37,0.00,29.27
0027.jpg,diễn viên Lý Thấm,True,8.15,1.27,21.53,0.51,0.00,31.47
0028.jpg,diễn viên Lý Thấm,True,7.27,1.12,24.86,0.47,0.00,33.72
0031.jpg,diễn viên Lý Thấm,True,9.98,4.30,21.60,0.40,0.00,36.28
0035.jpg,diễn viên Lý Thấm,True,7.23,1.58,24.11,0.32,0.00,33.24
0037.jpg,diễn viên Lý Thấm,True,7.78,1.04,22.92,0.45,0.00,32.19
0039.jpg,diễn viên Lý Thấm,True,8.27,1.29,24.31,0.44,0.00,34.31
0040.jpg,diễn viên Lý Thấm,True,7.45,1.31,23.13,0.36,0.00,32.25
0042.jpg,diễn viên Lý Thấm,True,7.10,1.73,21.85,0.38,0.00,31.05
0043.jpg,diễn viên Lý Thấm,True,7.41,1.07,22.02,0.39,0.00,30.89
0045.jpg,diễn viên Lý Thấm,True,8.07,1.53,22.41,0.33,0.00,32.34
0047.jpg,diễn viên Lý Thấm,True,7.57,1.39,20.05,0.38,0.00,29.38
0002.jpg,diễn viên Lý Trị Đình,True,8.11,1.45,26.38,0.37,0.00,36.31
0004.jpg,diễn viên Lý Trị Đình,True,19.09,1.37,24.00,0.64,0.00,45.09
0005.jpg,diễn viên Lý Trị Đình,True,7.00,1.14,21.95,0.39,0.00,30.48
0006.jpg,diễn viên Lý Trị Đình,True,7.17,1.08,21.48,0.36,0.00,30.09
0007.jpg,diễn viên Lý Trị Đình,True,10.22,1.22,21.53,0.36,0.00,33.34
0009.jpg,diễn viên Lý Trị Đình,True,6.11,1.23,21.81,0.42,0.00,29.57
0010.jpg,diễn viên Lý Trị Đình,True,6.69,1.17,23.54,0.38,0.00,31.78
0013.jpg,diễn viên Lý Trị Đình,True,11.53,1.89,27.66,2.21,0.00,43.29
0015.jpg,diễn viên Lý Trị Đình,True,10.31,1.21,112.99,6.02,0.00,130.53
0016.jpg,diễn viên Lý Trị Đình,True,35.33,1.55,32.69,0.35,0.00,69.93
0017.jpg,diễn viên Lý Trị Đình,False,7.17,0.00,0.00,0.00,0.00,7.17
0018.jpg,diễn viên Lý Trị Đình,True,9.22,1.10,24.59,0.39,0.00,35.31
0019.jpg,diễn viên Lý Trị Đình,True,15.17,1.16,21.08,0.33,0.00,37.74
0021.jpg,diễn viên Lý Trị Đình,True,6.75,1.08,22.19,0.28,0.00,30.30
0022.jpg,diễn viên Lý Trị Đình,True,6.38,0.45,22.62,0.35,0.00,29.80
0023.jpg,diễn viên Lý Trị Đình,True,7.20,2.63,20.36,0.43,0.00,30.62
0024.jpg,diễn viên Lý Trị Đình,True,7.46,1.17,19.19,0.37,0.00,28.18
0029.jpg,diễn viên Lý Trị Đình,True,8.24,1.10,21.54,0.31,0.00,31.20
0030.jpg,diễn viên Lý Trị Đình,True,5.61,0.89,18.57,0.30,0.00,25.37
0032.jpg,diễn viên Lý Trị Đình,True,8.75,1.88,19.30,0.28,0.00,30.20
0033.jpg,diễn viên Lý Trị Đình,True,5.39,0.96,18.77,0.33,0.00,25.45
0035.jpg,diễn viên Lý Trị Đình,True,5.98,0.94,18.70,0.32,0.00,25.95
0001.jpg,diễn viên Mai Quỳnh Anh,True,7.67,0.93,17.61,0.33,0.00,26.54
0002.jpg,diễn viên Mai Quỳnh Anh,True,5.21,0.88,18.88,0.35,0.00,25.31
0003.jpg,diễn viên Mai Quỳnh Anh,True,5.59,1.10,19.95,0.36,0.00,27.00
0004.jpg,diễn viên Mai Quỳnh Anh,True,7.29,1.47,18.89,0.31,0.00,27.95
0006.jpg,diễn viên Mai Quỳnh Anh,True,5.55,0.97,19.70,0.37,0.00,26.58
0010.jpg,diễn viên Mai Quỳnh Anh,True,5.74,1.19,18.78,0.36,0.00,26.08
0013.jpg,diễn viên Mai Quỳnh Anh,True,5.40,1.08,17.88,0.32,0.00,24.68
0014.jpg,diễn viên Mai Quỳnh Anh,True,5.64,1.05,35.22,0.33,0.00,42.24
0015.jpg,diễn viên Mai Quỳnh Anh,True,5.62,0.43,18.83,0.55,0.00,25.43
0016.jpg,diễn viên Mai Quỳnh Anh,True,5.87,1.19,18.87,0.36,0.00,26.30
0018.jpg,diễn viên Mai Quỳnh Anh,True,5.55,0.86,19.10,0.63,0.00,26.14
0019.jpg,diễn viên Mai Quỳnh Anh,True,5.29,1.13,17.29,0.34,0.00,24.04
0020.jpg,diễn viên Mai Quỳnh Anh,True,6.79,0.46,16.86,0.31,0.00,24.42
0022.jpg,diễn viên Mai Quỳnh Anh,True,23.60,1.06,18.55,0.33,0.00,43.54
0023.jpg,diễn viên Mai Quỳnh Anh,True,6.87,0.99,21.03,0.34,0.00,29.23
0024.jpg,diễn viên Mai Quỳnh Anh,True,6.77,1.27,20.13,0.35,0.00,28.52
0026.jpg,diễn viên Mai Quỳnh Anh,True,7.62,1.30,21.38,0.33,0.00,30.63
0027.jpg,diễn viên Mai Quỳnh Anh,True,6.19,1.01,20.33,0.34,0.00,27.87
0028.jpg,diễn viên Mai Quỳnh Anh,True,6.46,1.54,21.58,0.51,0.00,30.10
0001.jpg,diễn viên Mao Tử Tuấn,False,9.48,0.00,0.00,0.00,0.00,9.48
0002.jpg,diễn viên Mao Tử Tuấn,True,6.98,1.14,20.21,0.33,0.00,28.66
0005.jpg,diễn viên Mao Tử Tuấn,True,6.41,1.31,20.22,0.31,0.00,28.26
0006.jpg,diễn viên Mao Tử Tuấn,True,6.13,1.22,19.93,0.38,0.00,27.67
0009.jpg,diễn viên Mao Tử Tuấn,True,7.68,0.97,19.40,0.35,0.00,28.40
0010.jpg,diễn viên Mao Tử Tuấn,True,6.52,1.02,17.91,0.44,0.00,25.89
0011.jpg,diễn viên Mao Tử Tuấn,True,5.91,1.02,19.82,0.34,0.00,27.09
0012.jpg,diễn viên Mao Tử Tuấn,True,7.53,1.00,21.26,0.37,0.00,30.17
0013.jpg,diễn viên Mao Tử Tuấn,True,7.14,1.22,21.19,0.38,0.00,29.93
0015.jpg,diễn viên Mao Tử Tuấn,True,7.14,1.23,21.94,0.32,0.00,30.63
0016.jpg,diễn viên Mao Tử Tuấn,True,8.26,1.43,19.12,0.38,0.00,29.18
0017.jpg,diễn viên Mao Tử Tuấn,True,6.59,1.18,20.78,0.45,0.00,29.00
0018.jpg,diễn viên Mao Tử Tuấn,True,6.35,0.99,18.09,0.43,0.00,25.86
0021.jpg,diễn viên Mao Tử Tuấn,True,6.29,0.97,20.95,0.37,0.00,28.58
0023.jpg,diễn viên Mao Tử Tuấn,True,6.90,1.01,19.99,0.39,0.00,28.30
0026.jpg,diễn viên Mao Tử Tuấn,True,6.00,1.12,22.75,0.38,0.00,30.26
0027.jpg,diễn viên Mao Tử Tuấn,True,6.21,1.14,20.71,0.41,0.00,28.47
0028.jpg,diễn viên Mao Tử Tuấn,True,6.77,1.04,20.21,0.38,0.00,28.41
0031.jpg,diễn viên Mao Tử Tuấn,True,6.47,1.05,16.89,0.38,0.00,24.79
0034.jpg,diễn viên Mao Tử Tuấn,True,6.18,1.17,21.48,0.34,0.00,29.17
0035.jpg,diễn viên Mao Tử Tuấn,True,6.70,1.06,20.00,0.31,0.00,28.07
0036.jpg,diễn viên Mao Tử Tuấn,True,31.30,1.60,20.68,0.38,0.00,53.96
0037.jpg,diễn viên Mao Tử Tuấn,True,7.47,0.05,20.42,0.49,0.00,28.44
0038.jpg,diễn viên Mao Tử Tuấn,True,7.06,1.13,20.61,0.35,0.00,29.15
0039.jpg,diễn viên Mao Tử Tuấn,True,7.62,1.15,21.28,0.37,0.00,30.42
0041.jpg,diễn viên Mao Tử Tuấn,True,7.33,1.00,20.73,0.37,0.00,29.43
0043.jpg,diễn viên Mao Tử Tuấn,True,5.86,1.06,19.26,0.33,0.00,26.51
0044.jpg,diễn viên Mao Tử Tuấn,True,5.90,1.09,20.42,0.42,0.00,27.83
0001.jpg,diễn viên Mã Cảnh Đào,True,6.48,0.49,20.72,0.35,0.00,28.03
0002.jpg,diễn viên Mã Cảnh Đào,True,7.22,1.09,21.87,0.37,0.00,30.56
0003.jpg,diễn viên Mã Cảnh Đào,True,6.85,1.86,20.50,0.37,0.00,29.58
0005.jpg,diễn viên Mã Cảnh Đào,True,10.19,0.04,21.02,0.34,0.00,31.59
0006.jpg,diễn viên Mã Cảnh Đào,True,8.12,1.21,21.26,0.36,0.00,30.95
0007.jpg,diễn viên Mã Cảnh Đào,True,6.85,1.21,20.42,0.36,0.00,28.85
0009.jpg,diễn viên Mã Cảnh Đào,True,5.72,0.94,19.22,0.43,0.00,26.32
0012.jpg,diễn viên Mã Cảnh Đào,True,6.05,0.91,18.66,0.60,0.00,26.23
0014.jpg,diễn viên Mã Cảnh Đào,True,6.04,1.18,17.24,0.33,0.00,24.79
0015.jpg,diễn viên Mã Cảnh Đào,False,5.27,0.00,0.00,0.00,0.00,5.27
0016.jpg,diễn viên Mã Cảnh Đào,True,6.11,0.91,18.51,0.38,0.00,25.92
0017.jpg,diễn viên Mã Cảnh Đào,True,6.52,1.24,21.00,0.35,0.00,29.12
0018.jpg,diễn viên Mã Cảnh Đào,True,6.29,0.93,18.32,0.41,0.00,25.95
0021.jpg,diễn viên Mã Cảnh Đào,True,6.61,1.31,18.24,0.30,0.00,26.46
0022.jpg,diễn viên Mã Cảnh Đào,True,5.35,0.93,16.91,0.32,0.00,23.52
0025.jpg,diễn viên Mã Cảnh Đào,True,7.00,0.47,18.71,0.32,0.00,26.50
0026.jpg,diễn viên Mã Cảnh Đào,True,5.91,0.05,17.99,0.30,0.00,24.25
0027.jpg,diễn viên Mã Cảnh Đào,True,6.82,1.03,19.56,0.66,0.00,28.07
0028.jpg,diễn viên Mã Cảnh Đào,True,6.93,1.45,21.38,0.38,0.00,30.14
0029.jpg,diễn viên Mã Cảnh Đào,True,7.62,1.23,20.76,0.35,0.00,29.96
0031.jpg,diễn viên Mã Cảnh Đào,True,6.94,1.20,21.37,0.43,0.00,29.93
0001.jpg,diễn viên Mã Khả,True,7.82,1.25,20.66,0.38,0.00,30.11
0002.jpg,diễn viên Mã Khả,True,6.68,1.44,21.83,0.37,0.00,30.32
0003.jpg,diễn viên Mã Khả,True,7.67,0.68,23.00,0.37,0.00,31.71
0004.jpg,diễn viên Mã Khả,True,10.06,1.23,20.01,0.38,0.00,31.68
0005.jpg,diễn viên Mã Khả,True,9.26,1.54,23.62,0.40,0.00,34.82
0006.jpg,diễn viên Mã Khả,True,8.08,1.06,23.41,0.37,0.00,32.92
0008.jpg,diễn viên Mã Khả,True,8.70,1.15,23.30,0.50,0.00,33.66
0009.jpg,diễn viên Mã Khả,True,6.97,1.09,25.26,0.34,0.00,33.67
0010.jpg,diễn viên Mã Khả,True,7.38,0.63,23.76,0.35,0.00,32.13
0013.jpg,diễn viên Mã Khả,True,8.67,1.24,21.65,0.51,0.00,32.08
0016.jpg,diễn viên Mã Khả,True,7.01,1.32,21.96,0.33,0.00,30.62
0017.jpg,diễn viên Mã Khả,True,6.89,1.38,22.31,0.34,0.01,30.92
0018.jpg,diễn viên Mã Khả,True,7.21,1.36,21.55,0.36,0.00,30.49
0019.jpg,diễn viên Mã Khả,True,6.45,1.23,21.99,0.50,0.00,30.17
0020.jpg,diễn viên Mã Khả,True,8.16,1.29,23.98,0.35,0.00,33.78
0021.jpg,diễn viên Mã Khả,True,7.00,1.17,22.52,0.35,0.00,31.04
0022.jpg,diễn viên Mã Khả,True,7.70,1.40,22.86,0.40,0.00,32.35
0023.jpg,diễn viên Mã Khả,True,7.18,0.50,22.24,0.43,0.00,30.36
0024.jpg,diễn viên Mã Khả,True,7.39,1.01,22.62,0.39,0.00,31.41
0025.jpg,diễn viên Mã Khả,True,7.77,1.06,22.26,0.41,0.00,31.49
0027.jpg,diễn viên Mã Khả,True,7.76,1.30,18.79,0.37,0.00,28.22
0031.jpg,diễn viên Mã Khả,True,7.02,1.27,20.89,0.36,0.00,29.53
0001.jpg,diễn viên Mạnh Quân,True,10.36,0.57,21.52,0.38,0.00,32.84
0002.jpg,diễn viên Mạnh Quân,True,7.91,1.14,23.43,0.46,0.00,32.93
0003.jpg,diễn viên Mạnh Quân,True,8.03,1.48,31.90,6.55,0.00,47.96
0004.jpg,diễn viên Mạnh Quân,True,9.29,2.28,23.91,0.53,0.00,36.00
0005.jpg,diễn viên Mạnh Quân,True,6.08,1.40,21.42,0.61,0.00,29.50
0006.jpg,diễn viên Mạnh Quân,True,7.24,1.31,21.79,0.38,0.00,30.71
0007.jpg,diễn viên Mạnh Quân,True,7.48,1.02,21.23,0.36,0.00,30.09
0008.jpg,diễn viên Mạnh Quân,True,7.68,1.12,24.00,0.41,0.00,33.20
0009.jpg,diễn viên Mạnh Quân,True,6.80,1.08,23.09,0.37,0.00,31.34
0010.jpg,diễn viên Mạnh Quân,True,7.96,2.44,21.63,0.37,0.00,32.39
0011.jpg,diễn viên Mạnh Quân,True,6.86,0.05,22.14,0.38,0.00,29.44
0012.jpg,diễn viên Mạnh Quân,True,6.52,1.10,23.29,0.41,0.00,31.31
0013.jpg,diễn viên Mạnh Quân,True,9.06,1.30,19.68,0.35,0.00,30.39
0016.jpg,diễn viên Mạnh Quân,True,8.86,1.27,20.34,0.38,0.00,30.85
0018.jpg,diễn viên Mạnh Quân,True,8.55,1.61,26.63,0.43,0.00,37.22
0020.jpg,diễn viên Mạnh Quân,True,8.43,1.08,26.79,0.46,0.00,36.77
0021.jpg,diễn viên Mạnh Quân,True,8.61,1.26,26.25,0.44,0.00,36.56
0025.jpg,diễn viên Mạnh Quân,True,10.21,1.22,43.40,0.41,0.00,55.25
0026.jpg,diễn viên Mạnh Quân,True,14.25,1.21,26.73,0.45,0.00,42.63
0028.jpg,diễn viên Mạnh Quân,True,9.85,0.67,21.74,0.35,0.00,32.61
0029.jpg,diễn viên Mạnh Quân,True,8.49,1.33,25.64,0.46,0.00,35.92
0031.jpg,diễn viên Mạnh Quân,True,9.78,1.75,25.98,0.43,0.00,37.94
0033.jpg,diễn viên Mạnh Quân,True,8.13,1.38,25.17,0.43,0.00,35.12
0036.jpg,diễn viên Mạnh Quân,True,9.44,1.48,26.13,0.45,0.00,37.50
0037.jpg,diễn viên Mạnh Quân,True,9.35,1.65,25.51,0.73,0.00,37.24
0039.jpg,diễn viên Mạnh Quân,True,7.83,1.20,27.09,0.56,0.00,36.69
0001.jpg,diễn viên Minh Đạo,True,9.38,1.76,24.84,0.47,0.00,36.44
0004.jpg,diễn viên Minh Đạo,True,7.49,1.20,23.54,0.39,0.00,32.62
0005.jpg,diễn viên Minh Đạo,True,9.07,1.53,32.29,0.47,0.00,43.36
0006.jpg,diễn viên Minh Đạo,True,7.40,1.24,24.38,0.53,0.00,33.55
0008.jpg,diễn viên Minh Đạo,True,9.03,0.07,26.05,0.48,0.00,35.64
0009.jpg,diễn viên Minh Đạo,True,7.39,1.22,23.13,0.51,0.00,32.27
0014.jpg,diễn viên Minh Đạo,True,9.30,1.43,26.80,0.42,0.00,37.95
0016.jpg,diễn viên Minh Đạo,True,10.90,1.65,27.53,1.19,0.00,41.27
0019.jpg,diễn viên Minh Đạo,True,9.52,1.22,27.30,0.42,0.00,38.46
0020.jpg,diễn viên Minh Đạo,True,8.96,1.34,25.75,0.45,0.00,36.50
0021.jpg,diễn viên Minh Đạo,True,11.70,1.83,40.91,0.49,0.00,54.92
0022.jpg,diễn viên Minh Đạo,True,9.89,1.17,33.62,0.42,0.00,45.10
0023.jpg,diễn viên Minh Đạo,True,7.82,1.14,27.70,0.64,0.00,37.29
0024.jpg,diễn viên Minh Đạo,True,14.22,2.39,28.46,0.93,0.00,46.00
0025.jpg,diễn viên Minh Đạo,True,10.23,1.39,22.37,0.44,0.00,34.43
0027.jpg,diễn viên Minh Đạo,True,10.09,1.56,25.16,0.41,0.00,37.21
0028.jpg,diễn viên Minh Đạo,True,10.13,1.28,25.30,0.42,0.00,37.14
0029.jpg,diễn viên Minh Đạo,True,11.01,1.74,22.84,0.37,0.00,35.97
0030.jpg,diễn viên Minh Đạo,True,6.89,1.11,22.77,0.37,0.00,31.14
0032.jpg,diễn viên Minh Đạo,True,9.64,1.44,28.16,0.43,0.00,39.68
0034.jpg,diễn viên Minh Đạo,True,9.11,1.31,23.57,0.47,0.00,34.46
0035.jpg,diễn viên Minh Đạo,True,10.28,1.39,26.55,0.44,0.00,38.67
0037.jpg,diễn viên Minh Đạo,True,7.37,1.25,27.90,0.41,0.00,36.93
0038.jpg,diễn viên Minh Đạo,True,6.68,1.22,20.52,0.35,0.00,28.77
0041.jpg,diễn viên Minh Đạo,True,6.89,1.03,24.02,0.38,0.00,32.32
0043.jpg,diễn viên Minh Đạo,True,7.20,1.04,22.86,0.41,0.00,31.50
0044.jpg,diễn viên Minh Đạo,True,10.42,0.56,25.41,0.39,0.00,36.78
0045.jpg,diễn viên Minh Đạo,True,8.99,1.67,24.02,0.41,0.00,35.09
0001.jpg,diễn viên Ngân Khánh,True,6.94,1.08,24.62,0.47,0.00,33.11
0002.jpg,diễn viên Ngân Khánh,True,6.78,1.13,39.49,0.81,0.00,48.21
0006.jpg,diễn viên Ngân Khánh,True,8.38,1.66,23.64,0.42,0.00,34.11
0007.jpg,diễn viên Ngân Khánh,True,8.05,1.05,23.89,0.43,0.00,33.42
0008.jpg,diễn viên Ngân Khánh,True,8.53,1.14,22.85,0.38,0.00,32.90
0010.jpg,diễn viên Ngân Khánh,True,7.77,0.06,24.14,0.35,0.00,32.32
0011.jpg,diễn viên Ngân Khánh,True,7.94,1.19,21.35,0.36,0.00,30.84
0014.jpg,diễn viên Ngân Khánh,True,7.52,2.48,21.55,0.36,0.00,31.92
0015.jpg,diễn viên Ngân Khánh,True,7.69,1.31,20.64,0.49,0.00,30.13
0016.jpg,diễn viên Ngân Khánh,True,7.17,1.29,23.07,0.38,0.00,31.92
0018.jpg,diễn viên Ngân Khánh,True,10.37,1.75,22.45,0.47,0.00,35.04
0019.jpg,diễn viên Ngân Khánh,True,7.93,1.13,22.46,0.33,0.00,31.85
0020.jpg,diễn viên Ngân Khánh,True,7.22,1.09,21.95,0.36,0.00,30.62
0021.jpg,diễn viên Ngân Khánh,True,7.96,0.51,23.41,0.40,0.00,32.28
0023.jpg,diễn viên Ngân Khánh,True,8.13,1.25,22.27,0.35,0.00,32.00
0027.jpg,diễn viên Ngân Khánh,True,8.31,1.24,23.28,0.36,0.00,33.18
0028.jpg,diễn viên Ngân Khánh,True,6.53,0.55,22.55,0.39,0.00,30.02
0030.jpg,diễn viên Ngân Khánh,True,6.77,1.11,20.12,0.32,0.00,28.32
0031.jpg,diễn viên Ngân Khánh,True,8.10,1.40,23.19,0.41,0.00,33.10
0034.jpg,diễn viên Ngân Khánh,True,22.47,1.63,22.73,0.55,0.00,47.38
0035.jpg,diễn viên Ngân Khánh,True,8.23,1.30,22.59,0.38,0.00,32.50
0037.jpg,diễn viên Ngân Khánh,True,7.30,1.16,22.04,0.35,0.00,30.86
0038.jpg,diễn viên Ngân Khánh,True,6.68,1.09,21.56,0.41,0.00,29.74
0039.jpg,diễn viên Ngân Khánh,True,6.82,1.05,22.92,0.45,0.00,31.25
0002.jpg,diễn viên Nghê Ni,True,7.34,1.07,22.93,0.39,0.00,31.73
0004.jpg,diễn viên Nghê Ni,True,6.62,1.37,22.92,0.40,0.00,31.31
0007.jpg,diễn viên Nghê Ni,True,6.68,1.28,22.00,0.35,0.00,30.30
0008.jpg,diễn viên Nghê Ni,True,8.05,1.37,23.38,0.36,0.00,33.16
0014.jpg,diễn viên Nghê Ni,True,6.76,1.00,22.28,0.33,0.00,30.37
0016.jpg,diễn viên Nghê Ni,True,6.52,1.00,22.23,0.39,0.00,30.14
0019.jpg,diễn viên Nghê Ni,True,6.78,1.11,23.29,0.38,0.00,31.56
0020.jpg,diễn viên Nghê Ni,True,6.85,1.02,19.14,0.35,0.00,27.37
0023.jpg,diễn viên Nghê Ni,True,7.04,1.24,20.47,0.38,0.00,29.13
0026.jpg,diễn viên Nghê Ni,True,7.40,1.31,23.02,0.43,0.00,32.15
0029.jpg,diễn viên Nghê Ni,True,7.46,1.09,24.08,0.41,0.00,33.04
0030.jpg,diễn viên Nghê Ni,True,8.14,1.15,23.94,0.58,0.00,33.81
0031.jpg,diễn viên Nghê Ni,True,12.19,1.25,23.47,0.45,0.00,37.36
0033.jpg,diễn viên Nghê Ni,True,11.03,1.06,23.93,0.41,0.00,36.43
0038.jpg,diễn viên Nghê Ni,True,7.09,0.68,22.81,0.39,0.00,30.97
0039.jpg,diễn viên Nghê Ni,True,7.40,1.12,20.65,0.35,0.00,29.51
0040.jpg,diễn viên Nghê Ni,True,7.05,1.13,22.20,0.41,0.00,30.79
0041.jpg,diễn viên Nghê Ni,True,6.80,1.27,19.74,0.39,0.00,28.20
0043.jpg,diễn viên Nghê Ni,True,8.38,1.07,22.67,0.40,0.00,32.52
0001.jpg,diễn viên Ngô Thanh Vân,True,7.57,1.20,20.05,0.36,0.00,29.19
0004.jpg,diễn viên Ngô Thanh Vân,True,7.37,1.82,23.13,0.37,0.00,32.70
0005.jpg,diễn viên Ngô Thanh Vân,True,7.00,1.26,20.24,0.35,0.00,28.84
0008.jpg,diễn viên Ngô Thanh Vân,True,6.53,1.52,21.73,0.40,0.00,30.18
0011.jpg,diễn viên Ngô Thanh Vân,True,7.29,1.08,20.80,0.93,0.00,30.10
0012.jpg,diễn viên Ngô Thanh Vân,True,6.67,0.04,22.59,0.38,0.00,29.68
0014.jpg,diễn viên Ngô Thanh Vân,True,7.31,1.28,20.01,0.41,0.00,29.01
0016.jpg,diễn viên Ngô Thanh Vân,True,6.11,1.16,21.17,0.39,0.00,28.83
0018.jpg,diễn viên Ngô Thanh Vân,True,7.03,1.02,21.28,0.38,0.00,29.72
0019.jpg,diễn viên Ngô Thanh Vân,True,6.61,1.27,18.25,0.34,0.00,26.47
0023.jpg,diễn viên Ngô Thanh Vân,True,6.88,1.42,18.46,0.36,0.00,27.12
0026.jpg,diễn viên Ngô Thanh Vân,True,9.03,1.28,22.23,0.33,0.00,32.86
0030.jpg,diễn viên Ngô Thanh Vân,True,6.49,1.20,19.14,0.33,0.00,27.15
0032.jpg,diễn viên Ngô Thanh Vân,True,6.28,0.91,20.02,0.36,0.00,27.57
0033.jpg,diễn viên Ngô Thanh Vân,True,5.83,1.21,18.72,0.36,0.00,26.12
0035.jpg,diễn viên Ngô Thanh Vân,True,6.34,1.20,20.42,0.35,0.00,28.31
0036.jpg,diễn viên Ngô Thanh Vân,True,6.00,0.99,20.80,0.43,0.00,28.23
0038.jpg,diễn viên Ngô Thanh Vân,True,6.36,0.97,20.97,0.51,0.00,28.82
0039.jpg,diễn viên Ngô Thanh Vân,True,6.42,1.09,17.37,0.35,0.00,25.24
0041.jpg,diễn viên Ngô Thanh Vân,True,6.71,0.47,18.13,0.32,0.00,25.63
0042.jpg,diễn viên Ngô Thanh Vân,True,7.81,0.98,19.33,0.32,0.00,28.43
0002.jpg,diễn viên Ngô Tú Ba,True,7.49,1.10,20.73,0.36,0.00,29.69
0003.jpg,diễn viên Ngô Tú Ba,True,7.66,1.23,20.47,0.31,0.00,29.66
0004.jpg,diễn viên Ngô Tú Ba,True,11.06,1.39,18.78,0.35,0.00,31.58
0005.jpg,diễn viên Ngô Tú Ba,True,5.65,1.02,21.71,0.39,0.00,28.76
0006.jpg,diễn viên Ngô Tú Ba,True,6.11,0.99,17.12,0.33,0.00,24.56
0007.jpg,diễn viên Ngô Tú Ba,True,6.03,1.00,19.81,0.35,0.00,27.19
0008.jpg,diễn viên Ngô Tú Ba,True,6.76,1.22,20.45,0.36,0.00,28.79
0009.jpg,diễn viên Ngô Tú Ba,True,22.96,0.97,23.18,0.37,0.00,47.48
0010.jpg,diễn viên Ngô Tú Ba,True,6.90,1.26,20.29,0.34,0.00,28.79
0011.jpg,diễn viên Ngô Tú Ba,True,7.79,1.60,25.34,0.40,0.00,35.13
0012.jpg,diễn viên Ngô Tú Ba,True,8.43,1.02,19.35,0.38,0.00,29.18
0013.jpg,diễn viên Ngô Tú Ba,True,7.10,1.29,19.99,0.38,0.00,28.75
0014.jpg,diễn viên Ngô Tú Ba,True,7.31,1.47,20.21,0.36,0.00,29.35
0015.jpg,diễn viên Ngô Tú Ba,True,7.57,1.09,19.06,0.39,0.00,28.11
0017.jpg,diễn viên Ngô Tú Ba,True,7.26,0.98,23.41,0.36,0.00,32.01
0019.jpg,diễn viên Ngô Tú Ba,True,7.01,1.10,20.18,0.36,0.00,28.65
0020.jpg,diễn viên Ngô Tú Ba,True,7.08,1.04,21.16,0.35,0.00,29.63
0021.jpg,diễn viên Ngô Tú Ba,True,6.84,1.07,20.74,0.32,0.00,28.96
0022.jpg,diễn viên Ngô Tú Ba,True,10.16,1.14,21.29,0.41,0.00,33.00
0023.jpg,diễn viên Ngô Tú Ba,True,8.04,1.37,20.54,0.37,0.00,30.33
0024.jpg,diễn viên Ngô Tú Ba,True,7.36,1.05,21.20,0.51,0.00,30.11
0027.jpg,diễn viên Ngô Tú Ba,True,6.53,1.11,19.30,0.32,0.00,27.26
0032.jpg,diễn viên Ngô Tú Ba,True,6.41,1.01,19.99,0.31,0.00,27.73
0033.jpg,diễn viên Ngô Tú Ba,True,6.54,1.27,17.77,0.34,0.00,25.92
0001.jpg,diễn viên Ngọc Thanh Tâm,True,6.91,1.17,20.43,0.33,0.00,28.84
0002.jpg,diễn viên Ngọc Thanh Tâm,True,6.32,1.10,17.38,0.32,0.00,25.12
0003.jpg,diễn viên Ngọc Thanh Tâm,True,7.29,1.07,16.60,0.32,0.00,25.28
0004.jpg,diễn viên Ngọc Thanh Tâm,True,6.37,1.06,17.60,0.28,0.00,25.31
0006.jpg,diễn viên Ngọc Thanh Tâm,True,7.69,0.50,20.01,0.34,0.00,28.54
0007.jpg,diễn viên Ngọc Thanh Tâm,True,8.29,0.90,20.02,0.28,0.00,29.50
0008.jpg,diễn viên Ngọc Thanh Tâm,True,7.38,0.48,20.65,0.39,0.00,28.90
0009.jpg,diễn viên Ngọc Thanh Tâm,True,8.08,0.98,20.14,0.37,0.00,29.58
0011.jpg,diễn viên Ngọc Thanh Tâm,True,7.06,1.28,20.35,0.36,0.00,29.05
0012.jpg,diễn viên Ngọc Thanh Tâm,True,7.11,1.25,21.80,0.70,0.00,30.86
0013.jpg,diễn viên Ngọc Thanh Tâm,True,8.99,1.25,19.78,0.36,0.00,30.38
0014.jpg,diễn viên Ngọc Thanh Tâm,True,9.58,0.47,20.15,0.37,0.00,30.57
0015.jpg,diễn viên Ngọc Thanh Tâm,True,7.10,1.00,19.53,0.32,0.00,27.96
0017.jpg,diễn viên Ngọc Thanh Tâm,True,6.82,0.53,19.96,0.36,0.00,27.67
0018.jpg,diễn viên Ngọc Thanh Tâm,True,7.87,1.02,21.10,0.37,0.00,30.37
0020.jpg,diễn viên Ngọc Thanh Tâm,True,7.70,1.05,20.70,0.35,0.00,29.79
0021.jpg,diễn viên Ngọc Thanh Tâm,True,7.24,1.12,22.02,0.31,0.00,30.68
0022.jpg,diễn viên Ngọc Thanh Tâm,True,11.93,1.20,24.09,0.38,0.00,37.61
0023.jpg,diễn viên Ngọc Thanh Tâm,True,14.47,1.31,24.97,2.72,0.00,43.47
0024.jpg,diễn viên Ngọc Thanh Tâm,True,10.89,1.35,20.91,0.38,0.00,33.54
0025.jpg,diễn viên Ngọc Thanh Tâm,True,6.73,1.43,21.25,0.40,0.00,29.82
0027.jpg,diễn viên Ngọc Thanh Tâm,True,8.59,1.42,19.56,0.42,0.00,29.98
0028.jpg,diễn viên Ngọc Thanh Tâm,True,7.37,1.38,24.81,0.46,0.00,34.02
0029.jpg,diễn viên Ngọc Thanh Tâm,True,7.30,0.56,22.46,0.37,0.00,30.69
0030.jpg,diễn viên Ngọc Thanh Tâm,True,7.26,0.96,21.44,0.37,0.00,30.03
0033.jpg,diễn viên Ngọc Thanh Tâm,True,7.24,1.04,21.56,0.41,0.00,30.25
0035.jpg,diễn viên Ngọc Thanh Tâm,True,6.68,1.00,22.27,0.40,0.00,30.36
0037.jpg,diễn viên Ngọc Thanh Tâm,True,8.77,1.06,23.85,1.83,0.00,35.51
0001.jpg,diễn viên Ngọc Thảo,True,6.89,1.05,21.08,0.38,0.00,29.40
0002.jpg,diễn viên Ngọc Thảo,True,5.99,1.00,21.83,0.40,0.00,29.22
0003.jpg,diễn viên Ngọc Thảo,True,7.25,1.18,20.23,0.37,0.00,29.04
0004.jpg,diễn viên Ngọc Thảo,True,8.74,1.49,24.05,1.04,0.00,35.31
0005.jpg,diễn viên Ngọc Thảo,True,7.63,1.11,20.89,0.75,0.00,30.37
0006.jpg,diễn viên Ngọc Thảo,True,7.10,0.93,21.08,0.33,0.00,29.45
0007.jpg,diễn viên Ngọc Thảo,True,10.16,1.20,24.81,0.44,0.00,36.61
0008.jpg,diễn viên Ngọc Thảo,True,13.62,1.52,43.98,5.26,0.00,64.37
0009.jpg,diễn viên Ngọc Thảo,True,9.78,1.22,23.37,0.36,0.00,34.74
0011.jpg,diễn viên Ngọc Thảo,True,10.74,0.96,26.05,0.36,0.00,38.11
0012.jpg,diễn viên Ngọc Thảo,True,8.87,0.99,24.31,0.46,0.00,34.63
0013.jpg,diễn viên Ngọc Thảo,True,7.55,1.67,22.65,0.40,0.00,32.28
0014.jpg,diễn viên Ngọc Thảo,True,8.87,1.24,24.76,0.39,0.00,35.26
0015.jpg,diễn viên Ngọc Thảo,True,9.36,0.98,23.03,0.39,0.00,33.76
0016.jpg,diễn viên Ngọc Thảo,True,8.34,1.10,22.73,0.47,0.00,32.63
0017.jpg,diễn viên Ngọc Thảo,True,7.04,0.44,22.17,0.39,0.00,30.04
0018.jpg,diễn viên Ngọc Thảo,True,10.76,1.00,22.34,0.38,0.00,34.47
0019.jpg,diễn viên Ngọc Thảo,True,6.13,1.00,20.56,0.37,0.00,28.07
0021.jpg,diễn viên Ngọc Thảo,True,8.25,1.40,22.97,0.38,0.01,33.01
0022.jpg,diễn viên Ngọc Thảo,True,8.14,0.96,23.15,0.36,0.00,32.61
0024.jpg,diễn viên Ngọc Thảo,True,8.82,1.03,21.91,0.38,0.00,32.14
0025.jpg,diễn viên Ngọc Thảo,True,8.57,1.53,21.28,0.33,0.00,31.71
0027.jpg,diễn viên Ngọc Thảo,True,7.19,1.00,22.33,0.39,0.00,30.91
0028.jpg,diễn viên Ngọc Thảo,True,7.68,1.09,24.95,0.65,0.00,34.37
0029.jpg,diễn viên Ngọc Thảo,True,8.90,1.13,22.16,0.37,0.00,32.56
0030.jpg,diễn viên Ngọc Thảo,True,8.94,1.18,19.56,0.31,0.00,29.98
0032.jpg,diễn viên Ngọc Thảo,True,9.91,1.10,28.12,0.50,0.00,39.63
0006.jpg,diễn viên Nguyễn Thùy Dương (Muối Tỷ),True,8.30,1.09,24.55,0.41,0.00,34.36
0008.jpg,diễn viên Nguyễn Thùy Dương (Muối Tỷ),True,11.14,1.37,23.43,0.36,0.00,36.30
0009.jpg,diễn viên Nguyễn Thùy Dương (Muối Tỷ),True,9.05,1.19,23.98,0.41,0.00,34.62
0013.jpg,diễn viên Nguyễn Thùy Dương (Muối Tỷ),True,7.64,1.14,21.89,0.38,0.00,31.06
0014.jpg,diễn viên Nguyễn Thùy Dương (Muối Tỷ),True,7.83,1.36,23.54,0.43,0.00,33.17
0015.jpg,diễn viên Nguyễn Thùy Dương (Muối Tỷ),True,11.14,0.05,23.29,0.41,0.00,34.89
0017.jpg,diễn viên Nguyễn Thùy Dương (Muối Tỷ),True,8.51,1.08,23.92,0.40,0.00,33.91
0022.jpg,diễn viên Nguyễn Thùy Dương (Muối Tỷ),True,7.36,1.42,28.79,0.57,0.00,38.14
0028.jpg,diễn viên Nguyễn Thùy Dương (Muối Tỷ),True,7.31,1.10,23.26,0.38,0.00,32.04
0030.jpg,diễn viên Nguyễn Thùy Dương (Muối Tỷ),True,6.64,1.11,21.88,0.37,0.00,30.00
0005.jpg,diễn viên Ngưu Tuấn Phong,True,8.46,1.33,21.79,0.36,0.00,31.94
0009.jpg,diễn viên Ngưu Tuấn Phong,True,8.54,1.14,34.99,4.54,0.00,49.21
0010.jpg,diễn viên Ngưu Tuấn Phong,True,11.99,1.30,30.28,0.37,0.00,43.94
0012.jpg,diễn viên Ngưu Tuấn Phong,True,7.65,1.06,26.20,0.40,0.00,35.31
0015.jpg,diễn viên Ngưu Tuấn Phong,True,9.05,1.07,25.32,0.72,0.00,36.16
0016.jpg,diễn viên Ngưu Tuấn Phong,True,7.49,1.08,25.39,0.54,0.00,34.50
0019.jpg,diễn viên Ngưu Tuấn Phong,True,6.72,1.32,20.25,0.37,0.00,28.66
0021.jpg,diễn viên Ngưu Tuấn Phong,True,6.49,1.17,19.66,0.35,0.00,27.67
0022.jpg,diễn viên Ngưu Tuấn Phong,True,6.80,1.10,21.62,0.39,0.00,29.91
0024.jpg,diễn viên Ngưu Tuấn Phong,True,6.52,1.30,21.74,0.38,0.00,29.95
0025.jpg,diễn viên Ngưu Tuấn Phong,True,9.11,1.02,20.76,0.34,0.00,31.23
0028.jpg,diễn viên Ngưu Tuấn Phong,True,7.90,1.17,22.69,0.42,0.00,32.17
0032.jpg,diễn viên Ngưu Tuấn Phong,True,7.56,1.01,20.27,0.34,0.00,29.19
0033.jpg,diễn viên Ngưu Tuấn Phong,True,10.86,1.35,24.71,0.40,0.00,37.32
0034.jpg,diễn viên Ngưu Tuấn Phong,True,6.22,1.00,20.87,0.38,0.00,28.46
0036.jpg,diễn viên Ngưu Tuấn Phong,True,7.59,0.97,23.02,0.37,0.00,31.95
0037.jpg,diễn viên Ngưu Tuấn Phong,True,24.99,1.17,22.21,0.32,0.00,48.69
0038.jpg,diễn viên Ngưu Tuấn Phong,True,7.35,1.17,23.19,0.40,0.00,32.10
0041.jpg,diễn viên Ngưu Tuấn Phong,True,10.32,1.17,22.75,0.32,0.00,34.55
0002.jpg,diễn viên Nhã Phương,True,8.11,0.55,20.60,0.38,0.00,29.64
0006.jpg,diễn viên Nhã Phương,True,6.68,0.51,19.78,0.35,0.00,27.31
0007.jpg,diễn viên Nhã Phương,True,8.00,0.05,23.72,0.39,0.00,32.15
0008.jpg,diễn viên Nhã Phương,True,8.31,1.96,21.52,0.63,0.00,32.41
0009.jpg,diễn viên Nhã Phương,True,6.98,1.33,27.50,0.44,0.00,36.25
0010.jpg,diễn viên Nhã Phương,True,11.46,1.61,30.58,0.36,0.00,44.02
0013.jpg,diễn viên Nhã Phương,True,9.89,1.57,24.72,0.42,0.00,36.61
0014.jpg,diễn viên Nhã Phương,True,8.66,0.06,23.65,0.42,0.00,32.79
0015.jpg,diễn viên Nhã Phương,True,8.34,1.69,26.96,0.90,0.00,37.89
0017.jpg,diễn viên Nhã Phương,True,17.24,36.86,37.33,0.42,0.00,91.85
0018.jpg,diễn viên Nhã Phương,True,9.00,1.46,23.11,0.40,0.00,33.98
0022.jpg,diễn viên Nhã Phương,True,8.25,2.17,24.28,0.36,0.00,35.06
0023.jpg,diễn viên Nhã Phương,True,9.19,1.26,34.12,0.40,0.00,44.97
0025.jpg,diễn viên Nhã Phương,True,8.11,1.12,20.89,0.39,0.00,30.51
0027.jpg,diễn viên Nhã Phương,True,8.19,1.01,27.02,0.38,0.00,36.60
0028.jpg,diễn viên Nhã Phương,True,7.31,0.98,24.61,0.42,0.00,33.31
0032.jpg,diễn viên Nhã Phương,True,8.38,1.18,28.21,0.59,0.00,38.36
0033.jpg,diễn viên Nhã Phương,True,8.13,1.35,25.01,0.42,0.00,34.91
0038.jpg,diễn viên Nhã Phương,True,10.58,1.43,23.33,0.35,0.00,35.69
0039.jpg,diễn viên Nhã Phương,True,7.64,1.16,23.78,0.31,0.00,32.90
0040.jpg,diễn viên Nhã Phương,True,7.95,1.04,21.00,0.44,0.00,30.45
0001.jpg,diễn viên Ninh Dương Lan Ngọc,True,8.11,0.47,22.80,0.38,0.00,31.76
0005.jpg,diễn viên Ninh Dương Lan Ngọc,True,9.75,1.56,24.15,0.30,0.00,35.75
0006.jpg,diễn viên Ninh Dương Lan Ngọc,True,7.14,0.99,21.04,0.49,0.00,29.66
0007.jpg,diễn viên Ninh Dương Lan Ngọc,True,5.63,1.15,19.42,0.36,0.00,26.56
0008.jpg,diễn viên Ninh Dương Lan Ngọc,True,6.47,1.03,28.64,3.04,0.00,39.18
0009.jpg,diễn viên Ninh Dương Lan Ngọc,True,10.68,0.90,21.89,0.37,0.00,33.84
0010.jpg,diễn viên Ninh Dương Lan Ngọc,True,13.28,1.22,33.19,0.61,0.00,48.30
0011.jpg,diễn viên Ninh Dương Lan Ngọc,True,12.66,0.47,36.80,0.44,0.00,50.37
0012.jpg,diễn viên Ninh Dương Lan Ngọc,True,10.27,1.05,28.43,0.66,0.00,40.40
0013.jpg,diễn viên Ninh Dương Lan Ngọc,True,12.90,0.97,30.33,0.36,0.00,44.57
0015.jpg,diễn viên Ninh Dương Lan Ngọc,True,8.65,1.00,25.32,0.36,0.00,35.34
0016.jpg,diễn viên Ninh Dương Lan Ngọc,True,6.56,1.01,25.18,2.78,0.00,35.53
0017.jpg,diễn viên Ninh Dương Lan Ngọc,True,20.65,1.24,22.53,0.38,0.00,44.80
0018.jpg,diễn viên Ninh Dương Lan Ngọc,True,7.99,1.20,26.58,0.37,0.00,36.14
0021.jpg,diễn viên Ninh Dương Lan Ngọc,True,6.81,1.04,20.81,0.38,0.00,29.04
0022.jpg,diễn viên Ninh Dương Lan Ngọc,True,7.59,1.03,19.68,0.36,0.00,28.66
0023.jpg,diễn viên Ninh Dương Lan Ngọc,True,6.83,1.15,21.28,0.51,0.00,29.76
0024.jpg,diễn viên Ninh Dương Lan Ngọc,True,6.64,1.07,22.91,0.43,0.00,31.06
0026.jpg,diễn viên Ninh Dương Lan Ngọc,True,7.69,1.53,28.34,0.38,0.00,37.94
0027.jpg,diễn viên Ninh Dương Lan Ngọc,True,8.86,1.11,24.19,0.33,0.00,34.49
0029.jpg,diễn viên Ninh Dương Lan Ngọc,True,6.74,1.08,21.17,0.44,0.00,29.43
0031.jpg,diễn viên Ninh Dương Lan Ngọc,True,6.92,1.07,20.73,0.37,0.00,29.09
0032.jpg,diễn viên Ninh Dương Lan Ngọc,True,8.64,1.86,23.07,0.62,0.00,34.19
0033.jpg,diễn viên Ninh Dương Lan Ngọc,True,7.62,1.01,21.91,0.42,0.00,30.96
0035.jpg,diễn viên Ninh Dương Lan Ngọc,True,6.61,1.06,18.73,0.38,0.00,26.78
0036.jpg,diễn viên Ninh Dương Lan Ngọc,True,7.33,1.09,18.69,0.38,0.00,27.49
0037.jpg,diễn viên Ninh Dương Lan Ngọc,True,7.72,1.27,21.71,0.40,0.00,31.10
0039.jpg,diễn viên Ninh Dương Lan Ngọc,True,7.80,0.61,23.32,0.40,0.00,32.14
0041.jpg,diễn viên Ninh Dương Lan Ngọc,True,9.24,1.28,23.29,0.50,0.00,34.30
0042.jpg,diễn viên Ninh Dương Lan Ngọc,True,8.02,1.68,22.07,0.40,0.00,32.17
0044.jpg,diễn viên Ninh Dương Lan Ngọc,True,9.54,1.06,24.18,0.88,0.00,35.66
0046.jpg,diễn viên Ninh Dương Lan Ngọc,True,11.04,1.01,24.17,0.39,0.00,36.62
0048.jpg,diễn viên Ninh Dương Lan Ngọc,True,7.50,1.09,23.67,0.55,0.00,32.82
0001.jpg,diễn viên Quách Thái Khiết,True,7.40,1.15,23.12,0.40,0.00,32.07
0002.jpg,diễn viên Quách Thái Khiết,True,7.38,1.17,22.14,0.44,0.00,31.14
0003.jpg,diễn viên Quách Thái Khiết,True,7.23,1.62,23.70,0.40,0.00,32.95
0004.jpg,diễn viên Quách Thái Khiết,True,8.40,1.54,23.59,0.43,0.00,33.95
0005.jpg,diễn viên Quách Thái Khiết,True,8.67,1.12,24.78,0.41,0.00,34.99
0007.jpg,diễn viên Quách Thái Khiết,True,7.65,1.39,26.13,0.44,0.00,35.60
0008.jpg,diễn viên Quách Thái Khiết,True,6.74,1.12,23.85,0.55,0.00,32.25
0009.jpg,diễn viên Quách Thái Khiết,True,8.47,1.40,25.25,0.56,0.00,35.67
0010.jpg,diễn viên Quách Thái Khiết,True,9.10,1.53,27.13,0.63,0.00,38.39
0011.jpg,diễn viên Quách Thái Khiết,True,10.40,1.14,29.06,0.43,0.00,41.03
0012.jpg,diễn viên Quách Thái Khiết,True,7.76,1.63,27.36,0.37,0.00,37.12
0014.jpg,diễn viên Quách Thái Khiết,True,10.31,1.37,27.28,0.37,0.00,39.33
0016.jpg,diễn viên Quách Thái Khiết,True,8.67,1.66,22.68,0.35,0.00,33.36
0017.jpg,diễn viên Quách Thái Khiết,True,7.38,1.33,19.17,0.39,0.00,28.27
0018.jpg,diễn viên Quách Thái Khiết,True,7.02,1.18,19.68,0.34,0.00,28.22
0019.jpg,diễn viên Quách Thái Khiết,True,6.92,1.12,21.88,0.37,0.00,30.29
0021.jpg,diễn viên Quách Thái Khiết,True,6.45,1.32,22.57,0.42,0.00,30.76
0022.jpg,diễn viên Quách Thái Khiết,True,6.92,1.08,21.16,0.38,0.00,29.54
0001.jpg,diễn viên Quỳnh Kool,True,6.43,1.04,22.73,0.45,0.00,30.65
0002.jpg,diễn viên Quỳnh Kool,True,6.51,1.09,23.04,0.40,0.00,31.04
0003.jpg,diễn viên Quỳnh Kool,True,6.79,1.67,25.75,0.40,0.00,34.61
0012.jpg,diễn viên Quỳnh Kool,True,8.84,1.10,27.59,0.45,0.00,37.97
0013.jpg,diễn viên Quỳnh Kool,True,7.30,1.36,27.17,0.40,0.00,36.23
0015.jpg,diễn viên Quỳnh Kool,True,8.53,1.87,26.36,0.41,0.00,37.18
0017.jpg,diễn viên Quỳnh Kool,True,8.75,1.23,26.37,0.59,0.00,36.93
0019.jpg,diễn viên Quỳnh Kool,True,8.78,1.20,42.30,0.59,0.00,52.87
0020.jpg,diễn viên Quỳnh Kool,True,8.98,1.22,26.14,0.40,0.00,36.75
0025.jpg,diễn viên Quỳnh Kool,True,9.27,1.39,26.59,0.45,0.00,37.71
0027.jpg,diễn viên Quỳnh Kool,True,9.07,1.32,26.08,0.41,0.00,36.88
0029.jpg,diễn viên Quỳnh Kool,True,10.39,1.58,25.90,0.44,0.00,38.31
0031.jpg,diễn viên Quỳnh Kool,True,8.63,1.52,26.54,0.49,0.00,37.18
0032.jpg,diễn viên Quỳnh Kool,True,8.74,1.19,26.77,0.53,0.02,37.25
0033.jpg,diễn viên Quỳnh Kool,True,7.36,1.50,26.85,0.43,0.00,36.15
0034.jpg,diễn viên Quỳnh Kool,True,6.89,1.27,18.38,0.36,0.00,26.90
0035.jpg,diễn viên Quỳnh Kool,True,8.25,1.28,21.05,0.32,0.00,30.90
0038.jpg,diễn viên Quỳnh Kool,True,7.21,1.39,18.66,0.41,0.00,27.67
0040.jpg,diễn viên Quỳnh Kool,True,6.76,1.18,22.91,0.38,0.00,31.24
0042.jpg,diễn viên Quỳnh Kool,True,9.08,1.54,23.82,0.37,0.00,34.81
0001.jpg,diễn viên Shahrukh Khan,True,7.41,1.23,22.53,0.38,0.00,31.55
0002.jpg,diễn viên Shahrukh Khan,True,9.07,1.12,20.74,0.35,0.00,31.27
0003.jpg,diễn viên Shahrukh Khan,True,7.35,1.27,20.26,0.38,0.00,29.27
0004.jpg,diễn viên Shahrukh Khan,True,7.27,1.14,19.00,0.37,0.00,27.78
0005.jpg,diễn viên Shahrukh Khan,True,7.30,1.30,22.84,0.36,0.00,31.81
0006.jpg,diễn viên Shahrukh Khan,True,8.93,1.45,22.70,0.36,0.00,33.44
0008.jpg,diễn viên Shahrukh Khan,True,6.98,1.29,23.03,0.39,0.00,31.68
0009.jpg,diễn viên Shahrukh Khan,True,7.82,1.16,22.40,0.40,0.00,31.78
0012.jpg,diễn viên Shahrukh Khan,True,7.00,1.08,24.03,0.37,0.00,32.48
0013.jpg,diễn viên Shahrukh Khan,True,7.60,0.58,19.63,0.36,0.00,28.17
0015.jpg,diễn viên Shahrukh Khan,True,6.62,1.31,22.84,0.36,0.00,31.13
0016.jpg,diễn viên Shahrukh Khan,True,7.13,1.22,22.15,0.39,0.00,30.88
0017.jpg,diễn viên Shahrukh Khan,True,6.67,0.05,22.75,0.34,0.00,29.80
0018.jpg,diễn viên Shahrukh Khan,True,9.50,1.27,24.34,0.46,0.00,35.58
0019.jpg,diễn viên Shahrukh Khan,True,8.82,1.28,22.25,0.37,0.00,32.72
0020.jpg,diễn viên Shahrukh Khan,True,7.75,1.68,19.55,0.36,0.00,29.34
0021.jpg,diễn viên Shahrukh Khan,True,6.98,0.71,23.06,0.41,0.00,31.17
0022.jpg,diễn viên Shahrukh Khan,True,7.01,1.24,22.92,0.37,0.00,31.55
0024.jpg,diễn viên Shahrukh Khan,True,6.81,1.21,22.12,0.35,0.00,30.48
0026.jpg,diễn viên Shahrukh Khan,True,8.25,1.70,21.59,0.33,0.00,31.88
0027.jpg,diễn viên Shahrukh Khan,False,7.70,0.00,0.00,0.00,0.00,7.70
0028.jpg,diễn viên Shahrukh Khan,True,6.66,1.15,18.38,0.33,0.00,26.53
0029.jpg,diễn viên Shahrukh Khan,True,7.90,1.04,20.66,0.35,0.00,29.95
0030.jpg,diễn viên Shahrukh Khan,True,8.42,1.23,23.65,0.40,0.00,33.70
0031.jpg,diễn viên Shahrukh Khan,True,8.42,0.05,21.53,0.38,0.00,30.38
0032.jpg,diễn viên Shahrukh Khan,True,6.49,1.10,20.28,0.55,0.00,28.43
0033.jpg,diễn viên Shahrukh Khan,True,6.78,1.46,18.42,0.36,0.00,27.02
0034.jpg,diễn viên Shahrukh Khan,True,7.02,1.21,21.04,0.41,0.00,29.68
0035.jpg,diễn viên Shahrukh Khan,True,7.61,1.17,19.41,0.37,0.00,28.55
0001.jpg,diễn viên Tần Lam,True,6.64,1.00,20.98,0.35,0.00,28.98
0003.jpg,diễn viên Tần Lam,True,7.51,0.55,19.05,0.37,0.00,27.48
0007.jpg,diễn viên Tần Lam,True,6.63,1.07,20.62,0.35,0.00,28.67
0009.jpg,diễn viên Tần Lam,True,8.76,1.25,21.22,0.34,0.00,31.56
0011.jpg,diễn viên Tần Lam,True,6.43,1.15,18.87,0.35,0.00,26.80
0013.jpg,diễn viên Tần Lam,True,6.67,1.08,19.96,0.36,0.00,28.08
0015.jpg,diễn viên Tần Lam,True,7.23,1.06,19.35,0.35,0.00,28.00
0016.jpg,diễn viên Tần Lam,True,8.31,0.97,18.64,0.34,0.00,28.26
0017.jpg,diễn viên Tần Lam,True,6.67,1.29,22.36,0.38,0.00,30.71
0022.jpg,diễn viên Tần Lam,True,6.79,0.98,20.10,0.36,0.00,28.24
0023.jpg,diễn viên Tần Lam,True,6.30,1.20,18.15,0.36,0.00,26.01
0024.jpg,diễn viên Tần Lam,True,8.55,1.11,19.49,0.34,0.00,29.50
0027.jpg,diễn viên Tần Lam,True,6.00,1.05,20.30,0.37,0.00,27.71
0028.jpg,diễn viên Tần Lam,True,5.90,1.17,20.74,0.33,0.00,28.13
0031.jpg,diễn viên Tần Lam,True,6.00,1.10,18.93,0.38,0.00,26.42
0032.jpg,diễn viên Tần Lam,True,7.20,1.03,20.53,0.39,0.00,29.16
0033.jpg,diễn viên Tần Lam,True,6.24,1.17,19.13,0.31,0.00,26.85
0034.jpg,diễn viên Tần Lam,True,6.51,0.99,19.78,0.48,0.00,27.77
0035.jpg,diễn viên Tần Lam,True,6.81,1.12,26.68,0.46,0.00,35.07
0036.jpg,diễn viên Tần Lam,True,7.02,1.13,20.56,0.40,0.00,29.11
0037.jpg,diễn viên Tần Lam,True,8.20,1.38,22.90,0.39,0.00,32.86
0040.jpg,diễn viên Tần Lam,True,6.17,1.15,20.61,0.39,0.00,28.32
0041.jpg,diễn viên Tần Lam,True,5.96,0.99,21.63,0.40,0.00,28.98
0043.jpg,diễn viên Tần Lam,True,10.75,1.02,21.82,0.32,0.00,33.91
0044.jpg,diễn viên Tần Lam,True,6.83,1.37,22.56,0.56,0.00,31.32
0001.jpg,diễn viên Tần Tuấn Kiệt,True,11.54,1.23,23.23,0.36,0.00,36.36
0005.jpg,diễn viên Tần Tuấn Kiệt,True,7.80,1.28,24.82,0.44,0.00,34.35
0006.jpg,diễn viên Tần Tuấn Kiệt,True,8.58,0.99,22.56,0.95,0.00,33.08
0007.jpg,diễn viên Tần Tuấn Kiệt,False,9.69,0.00,0.00,0.00,0.00,9.69
0008.jpg,diễn viên Tần Tuấn Kiệt,True,11.77,1.21,26.90,1.80,0.00,41.69
0013.jpg,diễn viên Tần Tuấn Kiệt,True,7.77,1.01,23.75,0.70,0.00,33.24
0016.jpg,diễn viên Tần Tuấn Kiệt,True,13.59,1.31,21.96,0.38,0.00,37.24
0017.jpg,diễn viên Tần Tuấn Kiệt,True,8.76,0.97,23.15,0.82,0.00,33.70
0018.jpg,diễn viên Tần Tuấn Kiệt,True,8.61,1.50,37.44,0.39,0.00,47.94
0019.jpg,diễn viên Tần Tuấn Kiệt,True,13.98,1.67,21.85,0.36,0.00,37.86
0020.jpg,diễn viên Tần Tuấn Kiệt,True,7.88,1.18,21.79,0.34,0.00,31.20
0022.jpg,diễn viên Tần Tuấn Kiệt,True,9.35,1.03,22.85,0.44,0.00,33.67
0027.jpg,diễn viên Tần Tuấn Kiệt,True,7.24,2.33,20.87,0.44,0.00,30.88
0029.jpg,diễn viên Tần Tuấn Kiệt,True,9.24,1.32,23.33,0.39,0.00,34.29
0030.jpg,diễn viên Tần Tuấn Kiệt,True,8.92,0.98,20.11,0.34,0.00,30.36
0031.jpg,diễn viên Tần Tuấn Kiệt,True,5.75,0.92,21.83,0.35,0.00,28.85
0032.jpg,diễn viên Tần Tuấn Kiệt,True,6.53,0.92,19.28,0.32,0.00,27.05
0033.jpg,diễn viên Tần Tuấn Kiệt,True,5.54,0.90,18.74,0.36,0.00,25.54
0001.jpg,diễn viên Thanh Mai,True,6.19,1.15,20.11,0.61,0.00,28.05
0002.jpg,diễn viên Thanh Mai,True,7.31,1.20,21.54,0.36,0.00,30.41
0003.jpg,diễn viên Thanh Mai,True,5.57,1.04,19.87,0.29,0.00,26.77
0004.jpg,diễn viên Thanh Mai,True,6.01,0.94,20.10,0.48,0.00,27.53
0005.jpg,diễn viên Thanh Mai,True,5.76,1.29,18.35,0.31,0.00,25.71
0006.jpg,diễn viên Thanh Mai,True,6.94,0.96,19.54,0.40,0.00,27.83
0007.jpg,diễn viên Thanh Mai,True,6.17,1.08,17.91,0.31,0.00,25.48
0009.jpg,diễn viên Thanh Mai,True,5.71,2.01,17.87,0.31,0.00,25.90
0011.jpg,diễn viên Thanh Mai,True,6.41,1.09,19.08,0.30,0.00,26.88
0013.jpg,diễn viên Thanh Mai,True,5.61,0.92,19.82,0.39,0.00,26.74
0014.jpg,diễn viên Thanh Mai,True,5.62,1.11,18.94,0.33,0.00,25.99
0015.jpg,diễn viên Thanh Mai,True,7.37,1.10,17.24,0.35,0.00,26.06
0016.jpg,diễn viên Thanh Mai,True,5.70,1.15,18.35,0.35,0.00,25.56
0017.jpg,diễn viên Thanh Mai,True,11.40,1.10,18.93,0.32,0.00,31.76
0018.jpg,diễn viên Thanh Mai,True,7.73,0.44,17.79,0.31,0.00,26.27
0019.jpg,diễn viên Thanh Mai,True,6.30,1.12,16.95,0.32,0.00,24.69
0020.jpg,diễn viên Thanh Mai,True,5.31,1.03,18.81,0.36,0.00,25.51
0021.jpg,diễn viên Thanh Mai,True,5.79,0.91,21.79,0.36,0.00,28.85
0022.jpg,diễn viên Thanh Mai,True,6.44,1.66,21.54,0.32,0.00,29.97
0023.jpg,diễn viên Thanh Mai,True,12.49,1.11,18.88,0.30,0.00,32.78
0024.jpg,diễn viên Thanh Mai,True,6.13,1.04,20.02,0.31,0.00,27.51
0025.jpg,diễn viên Thanh Mai,True,6.14,2.78,21.51,0.39,0.00,30.82
0026.jpg,diễn viên Thanh Mai,True,6.54,1.10,22.41,0.33,0.00,30.38
0027.jpg,diễn viên Thanh Mai,True,6.37,1.01,22.31,0.38,0.00,30.07
0028.jpg,diễn viên Thanh Mai,True,6.44,1.00,21.21,0.36,0.00,29.00
0029.jpg,diễn viên Thanh Mai,True,6.34,1.04,21.39,0.36,0.00,29.12
0030.jpg,diễn viên Thanh Mai,True,6.66,1.02,20.28,0.38,0.00,28.34
0031.jpg,diễn viên Thanh Mai,True,6.75,1.26,19.66,0.35,0.00,28.02
0034.jpg,diễn viên Thanh Mai,True,6.49,1.33,19.62,0.37,0.00,27.82
0037.jpg,diễn viên Thanh Mai,True,10.03,1.19,21.30,0.37,0.00,32.89
0039.jpg,diễn viên Thanh Mai,True,5.83,1.15,16.77,0.28,0.00,24.03
0042.jpg,diễn viên Thanh Mai,True,5.57,1.09,18.30,0.33,0.00,25.29
0002.jpg,diễn viên Thịnh Sếu,True,5.44,0.45,17.15,0.30,0.00,23.34
0003.jpg,diễn viên Thịnh Sếu,True,6.61,1.00,18.88,0.33,0.00,26.82
0004.jpg,diễn viên Thịnh Sếu,True,6.69,1.01,18.52,0.34,0.00,26.56
0005.jpg,diễn viên Thịnh Sếu,True,6.63,0.99,19.16,0.34,0.00,27.12
0006.jpg,diễn viên Thịnh Sếu,True,7.66,1.25,20.56,0.37,0.00,29.83
0007.jpg,diễn viên Thịnh Sếu,True,7.55,1.25,21.59,0.39,0.00,30.77
0008.jpg,diễn viên Thịnh Sếu,True,24.60,1.22,23.15,0.40,0.00,49.37
0010.jpg,diễn viên Thịnh Sếu,True,7.10,1.11,23.91,0.35,0.00,32.48
0001.jpg,diễn viên Thúy Diễm,True,7.98,1.08,22.01,0.43,0.00,31.51
0003.jpg,diễn viên Thúy Diễm,True,6.85,1.20,22.15,0.48,0.00,30.68
0005.jpg,diễn viên Thúy Diễm,True,7.06,1.25,23.83,0.42,0.00,32.57
0006.jpg,diễn viên Thúy Diễm,True,9.38,1.29,22.60,0.39,0.00,33.65
0009.jpg,diễn viên Thúy Diễm,True,7.16,1.23,22.15,0.38,0.00,30.91
0010.jpg,diễn viên Thúy Diễm,True,7.59,1.94,20.64,0.39,0.00,30.56
0011.jpg,diễn viên Thúy Diễm,True,6.85,1.25,22.52,0.36,0.00,30.99
0012.jpg,diễn viên Thúy Diễm,True,6.99,1.25,24.01,0.40,0.00,32.64
0015.jpg,diễn viên Thúy Diễm,True,6.57,1.26,22.23,0.36,0.00,30.42
0017.jpg,diễn viên Thúy Diễm,True,6.51,0.99,20.30,0.39,0.00,28.20
0019.jpg,diễn viên Thúy Diễm,True,7.46,1.42,20.78,0.52,0.00,30.18
0022.jpg,diễn viên Thúy Diễm,True,6.54,1.03,19.53,0.32,0.00,27.42
0024.jpg,diễn viên Thúy Diễm,True,8.93,1.21,22.27,0.39,0.00,32.80
0025.jpg,diễn viên Thúy Diễm,True,10.25,1.27,43.15,0.60,0.00,55.28
0026.jpg,diễn viên Thúy Diễm,True,12.48,1.50,24.89,0.38,0.00,39.26
0028.jpg,diễn viên Thúy Diễm,True,7.58,1.01,22.65,0.39,0.00,31.63
0030.jpg,diễn viên Thúy Diễm,True,8.70,1.16,22.95,0.40,0.00,33.20
0033.jpg,diễn viên Thúy Diễm,True,7.33,1.18,21.35,0.35,0.00,30.22
0034.jpg,diễn viên Thúy Diễm,True,8.90,1.15,21.16,0.36,0.00,31.57
0001.jpg,diễn viên Thúy Kiều Faptv,True,7.28,1.29,23.54,0.40,0.00,32.51
0003.jpg,diễn viên Thúy Kiều Faptv,True,6.75,1.28,21.45,0.39,0.00,29.87
0004.jpg,diễn viên Thúy Kiều Faptv,True,7.01,1.55,22.33,0.35,0.00,31.24
0007.jpg,diễn viên Thúy Kiều Faptv,True,6.90,1.54,21.55,0.37,0.00,30.36
0008.jpg,diễn viên Thúy Kiều Faptv,True,7.77,0.06,22.70,0.35,0.00,30.89
0009.jpg,diễn viên Thúy Kiều Faptv,True,7.16,1.41,22.62,0.43,0.00,31.62
0011.jpg,diễn viên Thúy Kiều Faptv,True,8.02,1.54,23.19,0.49,0.00,33.24
0013.jpg,diễn viên Thúy Kiều Faptv,True,6.68,1.05,21.77,0.50,0.00,30.00
0014.jpg,diễn viên Thúy Kiều Faptv,True,6.59,1.05,20.08,0.32,0.00,28.05
0017.jpg,diễn viên Thúy Kiều Faptv,True,7.06,1.04,24.06,0.39,0.00,32.56
0020.jpg,diễn viên Thúy Kiều Faptv,True,6.86,1.22,21.17,0.36,0.00,29.62
0021.jpg,diễn viên Thúy Kiều Faptv,True,6.54,1.24,19.45,0.32,0.00,27.55
0022.jpg,diễn viên Thúy Kiều Faptv,True,7.29,1.03,19.92,0.36,0.00,28.59
0025.jpg,diễn viên Thúy Kiều Faptv,True,7.87,1.20,23.22,0.37,0.00,32.65
0026.jpg,diễn viên Thúy Kiều Faptv,True,8.88,1.11,26.53,0.45,0.00,36.97
0027.jpg,diễn viên Thúy Kiều Faptv,True,7.90,1.58,24.08,0.37,0.00,33.93
0028.jpg,diễn viên Thúy Kiều Faptv,True,7.70,0.06,23.09,0.47,0.00,31.32
0029.jpg,diễn viên Thúy Kiều Faptv,True,7.45,1.66,23.51,0.60,0.00,33.22
0031.jpg,diễn viên Thúy Kiều Faptv,True,9.22,1.23,23.55,0.56,0.00,34.56
0032.jpg,diễn viên Thúy Kiều Faptv,True,7.14,1.11,20.16,0.40,0.00,28.81
0001.jpg,diễn viên Tôn Di,True,6.98,1.28,21.51,0.54,0.00,30.31
0002.jpg,diễn viên Tôn Di,True,7.73,1.33,22.86,0.38,0.00,32.31
0005.jpg,diễn viên Tôn Di,True,7.38,2.82,21.72,0.31,0.00,32.23
0006.jpg,diễn viên Tôn Di,True,9.44,1.54,23.91,0.48,0.00,35.38
0007.jpg,diễn viên Tôn Di,True,9.41,1.28,23.41,0.35,0.00,34.44
0010.jpg,diễn viên Tôn Di,True,8.26,1.29,23.40,0.38,0.00,33.33
0011.jpg,diễn viên Tôn Di,True,7.77,2.19,24.53,0.40,0.00,34.88
0012.jpg,diễn viên Tôn Di,True,22.62,1.40,26.85,0.44,0.00,51.30
0013.jpg,diễn viên Tôn Di,True,9.51,1.23,28.20,0.46,0.00,39.40
0014.jpg,diễn viên Tôn Di,True,11.11,1.17,23.58,0.41,0.00,36.28
0015.jpg,diễn viên Tôn Di,True,8.10,1.68,23.05,0.38,0.00,33.19
0016.jpg,diễn viên Tôn Di,True,9.34,1.43,23.31,0.44,0.00,34.52
0017.jpg,diễn viên Tôn Di,True,10.29,1.39,23.92,0.45,0.00,36.05
0019.jpg,diễn viên Tôn Di,True,8.23,1.51,22.57,0.36,0.00,32.66
0021.jpg,diễn viên Tôn Di,True,10.79,1.38,20.98,0.46,0.00,33.61
0022.jpg,diễn viên Tôn Di,True,6.82,1.03,23.18,0.36,0.00,31.39
0023.jpg,diễn viên Tôn Di,True,7.39,1.28,21.93,0.38,0.00,30.98
0025.jpg,diễn viên Tôn Di,True,8.43,2.30,20.83,0.40,0.00,31.96
0026.jpg,diễn viên Tôn Di,True,8.31,1.68,23.49,0.41,0.00,33.89
0027.jpg,diễn viên Tôn Di,True,8.50,1.34,23.85,0.42,0.00,34.11
0031.jpg,diễn viên Tôn Di,True,6.99,1.28,22.75,0.50,0.00,31.53
0032.jpg,diễn viên Tôn Di,True,6.81,1.17,22.55,0.36,0.00,30.90
0033.jpg,diễn viên Tôn Di,True,7.45,1.16,24.00,0.41,0.00,33.02
0034.jpg,diễn viên Tôn Di,True,8.39,1.07,21.51,0.39,0.00,31.36
0036.jpg,diễn viên Tôn Di,True,7.33,0.59,61.00,0.78,0.00,69.69
0037.jpg,diễn viên Tôn Di,True,8.89,2.96,36.43,0.60,0.00,48.88
0038.jpg,diễn viên Tôn Di,True,10.16,2.30,38.57,0.40,0.00,51.42
0039.jpg,diễn viên Tôn Di,True,22.19,5.23,28.76,0.46,0.00,56.63
0002.jpg,diễn viên Tôn Hồng Lôi,True,8.04,1.23,23.73,0.45,0.00,33.44
0004.jpg,diễn viên Tôn Hồng Lôi,True,7.85,0.58,26.07,0.39,0.00,34.90
0007.jpg,diễn viên Tôn Hồng Lôi,True,8.50,1.35,24.44,0.42,0.00,34.72
0008.jpg,diễn viên Tôn Hồng Lôi,True,8.46,1.75,24.18,0.41,0.00,34.80
0009.jpg,diễn viên Tôn Hồng Lôi,True,7.71,0.61,24.22,0.40,0.00,32.94
0010.jpg,diễn viên Tôn Hồng Lôi,True,11.73,1.31,24.43,0.42,0.00,37.89
0013.jpg,diễn viên Tôn Hồng Lôi,True,9.04,1.49,24.37,0.40,0.00,35.30
0014.jpg,diễn viên Tôn Hồng Lôi,True,8.89,1.16,21.76,0.42,0.00,32.23
0015.jpg,diễn viên Tôn Hồng Lôi,True,8.38,1.38,27.61,0.51,0.00,37.89
0017.jpg,diễn viên Tôn Hồng Lôi,True,9.23,1.87,32.07,0.39,0.00,43.56
0022.jpg,diễn viên Tôn Hồng Lôi,True,10.61,0.66,47.48,0.42,0.00,59.17
0024.jpg,diễn viên Tôn Hồng Lôi,True,7.90,1.37,26.37,0.46,0.00,36.10
0025.jpg,diễn viên Tôn Hồng Lôi,True,7.61,1.39,23.07,0.39,0.00,32.46
0027.jpg,diễn viên Tôn Hồng Lôi,True,10.81,1.84,22.22,0.48,0.00,35.35
0030.jpg,diễn viên Tôn Hồng Lôi,True,11.61,0.06,21.36,0.38,0.00,33.42
0002.jpg,diễn viên Tống Thiến (Victoria),True,8.85,1.80,26.79,0.43,0.00,37.87
0003.jpg,diễn viên Tống Thiến (Victoria),True,9.94,1.18,26.50,0.44,0.00,38.06
0004.jpg,diễn viên Tống Thiến (Victoria),True,10.48,1.22,29.91,0.46,0.00,42.07
0006.jpg,diễn viên Tống Thiến (Victoria),True,8.86,1.46,23.88,0.41,0.00,34.62
0007.jpg,diễn viên Tống Thiến (Victoria),True,10.26,1.16,24.17,0.42,0.00,36.00
0009.jpg,diễn viên Tống Thiến (Victoria),True,8.41,1.42,23.69,0.41,0.00,33.94
0012.jpg,diễn viên Tống Thiến (Victoria),True,9.14,1.15,25.18,0.39,0.00,35.86
0013.jpg,diễn viên Tống Thiến (Victoria),True,8.17,1.39,25.01,0.43,0.00,35.00
0016.jpg,diễn viên Tống Thiến (Victoria),True,8.84,0.07,25.35,0.46,0.00,34.72
0019.jpg,diễn viên Tống Thiến (Victoria),True,8.98,1.34,24.04,0.38,0.00,34.74
0020.jpg,diễn viên Tống Thiến (Victoria),True,8.09,0.58,20.56,0.35,0.00,29.58
0021.jpg,diễn viên Tống Thiến (Victoria),True,8.68,1.17,22.76,0.41,0.00,33.03
0023.jpg,diễn viên Tống Thiến (Victoria),True,8.65,0.61,23.44,0.40,0.00,33.10
0027.jpg,diễn viên Tống Thiến (Victoria),True,8.91,1.12,21.73,0.36,0.00,32.12
0028.jpg,diễn viên Tống Thiến (Victoria),True,8.66,1.29,30.15,0.46,0.00,40.56
0031.jpg,diễn viên Tống Thiến (Victoria),True,8.02,1.34,31.67,0.77,0.00,41.80
0032.jpg,diễn viên Tống Thiến (Victoria),True,10.61,0.56,24.52,0.64,0.00,36.33
0033.jpg,diễn viên Tống Thiến (Victoria),True,7.55,1.28,24.71,0.45,0.00,34.00
0034.jpg,diễn viên Tống Thiến (Victoria),False,7.68,0.00,0.00,0.00,0.00,7.68
0035.jpg,diễn viên Tống Thiến (Victoria),True,8.11,1.30,21.12,0.43,0.00,30.96
0038.jpg,diễn viên Tống Thiến (Victoria),True,6.97,1.30,24.93,0.44,0.00,33.64
0039.jpg,diễn viên Tống Thiến (Victoria),True,8.46,1.24,21.75,0.41,0.00,31.86
0040.jpg,diễn viên Tống Thiến (Victoria),True,7.72,1.21,24.34,0.43,0.00,33.71
0042.jpg,diễn viên Tống Thiến (Victoria),True,7.72,1.20,25.41,0.43,0.00,34.75
0043.jpg,diễn viên Tống Thiến (Victoria),True,11.30,1.29,36.82,0.39,0.00,49.79
0002.jpg,diễn viên Tống Tổ Nhi,True,7.22,1.27,24.19,0.62,0.00,33.30
0004.jpg,diễn viên Tống Tổ Nhi,True,7.50,1.26,24.34,0.79,0.00,33.89
0005.jpg,diễn viên Tống Tổ Nhi,True,10.26,1.14,25.58,1.29,0.00,38.26
0008.jpg,diễn viên Tống Tổ Nhi,True,12.71,1.64,28.13,0.70,0.00,43.18
0009.jpg,diễn viên Tống Tổ Nhi,True,8.93,1.07,26.50,0.36,0.00,36.86
0011.jpg,diễn viên Tống Tổ Nhi,False,7.75,0.00,0.00,0.00,0.00,7.75
0012.jpg,diễn viên Tống Tổ Nhi,True,7.88,1.14,21.79,0.42,0.00,31.24
0015.jpg,diễn viên Tống Tổ Nhi,True,8.09,1.14,21.88,0.40,0.00,31.52
0016.jpg,diễn viên Tống Tổ Nhi,True,8.27,1.22,23.60,0.37,0.00,33.46
0017.jpg,diễn viên Tống Tổ Nhi,True,7.43,1.25,22.68,0.38,0.00,31.74
0019.jpg,diễn viên Tống Tổ Nhi,True,7.76,1.35,19.52,0.39,0.00,29.03
0020.jpg,diễn viên Tống Tổ Nhi,True,7.93,1.27,23.70,0.40,0.00,33.30
0024.jpg,diễn viên Tống Tổ Nhi,True,8.65,1.14,22.56,0.42,0.00,32.75
0029.jpg,diễn viên Tống Tổ Nhi,True,8.90,1.51,21.85,0.36,0.00,32.62
0031.jpg,diễn viên Tống Tổ Nhi,True,8.19,1.23,20.87,0.37,0.00,30.66
0032.jpg,diễn viên Tống Tổ Nhi,True,7.62,1.10,20.18,0.35,0.00,29.24
0036.jpg,diễn viên Tống Tổ Nhi,True,6.99,1.43,18.20,0.37,0.00,26.99
0037.jpg,diễn viên Tống Tổ Nhi,True,7.29,0.54,19.88,0.38,0.00,28.09
0038.jpg,diễn viên Tống Tổ Nhi,True,8.86,1.00,21.77,0.40,0.00,32.04
0040.jpg,diễn viên Tống Tổ Nhi,True,10.77,1.02,22.51,0.41,0.00,34.71
0042.jpg,diễn viên Tống Tổ Nhi,True,8.79,1.23,24.73,0.37,0.00,35.12
0045.jpg,diễn viên Tống Tổ Nhi,True,10.14,1.32,22.67,1.00,0.00,35.13
0001.jpg,diễn viên Tống Uy Long,True,7.46,0.94,19.26,0.32,0.00,27.97
0002.jpg,diễn viên Tống Uy Long,True,6.64,0.99,19.41,0.45,0.00,27.50
0003.jpg,diễn viên Tống Uy Long,True,5.54,0.98,17.42,0.38,0.00,24.31
0007.jpg,diễn viên Tống Uy Long,True,6.62,1.22,19.41,0.33,0.00,27.58
0012.jpg,diễn viên Tống Uy Long,True,7.79,1.15,17.31,0.35,0.00,26.59
0014.jpg,diễn viên Tống Uy Long,False,7.30,0.00,0.00,0.00,0.00,7.30
0015.jpg,diễn viên Tống Uy Long,True,6.81,0.98,18.43,0.36,0.00,26.57
0016.jpg,diễn viên Tống Uy Long,True,7.12,0.46,19.62,0.36,0.00,27.56
0017.jpg,diễn viên Tống Uy Long,True,6.30,1.02,21.06,0.36,0.00,28.75
0019.jpg,diễn viên Tống Uy Long,True,6.71,1.37,18.29,0.42,0.00,26.80
0021.jpg,diễn viên Tống Uy Long,True,6.55,0.08,19.13,0.33,0.00,26.09
0022.jpg,diễn viên Tống Uy Long,True,6.75,0.96,20.60,0.33,0.00,28.65
0023.jpg,diễn viên Tống Uy Long,True,6.63,0.93,18.96,0.33,0.00,26.85
0025.jpg,diễn viên Tống Uy Long,True,6.65,1.11,21.03,0.34,0.00,29.13
0026.jpg,diễn viên Tống Uy Long,True,5.62,1.05,20.60,0.38,0.00,27.65
0027.jpg,diễn viên Tống Uy Long,True,6.38,1.01,20.37,0.37,0.00,28.13
0036.jpg,diễn viên Tống Uy Long,True,7.19,1.23,19.09,0.37,0.00,27.88
0037.jpg,diễn viên Tống Uy Long,True,6.36,1.48,20.00,0.38,0.00,28.23
0038.jpg,diễn viên Tống Uy Long,True,8.20,1.16,22.90,0.38,0.00,32.65
0039.jpg,diễn viên Tống Uy Long,True,9.11,1.12,21.98,0.54,0.00,32.74
0040.jpg,diễn viên Tống Uy Long,True,6.75,1.11,19.05,0.34,0.00,27.25
0045.jpg,diễn viên Tống Uy Long,True,6.67,1.06,22.30,1.96,0.00,31.99
0048.jpg,diễn viên Tống Uy Long,True,6.58,0.92,19.95,0.37,0.00,27.82
0003.jpg,diễn viên Trần Bách Lâm,True,5.12,1.02,16.70,0.40,0.00,23.24
0004.jpg,diễn viên Trần Bách Lâm,True,8.33,1.16,19.50,0.51,0.00,29.51
0005.jpg,diễn viên Trần Bách Lâm,True,6.43,1.12,21.00,0.40,0.00,28.95
0006.jpg,diễn viên Trần Bách Lâm,True,7.69,1.13,21.02,0.35,0.00,30.20
0007.jpg,diễn viên Trần Bách Lâm,True,5.72,1.00,19.38,0.37,0.00,26.48
0008.jpg,diễn viên Trần Bách Lâm,True,6.73,1.07,20.72,0.37,0.00,28.90
0009.jpg,diễn viên Trần Bách Lâm,True,7.30,1.16,19.23,0.30,0.00,27.99
0010.jpg,diễn viên Trần Bách Lâm,True,6.08,0.88,17.68,0.31,0.00,24.95
0011.jpg,diễn viên Trần Bách Lâm,True,5.53,1.04,17.30,0.31,0.00,24.18
0012.jpg,diễn viên Trần Bách Lâm,True,6.95,0.94,18.52,0.34,0.00,26.75
0014.jpg,diễn viên Trần Bách Lâm,True,5.97,0.96,20.11,0.27,0.00,27.31
0001.jpg,diễn viên Trần Hách,True,5.59,1.38,37.27,0.32,0.00,44.56
0002.jpg,diễn viên Trần Hách,True,5.42,1.17,18.01,0.37,0.00,24.98
0003.jpg,diễn viên Trần Hách,True,5.75,0.93,17.88,0.53,0.00,25.09
0004.jpg,diễn viên Trần Hách,True,7.05,1.18,17.68,0.31,0.00,26.22
0011.jpg,diễn viên Trần Hách,True,5.94,1.15,20.55,0.31,0.00,27.95
0012.jpg,diễn viên Trần Hách,True,6.39,1.32,22.53,0.81,0.00,31.06
0014.jpg,diễn viên Trần Hách,True,8.77,1.88,21.45,0.27,0.00,32.38
0015.jpg,diễn viên Trần Hách,True,8.22,1.21,19.79,0.32,0.00,29.54
0016.jpg,diễn viên Trần Hách,True,7.67,0.05,20.33,0.51,0.00,28.56
0017.jpg,diễn viên Trần Hách,True,6.22,1.00,19.61,0.36,0.00,27.18
0018.jpg,diễn viên Trần Hách,True,5.26,1.01,18.14,0.38,0.00,24.79
0020.jpg,diễn viên Trần Hách,True,5.48,0.42,18.20,0.30,0.00,24.40
0021.jpg,diễn viên Trần Hách,True,6.24,0.87,17.89,0.30,0.00,25.30
0023.jpg,diễn viên Trần Hách,True,5.65,0.80,18.76,0.32,0.00,25.51
0027.jpg,diễn viên Trần Hách,True,4.84,0.91,17.48,0.31,0.00,23.53
0028.jpg,diễn viên Trần Hách,True,6.04,1.07,18.47,0.31,0.00,25.88
0030.jpg,diễn viên Trần Hách,True,7.88,1.03,18.47,0.32,0.00,27.70
0031.jpg,diễn viên Trần Hách,True,6.55,1.46,17.54,0.28,0.00,25.82
0001.jpg,diễn viên Trần Học Đông,True,4.72,1.01,16.57,0.31,0.00,22.61
0005.jpg,diễn viên Trần Học Đông,True,5.45,1.05,19.27,0.34,0.00,26.11
0008.jpg,diễn viên Trần Học Đông,True,6.38,0.92,16.36,0.30,0.00,23.97
0009.jpg,diễn viên Trần Học Đông,True,5.71,0.95,18.81,0.28,0.00,25.75
0010.jpg,diễn viên Trần Học Đông,True,5.07,1.08,18.26,0.31,0.00,24.73
0011.jpg,diễn viên Trần Học Đông,True,6.09,1.06,17.31,0.31,0.00,24.77
0013.jpg,diễn viên Trần Học Đông,True,5.50,1.05,19.69,0.33,0.00,26.58
0017.jpg,diễn viên Trần Học Đông,True,5.80,1.10,16.43,0.28,0.00,23.61
0018.jpg,diễn viên Trần Học Đông,True,5.75,0.84,18.79,0.33,0.00,25.70
0019.jpg,diễn viên Trần Học Đông,True,5.54,1.02,18.76,0.37,0.00,25.68
0020.jpg,diễn viên Trần Học Đông,True,7.22,1.02,19.19,0.29,0.00,27.72
0021.jpg,diễn viên Trần Học Đông,True,7.50,1.01,18.23,0.55,0.00,27.29
0022.jpg,diễn viên Trần Học Đông,True,9.13,1.00,19.65,0.62,0.00,30.40
0023.jpg,diễn viên Trần Học Đông,True,8.04,0.85,19.05,0.43,0.00,28.37
0024.jpg,diễn viên Trần Học Đông,True,6.72,1.34,18.10,0.34,0.00,26.50
0025.jpg,diễn viên Trần Học Đông,True,5.31,0.87,17.32,0.28,0.00,23.78
0026.jpg,diễn viên Trần Học Đông,True,5.11,0.98,17.70,0.31,0.00,24.10
0028.jpg,diễn viên Trần Học Đông,True,6.41,1.03,17.55,0.30,0.00,25.29
0030.jpg,diễn viên Trần Học Đông,True,5.49,0.94,17.22,0.25,0.00,23.90
0037.jpg,diễn viên Trần Học Đông,True,6.16,1.04,16.93,0.29,0.00,24.41
0038.jpg,diễn viên Trần Học Đông,True,5.98,0.98,17.22,0.32,0.00,24.50
0001.jpg,diễn viên Trịnh Khải,True,5.50,0.98,15.77,0.29,0.00,22.54
0002.jpg,diễn viên Trịnh Khải,True,5.20,0.96,15.44,0.27,0.00,21.87
0003.jpg,diễn viên Trịnh Khải,True,4.73,0.86,16.59,0.31,0.00,22.48
0005.jpg,diễn viên Trịnh Khải,True,5.92,1.00,16.06,0.30,0.00,23.28
0008.jpg,diễn viên Trịnh Khải,True,4.62,0.81,16.08,0.32,0.00,21.82
0009.jpg,diễn viên Trịnh Khải,True,4.79,0.79,14.77,0.34,0.00,20.70
0013.jpg,diễn viên Trịnh Khải,True,4.91,1.04,15.06,0.30,0.00,21.30
0015.jpg,diễn viên Trịnh Khải,True,4.94,1.02,15.55,0.41,0.00,21.92
0017.jpg,diễn viên Trịnh Khải,True,5.24,0.89,15.91,0.28,0.00,22.31
0019.jpg,diễn viên Trịnh Khải,True,4.94,0.94,16.06,0.27,0.00,22.22
0020.jpg,diễn viên Trịnh Khải,True,8.06,0.89,18.96,0.31,0.00,28.21
0022.jpg,diễn viên Trịnh Khải,True,6.86,1.70,22.27,0.33,0.00,31.16
0025.jpg,diễn viên Trịnh Khải,True,6.52,1.05,18.36,0.34,0.00,26.27
0026.jpg,diễn viên Trịnh Khải,True,6.75,1.41,20.68,0.31,0.00,29.16
0028.jpg,diễn viên Trịnh Khải,True,9.72,0.86,21.46,0.36,0.00,32.41
0001.jpg,diễn viên Trịnh Nguyên Sướng,True,5.05,0.84,19.67,1.30,0.00,26.87
0003.jpg,diễn viên Trịnh Nguyên Sướng,True,8.14,0.88,16.26,0.33,0.00,25.62
0004.jpg,diễn viên Trịnh Nguyên Sướng,True,7.25,1.10,18.42,0.31,0.00,27.09
0005.jpg,diễn viên Trịnh Nguyên Sướng,True,7.12,1.09,18.37,0.34,0.00,26.92
0012.jpg,diễn viên Trịnh Nguyên Sướng,True,6.68,0.85,17.05,0.34,0.00,24.91
0013.jpg,diễn viên Trịnh Nguyên Sướng,True,4.63,0.82,18.18,0.33,0.00,23.96
0015.jpg,diễn viên Trịnh Nguyên Sướng,True,7.92,1.06,18.89,0.38,0.00,28.25
0017.jpg,diễn viên Trịnh Nguyên Sướng,True,4.87,0.92,19.31,0.30,0.00,25.38
0023.jpg,diễn viên Trịnh Nguyên Sướng,True,4.74,0.82,15.50,0.29,0.00,21.34
0024.jpg,diễn viên Trịnh Nguyên Sướng,True,6.47,0.81,16.11,0.29,0.00,23.68
0025.jpg,diễn viên Trịnh Nguyên Sướng,True,5.43,0.96,16.19,0.31,0.00,22.90
0026.jpg,diễn viên Trịnh Nguyên Sướng,True,5.30,0.05,16.42,0.27,0.00,22.04
0027.jpg,diễn viên Trịnh Nguyên Sướng,True,4.65,1.20,16.22,0.27,0.00,22.34
0029.jpg,diễn viên Trịnh Nguyên Sướng,True,5.06,0.98,15.11,0.30,0.00,21.44
0030.jpg,diễn viên Trịnh Nguyên Sướng,True,5.46,0.84,17.27,0.68,0.00,24.25
0032.jpg,diễn viên Trịnh Nguyên Sướng,True,6.21,1.11,17.10,0.29,0.00,24.71
0033.jpg,diễn viên Trịnh Nguyên Sướng,True,5.10,0.42,17.20,0.29,0.00,23.01
0036.jpg,diễn viên Trịnh Nguyên Sướng,True,4.90,0.99,16.17,0.31,0.00,22.37
0037.jpg,diễn viên Trịnh Nguyên Sướng,True,6.44,0.79,17.02,0.38,0.00,24.62
0038.jpg,diễn viên Trịnh Nguyên Sướng,True,4.96,0.83,17.11,0.28,0.00,23.18
0042.jpg,diễn viên Trịnh Nguyên Sướng,False,5.73,0.00,0.00,0.00,0.00,5.73
0043.jpg,diễn viên Trịnh Nguyên Sướng,True,4.68,0.89,15.06,0.31,0.00,20.93
0044.jpg,diễn viên Trịnh Nguyên Sướng,True,6.90,1.07,17.60,0.31,0.00,25.87
0001.jpg,diễn viên Trúc Mây,True,5.80,1.02,17.65,0.45,0.00,24.93
0003.jpg,diễn viên Trúc Mây,True,6.41,1.02,16.68,0.29,0.01,24.41
0006.jpg,diễn viên Trúc Mây,True,5.70,1.21,16.76,0.35,0.00,24.02
0007.jpg,diễn viên Trúc Mây,True,5.15,0.82,17.97,0.32,0.00,24.26
0008.jpg,diễn viên Trúc Mây,True,8.00,1.13,15.85,0.27,0.00,25.25
0010.jpg,diễn viên Trúc Mây,True,6.20,1.04,18.29,0.38,0.00,25.90
0011.jpg,diễn viên Trúc Mây,True,5.97,1.13,19.85,0.26,0.00,27.22
0012.jpg,diễn viên Trúc Mây,True,9.12,0.83,19.47,0.40,0.00,29.83
0014.jpg,diễn viên Trúc Mây,True,7.37,0.79,16.65,0.30,0.00,25.12
0015.jpg,diễn viên Trúc Mây,True,4.58,0.98,15.11,0.56,0.00,21.23
0016.jpg,diễn viên Trúc Mây,True,5.35,1.00,16.71,0.29,0.00,23.35
0017.jpg,diễn viên Trúc Mây,True,4.94,0.96,17.10,0.27,0.00,23.26
0018.jpg,diễn viên Trúc Mây,True,4.44,0.83,16.53,0.30,0.00,22.10
0021.jpg,diễn viên Trúc Mây,True,4.50,0.96,15.20,0.27,0.00,20.93
0023.jpg,diễn viên Trúc Mây,True,5.14,1.18,16.72,0.29,0.00,23.32
0024.jpg,diễn viên Trúc Mây,True,5.05,1.00,16.44,0.30,0.00,22.79
0026.jpg,diễn viên Trúc Mây,True,5.59,1.12,16.18,0.29,0.00,23.18
0031.jpg,diễn viên Trúc Mây,True,4.47,0.84,15.02,0.28,0.00,20.60
0033.jpg,diễn viên Trúc Mây,True,5.32,0.80,17.71,0.29,0.00,24.12
0034.jpg,diễn viên Trúc Mây,True,5.12,1.09,17.58,0.34,0.00,24.13
0036.jpg,diễn viên Trúc Mây,True,10.47,1.04,16.79,0.34,0.00,28.64
0038.jpg,diễn viên Trúc Mây,True,6.91,0.93,17.91,0.29,0.00,26.05
0039.jpg,diễn viên Trúc Mây,True,5.68,1.00,16.62,0.38,0.00,23.68
0040.jpg,diễn viên Trúc Mây,True,9.37,1.21,20.57,0.32,0.00,31.47
0043.jpg,diễn viên Trúc Mây,True,5.50,0.94,18.06,0.53,0.00,25.03
0001.jpg,diễn viên Trương Bân Bân,True,5.82,0.88,17.92,0.26,0.00,24.88
0002.jpg,diễn viên Trương Bân Bân,True,10.56,1.03,16.08,0.26,0.00,27.94
0003.jpg,diễn viên Trương Bân Bân,True,5.43,0.97,16.74,0.39,0.00,23.54
0006.jpg,diễn viên Trương Bân Bân,True,4.77,0.78,17.91,0.29,0.00,23.75
0011.jpg,diễn viên Trương Bân Bân,True,5.51,0.78,18.76,0.32,0.00,25.38
0013.jpg,diễn viên Trương Bân Bân,True,5.72,0.91,16.23,0.29,0.00,23.15
0014.jpg,diễn viên Trương Bân Bân,True,4.84,0.87,15.19,0.29,0.00,21.18
0020.jpg,diễn viên Trương Bân Bân,True,4.47,0.97,15.44,0.28,0.00,21.16
0023.jpg,diễn viên Trương Bân Bân,True,4.54,0.97,15.59,0.29,0.00,21.40
0024.jpg,diễn viên Trương Bân Bân,True,4.36,1.06,15.71,0.29,0.00,21.42
0026.jpg,diễn viên Trương Bân Bân,True,24.33,0.87,17.28,0.30,0.00,42.78
0028.jpg,diễn viên Trương Bân Bân,True,6.33,0.93,15.80,0.30,0.00,23.36
0030.jpg,diễn viên Trương Bân Bân,True,5.17,1.34,18.34,0.33,0.00,25.19
0031.jpg,diễn viên Trương Bân Bân,True,5.10,1.03,18.48,0.38,0.00,24.99
0032.jpg,diễn viên Trương Bân Bân,True,4.86,0.85,18.43,0.26,0.00,24.41
0034.jpg,diễn viên Trương Bân Bân,True,6.55,0.17,20.51,0.30,0.00,27.53
0001.jpg,diễn viên Trương Duệ,True,6.05,1.42,19.25,0.32,0.00,27.04
0003.jpg,diễn viên Trương Duệ,True,8.45,0.90,17.37,0.31,0.00,27.03
0004.jpg,diễn viên Trương Duệ,True,7.36,1.11,23.10,0.36,0.00,31.93
0005.jpg,diễn viên Trương Duệ,True,7.07,0.91,22.32,0.36,0.00,30.67
0009.jpg,diễn viên Trương Duệ,True,6.77,1.47,21.15,0.34,0.00,29.72
0010.jpg,diễn viên Trương Duệ,True,8.29,2.39,19.72,0.37,0.00,30.78
0011.jpg,diễn viên Trương Duệ,True,8.02,0.43,22.28,0.33,0.00,31.07
0012.jpg,diễn viên Trương Duệ,True,8.76,0.93,23.60,0.32,0.00,33.61
0013.jpg,diễn viên Trương Duệ,True,6.82,1.38,16.38,0.24,0.00,24.83
0015.jpg,diễn viên Trương Duệ,True,5.17,0.96,16.11,0.31,0.00,22.55
0016.jpg,diễn viên Trương Duệ,True,5.33,0.98,15.52,0.33,0.00,22.16
0017.jpg,diễn viên Trương Duệ,True,6.06,0.05,19.61,0.33,0.00,26.05
0019.jpg,diễn viên Trương Duệ,True,7.41,1.17,18.66,0.30,0.00,27.55
0021.jpg,diễn viên Trương Duệ,True,6.60,0.88,17.63,0.32,0.00,25.44
0022.jpg,diễn viên Trương Duệ,True,7.01,1.65,21.92,0.42,0.00,31.01
0023.jpg,diễn viên Trương Duệ,True,5.88,1.11,19.16,0.32,0.00,26.47
0024.jpg,diễn viên Trương Duệ,True,6.01,1.04,16.86,0.34,0.00,24.26
0025.jpg,diễn viên Trương Duệ,True,6.25,1.15,19.68,0.30,0.00,27.39
0028.jpg,diễn viên Trương Duệ,True,8.00,0.81,18.38,0.32,0.00,27.50
0029.jpg,diễn viên Trương Duệ,True,6.88,0.90,20.47,0.32,0.00,28.57
0030.jpg,diễn viên Trương Duệ,True,7.77,1.43,19.85,0.29,0.00,29.34
0032.jpg,diễn viên Trương Duệ,True,8.46,1.01,21.87,0.33,0.00,31.68
0033.jpg,diễn viên Trương Duệ,True,5.70,1.58,18.69,0.33,0.00,26.30
0034.jpg,diễn viên Trương Duệ,True,8.24,1.00,17.32,0.27,0.00,26.83
0035.jpg,diễn viên Trương Duệ,True,9.18,1.07,17.97,0.32,0.00,28.54
0004.jpg,diễn viên Trương Dư Hi,True,6.49,1.02,18.26,0.28,0.00,26.06
0008.jpg,diễn viên Trương Dư Hi,True,5.55,0.91,18.01,0.27,0.00,24.74
0009.jpg,diễn viên Trương Dư Hi,True,4.82,0.82,18.66,0.31,0.00,24.62
0010.jpg,diễn viên Trương Dư Hi,True,7.46,0.89,18.31,0.31,0.00,26.96
0013.jpg,diễn viên Trương Dư Hi,True,6.67,1.10,19.58,0.32,0.00,27.67
0014.jpg,diễn viên Trương Dư Hi,True,5.05,0.05,18.23,0.26,0.00,23.58
0016.jpg,diễn viên Trương Dư Hi,True,5.55,0.94,18.58,0.32,0.00,25.39
0017.jpg,diễn viên Trương Dư Hi,True,5.65,1.08,16.94,0.30,0.00,23.97
0018.jpg,diễn viên Trương Dư Hi,True,5.18,0.83,16.39,0.29,0.00,22.68
0020.jpg,diễn viên Trương Dư Hi,True,9.16,1.01,16.29,0.31,0.00,26.78
0022.jpg,diễn viên Trương Dư Hi,True,5.03,0.93,16.34,0.28,0.00,22.59
0025.jpg,diễn viên Trương Dư Hi,True,5.23,0.95,15.70,0.33,0.00,22.22
0026.jpg,diễn viên Trương Dư Hi,True,4.44,0.83,13.39,0.29,0.00,18.95
0027.jpg,diễn viên Trương Dư Hi,True,7.99,1.04,26.76,1.08,0.00,36.87
0029.jpg,diễn viên Trương Dư Hi,True,7.33,0.87,20.34,0.29,0.00,28.83
0032.jpg,diễn viên Trương Dư Hi,True,7.27,0.90,19.45,0.33,0.00,27.94
0034.jpg,diễn viên Trương Dư Hi,True,8.94,0.88,18.34,0.32,0.00,28.49
0036.jpg,diễn viên Trương Dư Hi,True,5.89,1.21,18.67,0.31,0.00,26.08
0037.jpg,diễn viên Trương Dư Hi,True,6.57,1.20,18.80,0.33,0.00,26.90
0039.jpg,diễn viên Trương Dư Hi,True,5.77,0.91,17.35,0.29,0.00,24.32
0040.jpg,diễn viên Trương Dư Hi,True,7.79,1.18,17.53,0.38,0.00,26.87
0042.jpg,diễn viên Trương Dư Hi,True,6.54,0.90,17.58,0.28,0.00,25.30
0044.jpg,diễn viên Trương Dư Hi,True,5.03,0.85,17.19,0.33,0.00,23.40
0002.jpg,diễn viên Trương Nhất Sơn,True,4.78,0.76,17.53,0.28,0.00,23.35
0004.jpg,diễn viên Trương Nhất Sơn,True,6.70,0.84,16.80,0.38,0.00,24.71
0005.jpg,diễn viên Trương Nhất Sơn,True,6.16,1.00,17.40,0.34,0.00,24.90
0006.jpg,diễn viên Trương Nhất Sơn,True,6.90,0.84,16.54,0.33,0.00,24.62
0007.jpg,diễn viên Trương Nhất Sơn,True,4.28,0.80,16.06,0.29,0.00,21.43
0008.jpg,diễn viên Trương Nhất Sơn,True,22.63,1.19,22.59,0.47,0.00,46.88
0010.jpg,diễn viên Trương Nhất Sơn,True,5.74,1.46,20.83,0.50,0.00,28.54
0012.jpg,diễn viên Trương Nhất Sơn,True,8.24,1.08,18.41,0.33,0.00,28.06
0015.jpg,diễn viên Trương Nhất Sơn,True,7.61,1.67,17.82,0.32,0.00,27.43
0017.jpg,diễn viên Trương Nhất Sơn,True,5.93,1.14,15.97,0.35,0.00,23.39
0020.jpg,diễn viên Trương Nhất Sơn,True,5.54,0.87,16.21,0.32,0.00,22.94
0021.jpg,diễn viên Trương Nhất Sơn,True,5.11,1.08,17.95,0.33,0.00,24.47
0022.jpg,diễn viên Trương Nhất Sơn,True,5.85,1.18,17.12,0.28,0.00,24.43
0024.jpg,diễn viên Trương Nhất Sơn,True,6.24,1.06,19.38,0.31,0.00,26.99
0025.jpg,diễn viên Trương Nhất Sơn,True,7.68,1.31,18.20,0.30,0.00,27.48
0027.jpg,diễn viên Trương Nhất Sơn,True,6.51,0.96,17.94,0.31,0.00,25.73
0029.jpg,diễn viên Trương Nhất Sơn,True,6.91,1.00,19.80,0.36,0.00,28.06
0031.jpg,diễn viên Trương Nhất Sơn,True,8.54,0.98,18.80,0.33,0.00,28.65
0032.jpg,diễn viên Trương Nhất Sơn,True,7.72,0.04,19.28,0.32,0.00,27.37
0033.jpg,diễn viên Trương Nhất Sơn,True,5.34,0.89,15.09,0.31,0.00,21.64
0034.jpg,diễn viên Trương Nhất Sơn,True,4.92,0.86,16.79,0.35,0.00,22.93
0001.jpg,diễn viên Trương Nhược Quân,True,11.25,0.89,16.79,0.32,0.00,29.25
0004.jpg,diễn viên Trương Nhược Quân,True,5.81,0.92,17.68,0.33,0.00,24.74
0005.jpg,diễn viên Trương Nhược Quân,True,5.36,0.83,17.88,0.32,0.00,24.38
0006.jpg,diễn viên Trương Nhược Quân,True,23.62,1.04,16.35,0.34,0.00,41.35
0007.jpg,diễn viên Trương Nhược Quân,True,5.30,1.06,18.77,0.34,0.00,25.47
0008.jpg,diễn viên Trương Nhược Quân,True,5.46,0.98,18.47,0.30,0.00,25.21
0012.jpg,diễn viên Trương Nhược Quân,True,6.05,0.04,17.48,0.33,0.00,23.91
0013.jpg,diễn viên Trương Nhược Quân,True,5.46,1.62,19.24,0.33,0.00,26.64
0018.jpg,diễn viên Trương Nhược Quân,True,8.52,1.11,18.75,0.35,0.00,28.73
0021.jpg,diễn viên Trương Nhược Quân,True,5.56,1.17,18.39,0.33,0.00,25.44
0022.jpg,diễn viên Trương Nhược Quân,True,5.37,0.89,17.72,0.34,0.00,24.32
0024.jpg,diễn viên Trương Nhược Quân,True,6.05,0.91,18.27,0.32,0.00,25.54
0025.jpg,diễn viên Trương Nhược Quân,True,5.72,1.05,17.06,0.28,0.00,24.11
0027.jpg,diễn viên Trương Nhược Quân,True,5.60,1.00,18.04,0.31,0.00,24.96
0028.jpg,diễn viên Trương Nhược Quân,True,5.22,1.08,19.20,0.35,0.00,25.86
0029.jpg,diễn viên Trương Nhược Quân,True,6.01,0.87,17.96,0.53,0.00,25.37
0030.jpg,diễn viên Trương Nhược Quân,True,5.26,0.89,17.80,0.31,0.00,24.27
0035.jpg,diễn viên Trương Nhược Quân,True,5.51,0.85,17.18,0.32,0.00,23.87
0036.jpg,diễn viên Trương Nhược Quân,True,9.06,0.56,24.10,1.17,0.00,34.90
0001.jpg,diễn viên Trương Thiên Ái,True,8.18,1.35,22.14,0.28,0.00,31.95
0003.jpg,diễn viên Trương Thiên Ái,True,6.70,1.34,20.50,0.35,0.00,28.89
0004.jpg,diễn viên Trương Thiên Ái,True,10.78,1.25,19.78,0.37,0.00,32.17
0005.jpg,diễn viên Trương Thiên Ái,True,11.05,0.98,19.49,0.35,0.00,31.88
0006.jpg,diễn viên Trương Thiên Ái,True,10.11,1.44,19.87,0.33,0.00,31.75
0008.jpg,diễn viên Trương Thiên Ái,True,7.21,0.97,19.33,0.35,0.00,27.86
0009.jpg,diễn viên Trương Thiên Ái,True,7.26,1.06,17.16,0.29,0.00,25.76
0010.jpg,diễn viên Trương Thiên Ái,True,5.76,1.30,19.08,0.27,0.00,26.40
0011.jpg,diễn viên Trương Thiên Ái,True,6.96,1.10,17.94,0.35,0.00,26.34
0014.jpg,diễn viên Trương Thiên Ái,True,7.27,1.05,20.54,0.36,0.00,29.22
0015.jpg,diễn viên Trương Thiên Ái,True,6.15,0.94,18.16,0.30,0.00,25.54
0019.jpg,diễn viên Trương Thiên Ái,True,7.25,0.48,20.52,0.34,0.00,28.59
0020.jpg,diễn viên Trương Thiên Ái,True,7.66,1.17,17.87,0.31,0.00,27.00
0021.jpg,diễn viên Trương Thiên Ái,True,5.83,1.10,18.99,0.79,0.00,26.72
0022.jpg,diễn viên Trương Thiên Ái,True,7.92,1.08,20.87,1.36,0.00,31.23
0024.jpg,diễn viên Trương Thiên Ái,True,15.25,2.72,24.08,0.27,0.00,42.33
0025.jpg,diễn viên Trương Thiên Ái,True,6.41,1.17,18.22,0.29,0.00,26.08
0027.jpg,diễn viên Trương Thiên Ái,True,4.67,0.86,17.91,0.32,0.00,23.75
0031.jpg,diễn viên Trương Thiên Ái,True,11.10,1.21,21.13,0.54,0.00,33.98
0033.jpg,diễn viên Trương Thiên Ái,True,13.20,1.74,22.00,0.42,0.00,37.36
0035.jpg,diễn viên Trương Thiên Ái,True,6.16,0.95,21.23,1.70,0.00,30.05
0037.jpg,diễn viên Trương Thiên Ái,True,6.91,1.62,22.72,0.36,0.00,31.60
0038.jpg,diễn viên Trương Thiên Ái,True,7.32,1.38,20.25,0.30,0.00,29.25
0040.jpg,diễn viên Trương Thiên Ái,True,8.45,0.92,19.65,0.33,0.00,29.36
0041.jpg,diễn viên Trương Thiên Ái,True,9.52,1.03,20.17,0.40,0.00,31.11
0042.jpg,diễn viên Trương Thiên Ái,True,7.12,1.02,17.97,0.37,0.00,26.48
0001.jpg,diễn viên Trương Tuyết Nghênh,True,7.11,1.16,20.74,0.35,0.00,29.37
0002.jpg,diễn viên Trương Tuyết Nghênh,True,7.35,1.24,21.28,0.37,0.00,30.23
0007.jpg,diễn viên Trương Tuyết Nghênh,True,6.61,1.22,19.40,0.34,0.00,27.57
0011.jpg,diễn viên Trương Tuyết Nghênh,True,13.65,1.26,22.55,0.46,0.00,37.93
0012.jpg,diễn viên Trương Tuyết Nghênh,True,7.39,0.94,21.74,0.46,0.00,30.54
0014.jpg,diễn viên Trương Tuyết Nghênh,True,7.78,1.14,22.00,0.37,0.00,31.29
0015.jpg,diễn viên Trương Tuyết Nghênh,True,8.94,1.35,25.43,0.46,0.00,36.18
0019.jpg,diễn viên Trương Tuyết Nghênh,True,7.69,0.05,19.15,0.54,0.00,27.43
0020.jpg,diễn viên Trương Tuyết Nghênh,True,10.08,1.58,22.87,0.35,0.00,34.89
0021.jpg,diễn viên Trương Tuyết Nghênh,True,9.43,1.12,26.20,1.59,0.00,38.33
0022.jpg,diễn viên Trương Tuyết Nghênh,True,7.92,1.08,21.76,0.35,0.00,31.11
0024.jpg,diễn viên Trương Tuyết Nghênh,True,8.48,1.04,26.99,0.33,0.00,36.85
0025.jpg,diễn viên Trương Tuyết Nghênh,True,12.19,1.11,31.51,2.19,0.00,47.01
0026.jpg,diễn viên Trương Tuyết Nghênh,True,11.45,1.12,29.51,1.14,0.00,43.22
0031.jpg,diễn viên Trương Tuyết Nghênh,True,12.58,1.00,28.09,0.40,0.00,42.06
0033.jpg,diễn viên Trương Tuyết Nghênh,True,25.51,1.56,58.08,0.39,0.00,85.55
0034.jpg,diễn viên Trương Tuyết Nghênh,True,22.00,1.37,34.63,0.35,0.00,58.36
0035.jpg,diễn viên Trương Tuyết Nghênh,True,8.18,1.30,24.61,1.09,0.00,35.18
0036.jpg,diễn viên Trương Tuyết Nghênh,True,9.45,1.26,23.88,0.35,0.00,34.95
0039.jpg,diễn viên Trương Tuyết Nghênh,True,8.87,1.15,23.99,1.04,0.00,35.06
0040.jpg,diễn viên Trương Tuyết Nghênh,True,9.74,1.87,25.89,0.40,0.00,37.90
0043.jpg,diễn viên Trương Tuyết Nghênh,True,8.17,1.03,21.25,0.34,0.00,30.79
0002.jpg,diễn viên Trương Vân Long,True,8.22,1.54,23.20,0.40,0.00,33.36
0004.jpg,diễn viên Trương Vân Long,True,8.46,1.10,28.50,0.46,0.00,38.51
0007.jpg,diễn viên Trương Vân Long,True,8.35,1.05,24.10,0.37,0.00,33.88
0008.jpg,diễn viên Trương Vân Long,True,10.07,1.15,21.15,0.42,0.00,32.79
0009.jpg,diễn viên Trương Vân Long,True,8.33,1.75,22.80,0.36,0.00,33.24
0010.jpg,diễn viên Trương Vân Long,True,6.77,1.04,20.58,0.35,0.00,28.74
0011.jpg,diễn viên Trương Vân Long,True,9.14,1.20,23.92,0.35,0.00,34.60
0012.jpg,diễn viên Trương Vân Long,True,15.71,1.43,26.22,0.40,0.00,43.76
0015.jpg,diễn viên Trương Vân Long,True,9.44,1.80,27.89,1.51,0.00,40.64
0016.jpg,diễn viên Trương Vân Long,True,10.18,1.35,22.26,0.36,0.00,34.16
0017.jpg,diễn viên Trương Vân Long,True,9.71,0.49,26.56,0.34,0.00,37.11
0018.jpg,diễn viên Trương Vân Long,True,12.73,1.34,27.00,0.84,0.00,41.91
0020.jpg,diễn viên Trương Vân Long,True,12.36,1.35,40.47,1.85,0.00,56.04
0021.jpg,diễn viên Trương Vân Long,True,22.54,1.83,45.15,6.88,0.00,76.40
0023.jpg,diễn viên Trương Vân Long,True,20.12,1.38,35.41,2.24,0.00,59.16
0025.jpg,diễn viên Trương Vân Long,True,12.33,1.19,31.07,2.03,0.00,46.62
0027.jpg,diễn viên Trương Vân Long,True,23.90,1.26,33.78,0.42,0.00,59.36
0028.jpg,diễn viên Trương Vân Long,True,21.99,1.47,25.34,1.52,0.00,50.32
0029.jpg,diễn viên Trương Vân Long,True,33.62,1.52,59.66,0.50,0.00,95.31
0030.jpg,diễn viên Trương Vân Long,True,15.86,1.10,47.84,0.74,0.00,65.54
0001.jpg,diễn viên Trương Đan Phong,True,22.27,1.73,33.90,0.54,0.00,58.44
0003.jpg,diễn viên Trương Đan Phong,True,16.65,1.25,87.16,0.66,0.00,105.73
0004.jpg,diễn viên Trương Đan Phong,True,7.95,1.01,21.07,0.40,0.00,30.43
0006.jpg,diễn viên Trương Đan Phong,True,6.62,0.99,23.57,0.40,0.00,31.58
0007.jpg,diễn viên Trương Đan Phong,True,9.35,1.25,24.66,0.39,0.00,35.64
0008.jpg,diễn viên Trương Đan Phong,True,10.87,0.96,26.08,0.42,0.00,38.33
0010.jpg,diễn viên Trương Đan Phong,True,13.38,3.13,49.98,0.38,0.00,66.87
0011.jpg,diễn viên Trương Đan Phong,True,14.05,1.29,23.80,0.34,0.00,39.47
0015.jpg,diễn viên Trương Đan Phong,True,12.54,1.20,35.11,0.46,0.00,49.31
0016.jpg,diễn viên Trương Đan Phong,True,16.27,1.14,24.41,1.55,0.00,43.37
0017.jpg,diễn viên Trương Đan Phong,True,11.64,1.13,27.69,0.52,0.00,40.98
0018.jpg,diễn viên Trương Đan Phong,True,7.03,1.09,22.86,0.38,0.00,31.36
0019.jpg,diễn viên Trương Đan Phong,True,7.14,1.17,45.21,2.37,0.00,55.90
0020.jpg,diễn viên Trương Đan Phong,True,9.58,3.13,26.67,0.45,0.00,39.83
0023.jpg,diễn viên Trương Đan Phong,True,9.07,2.13,44.76,0.51,0.00,56.47
0027.jpg,diễn viên Trương Đan Phong,True,7.73,1.18,26.24,0.43,0.00,35.58
0029.jpg,diễn viên Trương Đan Phong,True,9.71,1.38,24.38,0.42,0.00,35.90
0031.jpg,diễn viên Trương Đan Phong,True,7.82,1.26,24.87,1.13,0.00,35.08
0034.jpg,diễn viên Trương Đan Phong,True,9.63,1.42,25.44,0.40,0.00,36.89
0036.jpg,diễn viên Trương Đan Phong,True,8.40,1.51,26.00,0.37,0.00,36.28
0037.jpg,diễn viên Trương Đan Phong,True,8.05,1.16,22.29,0.37,0.00,31.87
0038.jpg,diễn viên Trương Đan Phong,True,10.31,2.12,26.53,0.53,0.00,39.50
0001.jpg,diễn viên Tưởng Kình Phu,True,23.21,0.88,25.85,0.37,0.00,50.30
0002.jpg,diễn viên Tưởng Kình Phu,True,8.51,1.49,42.67,0.45,0.00,53.11
0003.jpg,diễn viên Tưởng Kình Phu,True,8.97,1.32,28.04,0.49,0.00,38.81
0004.jpg,diễn viên Tưởng Kình Phu,True,13.43,1.39,42.23,1.80,0.00,58.85
0005.jpg,diễn viên Tưởng Kình Phu,True,25.20,2.24,78.91,2.47,0.00,108.81
0007.jpg,diễn viên Tưởng Kình Phu,True,26.16,2.41,74.78,2.97,0.00,106.33
0008.jpg,diễn viên Tưởng Kình Phu,True,23.03,4.36,90.30,1.10,0.00,118.79
0010.jpg,diễn viên Tưởng Kình Phu,True,13.68,1.45,52.73,4.94,0.00,72.80
0011.jpg,diễn viên Tưởng Kình Phu,True,34.51,2.16,51.23,2.02,0.00,89.93
0015.jpg,diễn viên Tưởng Kình Phu,True,17.94,1.61,31.84,0.47,0.00,51.86
0016.jpg,diễn viên Tưởng Kình Phu,True,8.97,1.16,35.47,4.99,0.00,50.59
0017.jpg,diễn viên Tưởng Kình Phu,True,12.76,1.36,25.56,2.71,0.00,42.38
0019.jpg,diễn viên Tưởng Kình Phu,True,15.06,1.13,39.02,0.56,0.00,55.78
0020.jpg,diễn viên Tưởng Kình Phu,True,7.47,1.33,24.97,0.38,0.00,34.15
0021.jpg,diễn viên Tưởng Kình Phu,True,9.33,1.39,25.75,0.46,0.00,36.93
0002.jpg,diễn viên Tưởng Y Y,True,9.48,2.13,24.11,0.41,0.00,36.14
0003.jpg,diễn viên Tưởng Y Y,True,6.76,0.06,24.13,0.41,0.00,31.35
0004.jpg,diễn viên Tưởng Y Y,True,6.88,1.14,23.26,0.39,0.00,31.67
0005.jpg,diễn viên Tưởng Y Y,True,7.11,1.14,26.82,1.23,0.00,36.30
0007.jpg,diễn viên Tưởng Y Y,True,7.30,1.24,24.77,0.40,0.00,33.70
0008.jpg,diễn viên Tưởng Y Y,True,7.96,1.34,23.05,0.43,0.00,32.77
0009.jpg,diễn viên Tưởng Y Y,True,8.95,1.08,23.43,0.36,0.00,33.83
0013.jpg,diễn viên Tưởng Y Y,True,7.05,1.36,25.13,0.38,0.00,33.92
0015.jpg,diễn viên Tưởng Y Y,True,7.32,1.29,24.75,0.41,0.00,33.78
0016.jpg,diễn viên Tưởng Y Y,True,6.90,1.37,21.54,0.41,0.00,30.23
0017.jpg,diễn viên Tưởng Y Y,True,8.01,1.60,24.12,0.43,0.00,34.17
0020.jpg,diễn viên Tưởng Y Y,True,7.31,1.14,21.47,0.37,0.00,30.30
0022.jpg,diễn viên Tưởng Y Y,True,7.74,1.18,22.03,0.41,0.00,31.36
0024.jpg,diễn viên Tưởng Y Y,True,6.61,1.26,23.74,0.48,0.00,32.09
0025.jpg,diễn viên Tưởng Y Y,True,6.97,1.52,23.51,0.39,0.00,32.39
0026.jpg,diễn viên Tưởng Y Y,True,8.25,0.05,24.26,0.37,0.00,32.94
0027.jpg,diễn viên Tưởng Y Y,True,8.00,1.37,23.59,0.40,0.00,33.36
0028.jpg,diễn viên Tưởng Y Y,True,8.82,1.26,26.05,0.44,0.00,36.56
0029.jpg,diễn viên Tưởng Y Y,True,8.21,1.22,28.40,0.40,0.00,38.23
0032.jpg,diễn viên Tưởng Y Y,True,6.37,1.00,21.06,0.40,0.00,28.83
0034.jpg,diễn viên Tưởng Y Y,True,7.16,1.52,22.99,0.47,0.00,32.14
0035.jpg,diễn viên Tưởng Y Y,True,6.89,1.44,22.44,0.37,0.00,31.14
0036.jpg,diễn viên Tưởng Y Y,True,6.90,1.20,22.80,1.31,0.00,32.21
0038.jpg,diễn viên Tưởng Y Y,True,9.25,1.12,26.49,0.69,0.00,37.55
0039.jpg,diễn viên Tưởng Y Y,True,7.24,1.36,22.97,0.39,0.00,31.96
0040.jpg,diễn viên Tưởng Y Y,True,8.29,1.49,28.03,0.36,0.00,38.18
0041.jpg,diễn viên Tưởng Y Y,True,7.38,0.44,22.32,0.34,0.00,30.48
0043.jpg,diễn viên Tưởng Y Y,True,6.69,1.33,24.34,0.41,0.00,32.77
0001.jpg,diễn viên Từ Chính Khê,True,8.68,1.51,24.97,0.41,0.00,35.57
0005.jpg,diễn viên Từ Chính Khê,True,11.14,1.43,21.79,0.44,0.00,34.79
0006.jpg,diễn viên Từ Chính Khê,True,7.02,1.09,21.86,0.37,0.00,30.35
0007.jpg,diễn viên Từ Chính Khê,True,6.22,1.15,24.18,0.42,0.00,31.97
0008.jpg,diễn viên Từ Chính Khê,True,7.52,1.09,22.86,0.37,0.00,31.85
0009.jpg,diễn viên Từ Chính Khê,True,7.25,1.30,19.04,0.33,0.00,27.91
0010.jpg,diễn viên Từ Chính Khê,True,6.63,1.10,21.01,0.38,0.00,29.12
0011.jpg,diễn viên Từ Chính Khê,True,6.19,0.99,23.55,0.38,0.00,31.12
0013.jpg,diễn viên Từ Chính Khê,True,6.50,1.04,19.30,0.33,0.00,27.18
0018.jpg,diễn viên Từ Chính Khê,True,6.97,1.18,20.51,0.36,0.00,29.03
0019.jpg,diễn viên Từ Chính Khê,True,6.31,1.15,19.15,0.32,0.00,26.93
0020.jpg,diễn viên Từ Chính Khê,True,6.52,1.00,17.03,0.35,0.00,24.89
0022.jpg,diễn viên Từ Chính Khê,True,5.95,1.06,20.73,0.38,0.00,28.12
0026.jpg,diễn viên Từ Chính Khê,True,7.35,1.29,18.89,0.40,0.00,27.93
0028.jpg,diễn viên Từ Chính Khê,True,6.93,1.00,20.95,0.35,0.00,29.24
0029.jpg,diễn viên Từ Chính Khê,True,5.91,1.00,20.96,0.36,0.00,28.23
0030.jpg,diễn viên Từ Chính Khê,True,7.19,1.00,19.88,0.36,0.00,28.44
0032.jpg,diễn viên Từ Chính Khê,True,6.83,1.03,20.55,0.37,0.00,28.76
0033.jpg,diễn viên Từ Chính Khê,True,6.94,1.23,22.96,0.39,0.00,31.52
0034.jpg,diễn viên Từ Chính Khê,True,7.84,1.20,19.28,0.34,0.00,28.67
0035.jpg,diễn viên Từ Chính Khê,True,6.72,1.11,20.19,0.36,0.00,28.39
0037.jpg,diễn viên Từ Chính Khê,True,6.15,1.04,17.70,0.45,0.00,25.34
0038.jpg,diễn viên Từ Chính Khê,True,6.64,1.25,19.10,0.33,0.00,27.32
0039.jpg,diễn viên Từ Chính Khê,True,6.28,1.24,20.32,0.33,0.00,28.17
0001.jpg,diễn viên Từ Tranh,True,5.64,1.06,18.20,0.34,0.00,25.23
0002.jpg,diễn viên Từ Tranh,True,5.78,1.15,17.05,0.36,0.00,24.35
0003.jpg,diễn viên Từ Tranh,True,5.61,1.02,18.67,0.31,0.00,25.61
0004.jpg,diễn viên Từ Tranh,True,6.30,1.30,20.01,0.38,0.00,27.99
0005.jpg,diễn viên Từ Tranh,False,30.41,0.00,0.00,0.00,0.00,30.41
0006.jpg,diễn viên Từ Tranh,True,6.14,1.20,18.65,0.34,0.00,26.34
0007.jpg,diễn viên Từ Tranh,True,6.99,1.02,21.28,0.34,0.00,29.63
0008.jpg,diễn viên Từ Tranh,True,8.38,1.10,21.09,0.34,0.00,30.90
0010.jpg,diễn viên Từ Tranh,True,6.27,1.30,20.31,0.35,0.00,28.23
0011.jpg,diễn viên Từ Tranh,True,5.54,1.05,19.55,0.34,0.00,26.48
0012.jpg,diễn viên Từ Tranh,True,5.65,0.98,19.57,0.33,0.00,26.53
0014.jpg,diễn viên Từ Tranh,True,6.04,0.92,19.98,0.31,0.00,27.26
0016.jpg,diễn viên Từ Tranh,True,5.58,1.08,17.77,0.35,0.00,24.79
0017.jpg,diễn viên Từ Tranh,True,5.27,1.12,20.03,0.34,0.00,26.75
0019.jpg,diễn viên Từ Tranh,True,5.64,1.18,16.51,0.32,0.00,23.65
0021.jpg,diễn viên Từ Tranh,True,6.39,1.25,18.71,0.36,0.00,26.72
0022.jpg,diễn viên Từ Tranh,True,5.79,0.92,20.01,0.32,0.00,27.04
0023.jpg,diễn viên Từ Tranh,True,5.89,0.97,17.80,0.33,0.00,24.99
0027.jpg,diễn viên Từ Tranh,True,5.37,0.91,18.99,0.35,0.00,25.61
0028.jpg,diễn viên Từ Tranh,True,5.74,1.15,18.28,0.37,0.00,25.55
0001.jpg,diễn viên Vân Trang,True,6.03,1.10,17.05,0.30,0.00,24.48
0002.jpg,diễn viên Vân Trang,True,5.27,0.93,18.65,0.33,0.00,25.19
0004.jpg,diễn viên Vân Trang,True,6.61,0.43,18.14,0.31,0.00,25.50
0005.jpg,diễn viên Vân Trang,True,5.73,1.08,19.19,0.34,0.00,26.35
0006.jpg,diễn viên Vân Trang,True,5.44,0.44,18.77,0.36,0.00,25.01
0007.jpg,diễn viên Vân Trang,True,6.15,1.12,18.63,0.30,0.00,26.21
0008.jpg,diễn viên Vân Trang,True,5.56,0.93,17.69,0.32,0.00,24.50
0010.jpg,diễn viên Vân Trang,True,5.91,0.49,17.63,0.30,0.00,24.34
0011.jpg,diễn viên Vân Trang,True,6.59,0.50,18.34,0.34,0.00,25.77
0013.jpg,diễn viên Vân Trang,True,6.88,1.25,19.21,0.34,0.00,27.68
0014.jpg,diễn viên Vân Trang,True,6.57,1.14,21.13,0.45,0.00,29.30
0015.jpg,diễn viên Vân Trang,True,5.55,1.05,17.96,0.41,0.00,24.97
0017.jpg,diễn viên Vân Trang,True,6.18,0.49,20.17,0.34,0.00,27.18
0018.jpg,diễn viên Vân Trang,True,7.24,1.34,22.92,0.39,0.00,31.89
0019.jpg,diễn viên Vân Trang,True,5.90,1.00,25.31,0.33,0.00,32.54
0021.jpg,diễn viên Vân Trang,True,5.44,0.94,18.54,0.39,0.00,25.30
0022.jpg,diễn viên Vân Trang,True,6.10,0.05,16.65,0.34,0.00,23.15
0023.jpg,diễn viên Vân Trang,True,5.40,0.95,19.56,0.35,0.00,26.25
0024.jpg,diễn viên Vân Trang,True,5.90,1.12,17.26,0.31,0.00,24.60
0026.jpg,diễn viên Vân Trang,True,6.27,1.19,19.00,0.31,0.00,26.77
0002.jpg,diễn viên Vi Xù,True,6.36,1.19,18.08,0.33,0.00,25.95
0004.jpg,diễn viên Vi Xù,True,8.41,1.01,19.80,0.74,0.00,29.97
0006.jpg,diễn viên Vi Xù,True,6.53,0.04,20.96,0.34,0.00,27.87
0009.jpg,diễn viên Vi Xù,True,6.86,1.09,20.21,0.35,0.00,28.51
0010.jpg,diễn viên Vi Xù,True,6.03,1.05,20.69,0.53,0.00,28.30
0011.jpg,diễn viên Vi Xù,True,6.92,1.02,18.20,0.33,0.00,26.48
0012.jpg,diễn viên Vi Xù,True,6.31,0.50,18.84,0.36,0.00,26.01
0016.jpg,diễn viên Vi Xù,True,7.37,1.20,18.44,0.38,0.00,27.38
0017.jpg,diễn viên Vi Xù,True,8.01,0.06,19.77,0.33,0.00,28.16
0018.jpg,diễn viên Vi Xù,True,7.91,1.28,18.71,0.34,0.00,28.23
0020.jpg,diễn viên Vi Xù,False,6.80,0.00,0.00,0.00,0.00,6.80
0021.jpg,diễn viên Vi Xù,True,6.41,1.05,19.76,0.36,0.00,27.58
0024.jpg,diễn viên Vi Xù,True,7.22,1.21,19.96,0.37,0.00,28.76
0025.jpg,diễn viên Vi Xù,True,7.52,1.21,18.79,0.33,0.00,27.85
0026.jpg,diễn viên Vi Xù,True,7.42,1.16,19.44,0.36,0.00,28.39
0027.jpg,diễn viên Vi Xù,True,6.60,1.06,21.06,0.35,0.00,29.06
0029.jpg,diễn viên Vi Xù,True,6.80,1.25,20.44,0.38,0.00,28.88
0030.jpg,diễn viên Vi Xù,False,6.78,0.00,0.00,0.00,0.00,6.78
0031.jpg,diễn viên Vi Xù,True,7.23,1.06,18.24,0.40,0.00,26.93
0032.jpg,diễn viên Vi Xù,True,6.38,1.15,20.95,0.38,0.00,28.86
0034.jpg,diễn viên Vi Xù,True,6.10,1.16,19.88,0.33,0.00,27.48
0035.jpg,diễn viên Vi Xù,True,6.24,0.95,20.14,0.36,0.00,27.70
0039.jpg,diễn viên Vi Xù,True,7.79,1.25,19.65,0.38,0.00,29.07
0040.jpg,diễn viên Vi Xù,True,6.48,1.30,21.92,3.60,0.00,33.31
0002.jpg,diễn viên Viêm Á Luân,True,6.26,0.97,19.79,0.37,0.00,27.39
0004.jpg,diễn viên Viêm Á Luân,True,7.26,1.24,21.39,0.39,0.00,30.28
0008.jpg,diễn viên Viêm Á Luân,True,8.27,1.20,21.07,0.37,0.00,30.91
0011.jpg,diễn viên Viêm Á Luân,True,6.67,0.95,18.88,0.32,0.00,26.83
0015.jpg,diễn viên Viêm Á Luân,True,6.99,1.43,21.07,0.38,0.00,29.86
0016.jpg,diễn viên Viêm Á Luân,True,6.62,1.11,19.55,0.38,0.00,27.66
0017.jpg,diễn viên Viêm Á Luân,True,6.63,1.17,19.93,0.39,0.00,28.13
0020.jpg,diễn viên Viêm Á Luân,True,6.22,1.05,20.44,0.39,0.00,28.10
0022.jpg,diễn viên Viêm Á Luân,True,7.07,0.94,20.18,0.37,0.00,28.56
0028.jpg,diễn viên Viêm Á Luân,True,6.33,1.01,21.10,0.35,0.00,28.79
0029.jpg,diễn viên Viêm Á Luân,True,6.73,1.22,21.62,0.35,0.00,29.91
0030.jpg,diễn viên Viêm Á Luân,True,6.03,1.01,20.31,0.31,0.00,27.66
0035.jpg,diễn viên Viêm Á Luân,True,6.62,1.00,20.61,0.38,0.00,28.61
0036.jpg,diễn viên Viêm Á Luân,True,6.50,0.94,18.81,0.32,0.00,26.57
0037.jpg,diễn viên Viêm Á Luân,True,6.42,1.08,18.64,0.33,0.00,26.47
0038.jpg,diễn viên Viêm Á Luân,True,5.12,0.91,19.15,0.34,0.00,25.51
0002.jpg,diễn viên Vu Mông Lung,True,8.05,1.10,17.60,0.31,0.00,27.06
0003.jpg,diễn viên Vu Mông Lung,True,6.83,1.07,16.66,0.32,0.00,24.88
0005.jpg,diễn viên Vu Mông Lung,True,6.08,0.06,18.68,0.34,0.00,25.15
0007.jpg,diễn viên Vu Mông Lung,True,6.26,0.90,16.65,0.29,0.00,24.10
0009.jpg,diễn viên Vu Mông Lung,True,5.55,1.14,16.46,0.52,0.00,23.68
0012.jpg,diễn viên Vu Mông Lung,True,6.54,1.09,15.99,0.32,0.00,23.94
0013.jpg,diễn viên Vu Mông Lung,True,6.09,1.11,17.29,0.30,0.00,24.79
0014.jpg,diễn viên Vu Mông Lung,True,5.86,0.04,17.85,0.33,0.00,24.09
0017.jpg,diễn viên Vu Mông Lung,True,5.40,1.10,16.97,0.35,0.00,23.82
0018.jpg,diễn viên Vu Mông Lung,True,6.20,1.03,19.67,0.37,0.00,27.27
0019.jpg,diễn viên Vu Mông Lung,True,6.25,0.90,18.83,0.30,0.00,26.28
0020.jpg,diễn viên Vu Mông Lung,True,6.21,0.97,17.80,0.30,0.00,25.28
0021.jpg,diễn viên Vu Mông Lung,True,7.75,1.31,20.23,0.39,0.00,29.68
0022.jpg,diễn viên Vu Mông Lung,True,7.16,1.22,22.26,0.36,0.00,31.00
0023.jpg,diễn viên Vu Mông Lung,True,5.99,1.04,20.43,0.37,0.00,27.84
0025.jpg,diễn viên Vu Mông Lung,True,6.30,0.97,20.47,0.39,0.00,28.12
0026.jpg,diễn viên Vu Mông Lung,True,7.06,1.25,20.16,0.34,0.00,28.81
0030.jpg,diễn viên Vu Mông Lung,True,6.21,0.97,19.07,0.30,0.00,26.55
0034.jpg,diễn viên Vu Mông Lung,True,5.96,0.99,20.38,0.37,0.00,27.71
0035.jpg,diễn viên Vu Mông Lung,True,6.69,1.03,19.92,0.36,0.00,28.00
0036.jpg,diễn viên Vu Mông Lung,True,5.97,1.00,18.78,0.36,0.00,26.11
0037.jpg,diễn viên Vu Mông Lung,True,7.07,1.13,20.00,0.36,0.00,28.56
0038.jpg,diễn viên Vu Mông Lung,True,6.58,1.02,21.05,0.37,0.00,29.03
0001.jpg,diễn viên Vương Âu,True,6.94,1.12,20.35,0.38,0.00,28.78
0003.jpg,diễn viên Vương Âu,True,6.17,1.22,17.80,0.34,0.00,25.52
0006.jpg,diễn viên Vương Âu,True,6.80,1.13,19.46,0.33,0.00,27.72
0008.jpg,diễn viên Vương Âu,True,7.32,1.13,19.64,0.36,0.00,28.45
0009.jpg,diễn viên Vương Âu,True,5.95,1.15,17.45,0.31,0.00,24.86
0010.jpg,diễn viên Vương Âu,True,6.26,1.06,17.43,0.31,0.00,25.06
0011.jpg,diễn viên Vương Âu,True,6.30,0.54,17.61,0.29,0.00,24.74
0013.jpg,diễn viên Vương Âu,True,6.07,1.10,19.32,0.33,0.00,26.81
0014.jpg,diễn viên Vương Âu,True,6.05,1.07,16.94,0.32,0.00,24.38
0015.jpg,diễn viên Vương Âu,True,6.61,1.13,16.95,0.32,0.00,25.01
0017.jpg,diễn viên Vương Âu,True,5.42,0.96,16.98,0.28,0.00,23.64
0019.jpg,diễn viên Vương Âu,True,6.50,1.07,20.44,0.37,0.00,28.39
0020.jpg,diễn viên Vương Âu,True,6.95,1.34,22.26,0.37,0.00,30.93
0021.jpg,diễn viên Vương Âu,True,8.35,1.13,21.45,0.61,0.00,31.54
0022.jpg,diễn viên Vương Âu,True,6.69,1.13,21.76,0.40,0.00,29.99
0024.jpg,diễn viên Vương Âu,True,6.82,1.25,21.20,0.39,0.00,29.67
0026.jpg,diễn viên Vương Âu,True,7.22,1.28,20.06,0.37,0.00,28.93
0027.jpg,diễn viên Vương Âu,True,7.83,1.04,20.55,0.36,0.00,29.77
0029.jpg,diễn viên Vương Âu,True,6.81,1.08,21.28,0.37,0.00,29.54
0031.jpg,diễn viên Vương Âu,True,7.42,1.19,21.75,0.33,0.00,30.69
0032.jpg,diễn viên Vương Âu,True,7.29,1.17,19.23,0.35,0.00,28.04
0033.jpg,diễn viên Vương Âu,True,7.35,1.13,19.62,0.38,0.00,28.49
0035.jpg,diễn viên Vương Âu,True,6.54,1.40,19.12,0.46,0.00,27.52
0037.jpg,diễn viên Vương Âu,True,8.12,1.17,20.09,0.38,0.00,29.76
0038.jpg,diễn viên Vương Âu,True,5.40,0.97,20.79,0.57,0.00,27.74
0039.jpg,diễn viên Vương Âu,True,6.33,1.27,19.88,0.37,0.00,27.84
0040.jpg,diễn viên Vương Âu,True,6.60,1.18,18.13,0.35,0.00,26.27
0001.jpg,diễn viên Vương Bảo Cường,True,6.78,1.15,20.16,0.36,0.00,28.45
0003.jpg,diễn viên Vương Bảo Cường,True,7.43,1.80,18.86,0.38,0.00,28.46
0005.jpg,diễn viên Vương Bảo Cường,True,6.98,1.01,22.74,0.36,0.00,31.08
0006.jpg,diễn viên Vương Bảo Cường,True,7.42,2.46,21.09,0.49,0.00,31.46
0007.jpg,diễn viên Vương Bảo Cường,True,6.16,1.10,23.10,0.37,0.00,30.72
0008.jpg,diễn viên Vương Bảo Cường,True,7.46,1.16,17.44,0.33,0.00,26.40
0009.jpg,diễn viên Vương Bảo Cường,True,7.19,0.07,20.66,0.37,0.00,28.29
0011.jpg,diễn viên Vương Bảo Cường,True,6.62,1.05,20.80,0.38,0.00,28.86
0012.jpg,diễn viên Vương Bảo Cường,True,6.69,1.04,20.91,0.36,0.00,29.00
0013.jpg,diễn viên Vương Bảo Cường,True,7.07,1.18,19.13,0.33,0.00,27.71
0015.jpg,diễn viên Vương Bảo Cường,True,6.66,1.00,18.11,0.33,0.00,26.11
0017.jpg,diễn viên Vương Bảo Cường,True,5.80,1.11,18.72,0.35,0.00,25.98
0018.jpg,diễn viên Vương Bảo Cường,True,6.19,1.07,20.77,0.37,0.00,28.40
0019.jpg,diễn viên Vương Bảo Cường,True,6.09,0.44,21.80,0.34,0.00,28.66
0020.jpg,diễn viên Vương Bảo Cường,True,6.34,0.05,19.71,0.36,0.00,26.47
0021.jpg,diễn viên Vương Bảo Cường,True,6.34,1.07,21.97,0.39,0.00,29.78
0022.jpg,diễn viên Vương Bảo Cường,True,6.40,1.01,18.59,0.34,0.00,26.33
0024.jpg,diễn viên Vương Bảo Cường,True,7.23,0.78,19.14,0.32,0.00,27.47
0025.jpg,diễn viên Vương Bảo Cường,True,5.27,0.98,19.15,0.40,0.00,25.81
0026.jpg,diễn viên Vương Bảo Cường,True,6.27,1.10,18.96,0.35,0.00,26.68
0005.jpg,diễn viên Vương Khải,True,6.38,1.05,22.26,0.36,0.00,30.06
0006.jpg,diễn viên Vương Khải,True,7.20,2.61,25.20,0.43,0.00,35.44
0007.jpg,diễn viên Vương Khải,True,7.72,0.49,22.29,0.35,0.00,30.86
0008.jpg,diễn viên Vương Khải,True,7.77,1.27,21.93,0.34,0.00,31.31
0009.jpg,diễn viên Vương Khải,True,7.34,1.38,21.85,0.40,0.00,30.97
0010.jpg,diễn viên Vương Khải,False,6.87,0.00,0.00,0.00,0.00,6.87
0011.jpg,diễn viên Vương Khải,True,6.35,1.12,21.05,0.36,0.00,28.87
0013.jpg,diễn viên Vương Khải,True,7.04,1.40,22.46,0.40,0.00,31.29
0014.jpg,diễn viên Vương Khải,True,7.11,1.34,22.84,0.44,0.00,31.74
0016.jpg,diễn viên Vương Khải,True,10.97,1.42,22.68,0.38,0.00,35.45
0018.jpg,diễn viên Vương Khải,True,8.13,0.06,18.97,0.38,0.00,27.54
0020.jpg,diễn viên Vương Khải,True,7.97,1.16,19.74,0.37,0.00,29.24
0021.jpg,diễn viên Vương Khải,True,6.76,1.17,22.08,0.34,0.00,30.35
0025.jpg,diễn viên Vương Khải,True,6.88,1.19,16.93,0.35,0.00,25.35
0029.jpg,diễn viên Vương Khải,True,6.40,1.18,19.45,0.39,0.00,27.41
0003.jpg,diễn viên Vương Tổ Lam,True,6.29,0.98,19.28,0.33,0.00,26.88
0004.jpg,diễn viên Vương Tổ Lam,True,7.06,1.08,20.70,0.36,0.00,29.20
0009.jpg,diễn viên Vương Tổ Lam,True,6.44,1.36,19.65,0.37,0.00,27.82
0012.jpg,diễn viên Vương Tổ Lam,True,7.08,1.19,19.77,0.37,0.00,28.41
0013.jpg,diễn viên Vương Tổ Lam,True,7.16,0.53,18.80,0.37,0.00,26.86
0014.jpg,diễn viên Vương Tổ Lam,True,6.97,1.09,18.33,0.34,0.00,26.72
0017.jpg,diễn viên Vương Tổ Lam,True,6.58,3.12,16.27,0.36,0.00,26.33
0001.jpg,diễn viên Vương Tử Văn,True,7.18,1.35,39.21,0.39,0.00,48.13
0003.jpg,diễn viên Vương Tử Văn,True,46.60,2.14,31.82,0.89,0.00,81.46
0009.jpg,diễn viên Vương Tử Văn,True,8.13,1.27,30.44,0.64,0.00,40.48
0011.jpg,diễn viên Vương Tử Văn,True,10.03,1.85,26.86,0.39,0.00,39.13
0012.jpg,diễn viên Vương Tử Văn,True,9.32,1.73,26.93,0.47,0.00,38.45
0014.jpg,diễn viên Vương Tử Văn,True,9.60,1.39,25.63,0.45,0.00,37.07
0015.jpg,diễn viên Vương Tử Văn,True,14.18,1.74,27.54,0.41,0.00,43.88
0022.jpg,diễn viên Vương Tử Văn,True,7.43,1.19,27.08,0.48,0.00,36.19
0024.jpg,diễn viên Vương Tử Văn,True,8.94,1.30,27.76,0.43,0.00,38.43
0026.jpg,diễn viên Vương Tử Văn,True,10.92,1.46,27.51,0.65,0.00,40.55
0028.jpg,diễn viên Vương Tử Văn,True,12.14,1.25,22.81,0.41,0.00,36.61
0029.jpg,diễn viên Vương Tử Văn,True,9.25,1.29,25.10,0.55,0.00,36.19
0030.jpg,diễn viên Vương Tử Văn,True,8.33,1.49,25.88,0.43,0.00,36.13
0031.jpg,diễn viên Vương Tử Văn,True,8.80,1.25,25.85,0.77,0.00,36.67
0001.jpg,diễn viên Vương Đại Lục,True,10.01,2.13,25.54,0.45,0.00,38.13
0003.jpg,diễn viên Vương Đại Lục,True,7.35,1.62,25.80,0.41,0.00,35.19
0005.jpg,diễn viên Vương Đại Lục,True,9.72,1.65,24.58,0.36,0.00,36.32
0009.jpg,diễn viên Vương Đại Lục,True,23.49,1.83,30.75,0.45,0.00,56.52
0011.jpg,diễn viên Vương Đại Lục,True,12.47,2.70,28.69,0.43,0.00,44.30
0012.jpg,diễn viên Vương Đại Lục,True,10.14,1.26,27.46,0.41,0.00,39.27
0013.jpg,diễn viên Vương Đại Lục,True,9.15,1.21,25.35,0.45,0.00,36.16
0017.jpg,diễn viên Vương Đại Lục,True,9.40,1.26,25.45,0.56,0.00,36.67
0023.jpg,diễn viên Vương Đại Lục,True,13.88,1.43,27.71,0.42,0.00,43.45
0024.jpg,diễn viên Vương Đại Lục,True,8.46,1.32,26.86,0.48,0.00,37.12
0029.jpg,diễn viên Vương Đại Lục,True,11.83,1.17,29.06,0.57,0.00,42.64
0035.jpg,diễn viên Vương Đại Lục,True,8.50,0.06,25.66,0.41,0.00,34.63
0002.jpg,diễn viên Yaya,True,9.06,1.28,24.15,0.44,0.00,34.93
0003.jpg,diễn viên Yaya,True,8.11,1.27,22.76,0.33,0.00,32.46
0004.jpg,diễn viên Yaya,True,8.98,1.06,22.54,0.40,0.00,32.98
0005.jpg,diễn viên Yaya,True,6.57,1.24,22.68,0.37,0.00,30.86
0007.jpg,diễn viên Yaya,True,7.11,1.12,22.77,0.42,0.00,31.42
0008.jpg,diễn viên Yaya,True,7.81,1.07,21.21,0.37,0.00,30.46
0010.jpg,diễn viên Yaya,True,7.78,1.13,22.82,0.38,0.00,32.11
0014.jpg,diễn viên Yaya,True,9.02,1.14,21.69,0.44,0.00,32.30
0015.jpg,diễn viên Yaya,True,7.22,1.11,21.68,0.40,0.00,30.41
0016.jpg,diễn viên Yaya,True,10.37,1.27,26.41,0.41,0.00,38.45
0017.jpg,diễn viên Yaya,True,9.55,1.25,24.82,0.38,0.01,36.02
0020.jpg,diễn viên Yaya,True,8.09,1.07,23.86,0.37,0.00,33.38
0022.jpg,diễn viên Yaya,True,9.35,1.29,23.29,0.43,0.00,34.36
0023.jpg,diễn viên Yaya,True,7.92,1.08,25.39,0.43,0.00,34.81
0024.jpg,diễn viên Yaya,True,7.67,1.14,23.43,0.37,0.00,32.61
0025.jpg,diễn viên Yaya,True,7.99,1.08,23.47,0.43,0.00,32.97
0026.jpg,diễn viên Yaya,True,9.64,1.35,26.00,0.41,0.00,37.40
0031.jpg,diễn viên Yaya,True,7.04,1.15,26.63,0.37,0.00,35.19
0035.jpg,diễn viên Yaya,True,8.74,1.02,24.00,0.40,0.00,34.15
0036.jpg,diễn viên Yaya,True,7.31,0.97,26.66,0.46,0.00,35.40
0038.jpg,diễn viên Yaya,True,8.10,0.50,23.98,0.38,0.00,32.96
0041.jpg,diễn viên Yaya,True,10.40,1.38,23.73,0.39,0.00,35.89
0001.jpg,diễn viên Đậu Kiêu,True,9.87,0.05,19.57,0.34,0.00,29.83
0005.jpg,diễn viên Đậu Kiêu,True,7.64,1.02,21.40,0.36,0.00,30.42
0006.jpg,diễn viên Đậu Kiêu,True,6.12,1.16,19.88,0.34,0.00,27.50
0007.jpg,diễn viên Đậu Kiêu,True,7.74,1.41,21.34,0.37,0.00,30.86
0008.jpg,diễn viên Đậu Kiêu,True,7.00,1.17,26.02,0.51,0.00,34.70
0009.jpg,diễn viên Đậu Kiêu,True,11.61,1.34,22.63,0.53,0.00,36.12
0011.jpg,diễn viên Đậu Kiêu,True,8.81,1.23,21.98,0.45,0.00,32.47
0012.jpg,diễn viên Đậu Kiêu,True,7.81,1.03,22.09,0.32,0.00,31.24
0013.jpg,diễn viên Đậu Kiêu,True,7.77,0.48,23.58,0.41,0.00,32.23
0014.jpg,diễn viên Đậu Kiêu,True,8.06,1.38,23.19,0.32,0.00,32.95
0015.jpg,diễn viên Đậu Kiêu,True,8.21,1.24,23.90,0.68,0.00,34.04
0016.jpg,diễn viên Đậu Kiêu,True,7.23,0.05,22.92,0.33,0.00,30.53
0018.jpg,diễn viên Đậu Kiêu,True,9.08,1.29,22.90,0.35,0.00,33.61
0022.jpg,diễn viên Đậu Kiêu,True,6.93,0.04,28.07,0.57,0.00,35.61
0025.jpg,diễn viên Đậu Kiêu,True,8.98,1.13,24.40,0.37,0.00,34.88
0027.jpg,diễn viên Đậu Kiêu,True,7.20,1.25,21.21,0.34,0.00,30.01
0028.jpg,diễn viên Đậu Kiêu,True,7.44,1.16,21.83,0.38,0.00,30.81
0029.jpg,diễn viên Đậu Kiêu,True,6.87,0.59,21.33,0.38,0.00,29.17
0032.jpg,diễn viên Đậu Kiêu,True,6.25,1.40,21.32,0.37,0.00,29.34
0033.jpg,diễn viên Đậu Kiêu,True,7.16,1.17,19.39,0.36,0.00,28.09
0034.jpg,diễn viên Đậu Kiêu,True,7.22,1.05,19.48,0.34,0.00,28.09
0036.jpg,diễn viên Đậu Kiêu,True,7.64,1.08,17.77,0.32,0.00,26.81
0037.jpg,diễn viên Đậu Kiêu,True,9.06,0.06,21.63,0.36,0.00,31.11
0038.jpg,diễn viên Đậu Kiêu,True,8.41,0.99,22.75,0.30,0.00,32.45
0039.jpg,diễn viên Đậu Kiêu,True,7.73,1.01,21.24,0.34,0.00,30.32
0040.jpg,diễn viên Đậu Kiêu,True,7.83,1.19,21.29,0.35,0.01,30.67
0041.jpg,diễn viên Đậu Kiêu,True,8.27,1.05,22.03,0.34,0.00,31.69
0004.jpg,diễn viên Đặng Luân,True,8.36,1.34,23.84,0.37,0.00,33.91
0006.jpg,diễn viên Đặng Luân,True,7.68,1.16,21.31,0.89,0.00,31.04
0007.jpg,diễn viên Đặng Luân,True,9.27,1.29,22.88,0.56,0.00,34.00
0008.jpg,diễn viên Đặng Luân,True,8.37,1.58,22.25,0.38,0.00,32.57
0012.jpg,diễn viên Đặng Luân,True,9.38,1.08,24.79,0.62,0.00,35.86
0013.jpg,diễn viên Đặng Luân,True,7.70,0.89,23.19,0.42,0.00,32.19
0019.jpg,diễn viên Đặng Luân,True,8.89,1.30,23.27,0.38,0.00,33.84
0020.jpg,diễn viên Đặng Luân,True,7.51,1.08,22.07,0.48,0.00,31.15
0021.jpg,diễn viên Đặng Luân,True,7.84,1.19,20.09,0.35,0.00,29.48
0025.jpg,diễn viên Đặng Luân,True,6.84,1.05,18.49,0.33,0.00,26.72
0027.jpg,diễn viên Đặng Luân,True,6.30,1.22,20.24,0.31,0.00,28.07
0028.jpg,diễn viên Đặng Luân,True,6.45,0.44,17.64,0.30,0.00,24.82
0029.jpg,diễn viên Đặng Luân,True,5.22,0.93,18.29,0.34,0.00,24.78
0031.jpg,diễn viên Đặng Luân,True,6.72,0.93,18.46,0.33,0.00,26.43
0032.jpg,diễn viên Đặng Luân,True,7.57,1.20,20.75,0.33,0.00,29.84
0035.jpg,diễn viên Đặng Luân,True,8.35,1.09,20.22,0.31,0.00,29.97
0036.jpg,diễn viên Đặng Luân,True,8.10,1.21,24.52,0.50,0.00,34.33
0037.jpg,diễn viên Đặng Luân,True,6.77,1.09,25.19,0.38,0.00,33.43
0038.jpg,diễn viên Đặng Luân,True,8.21,1.02,21.63,0.32,0.00,31.17
0040.jpg,diễn viên Đặng Luân,True,8.32,1.27,19.68,0.36,0.00,29.62
0041.jpg,diễn viên Đặng Luân,True,7.04,1.22,21.62,0.53,0.00,30.43
0043.jpg,diễn viên Đặng Luân,True,6.30,0.06,20.46,0.35,0.00,27.17
0045.jpg,diễn viên Đặng Luân,True,6.22,0.06,21.45,0.34,0.00,28.07
0046.jpg,diễn viên Đặng Luân,True,7.74,1.38,21.09,0.32,0.00,30.53
0047.jpg,diễn viên Đặng Luân,True,7.12,1.01,21.25,0.71,0.00,30.10
0001.jpg,diễn viên Đinh Ngọc Diệp,True,6.40,1.10,22.64,0.38,0.00,30.52
0006.jpg,diễn viên Đinh Ngọc Diệp,True,6.58,1.05,22.03,0.32,0.00,29.99
0007.jpg,diễn viên Đinh Ngọc Diệp,True,7.13,1.36,20.96,0.33,0.00,29.79
0008.jpg,diễn viên Đinh Ngọc Diệp,True,7.59,1.14,23.28,0.31,0.00,32.32
0009.jpg,diễn viên Đinh Ngọc Diệp,True,8.20,0.96,19.83,0.47,0.00,29.46
0010.jpg,diễn viên Đinh Ngọc Diệp,True,7.38,0.57,18.14,0.31,0.00,26.40
0018.jpg,diễn viên Đinh Ngọc Diệp,True,6.80,0.04,18.06,0.35,0.00,25.26
0020.jpg,diễn viên Đinh Ngọc Diệp,True,6.98,1.01,18.74,0.35,0.00,27.08
0021.jpg,diễn viên Đinh Ngọc Diệp,True,6.02,0.98,19.05,0.28,0.00,26.33
0022.jpg,diễn viên Đinh Ngọc Diệp,True,5.95,0.97,18.17,0.36,0.01,25.46
0024.jpg,diễn viên Đinh Ngọc Diệp,True,5.87,0.88,17.73,0.33,0.00,24.81
0025.jpg,diễn viên Đinh Ngọc Diệp,True,5.11,1.09,18.54,0.33,0.00,25.07
0027.jpg,diễn viên Đinh Ngọc Diệp,True,5.59,0.88,17.90,0.34,0.00,24.71
0031.jpg,diễn viên Đinh Ngọc Diệp,True,5.01,0.95,18.51,0.35,0.00,24.81
0035.jpg,diễn viên Đinh Ngọc Diệp,True,6.25,0.93,18.80,0.33,0.00,26.30
0036.jpg,diễn viên Đinh Ngọc Diệp,True,5.83,1.07,17.93,0.31,0.00,25.14
0037.jpg,diễn viên Đinh Ngọc Diệp,True,5.41,1.07,18.53,0.35,0.00,25.36
0038.jpg,diễn viên Đinh Ngọc Diệp,True,6.86,1.12,20.67,0.34,0.00,28.99
0002.jpg,diễn viên Đỗ Duy Nam,True,6.67,1.30,18.27,0.45,0.00,26.69
0005.jpg,diễn viên Đỗ Duy Nam,True,6.64,0.89,17.50,0.32,0.00,25.35
0006.jpg,diễn viên Đỗ Duy Nam,True,5.74,1.78,18.49,0.31,0.00,26.32
0007.jpg,diễn viên Đỗ Duy Nam,True,6.64,1.19,19.27,0.36,0.00,27.46
0008.jpg,diễn viên Đỗ Duy Nam,True,7.13,1.04,19.73,0.47,0.00,28.38
0010.jpg,diễn viên Đỗ Duy Nam,True,6.62,1.18,20.66,0.39,0.00,28.84
0012.jpg,diễn viên Đỗ Duy Nam,True,7.88,1.09,20.94,0.30,0.00,30.21
0013.jpg,diễn viên Đỗ Duy Nam,True,11.95,1.91,21.61,0.38,0.00,35.86
0016.jpg,diễn viên Đỗ Duy Nam,True,6.14,0.85,17.73,0.32,0.00,25.04
0017.jpg,diễn viên Đỗ Duy Nam,True,5.10,0.04,17.61,0.30,0.00,23.06
0018.jpg,diễn viên Đỗ Duy Nam,True,5.62,1.01,17.98,0.33,0.00,24.94
0020.jpg,diễn viên Đỗ Duy Nam,True,5.11,0.95,18.09,0.34,0.00,24.48
0021.jpg,diễn viên Đỗ Duy Nam,True,4.94,0.85,17.55,0.30,0.00,23.65
0022.jpg,diễn viên Đỗ Duy Nam,True,5.19,0.95,16.54,0.26,0.00,22.94
0023.jpg,diễn viên Đỗ Duy Nam,True,6.73,0.83,17.83,0.35,0.00,25.75
0024.jpg,diễn viên Đỗ Duy Nam,True,6.15,1.13,19.23,0.35,0.00,26.86
0025.jpg,diễn viên Đỗ Duy Nam,True,7.55,1.00,15.97,0.27,0.00,24.79
0001.jpg,diễn viên Đỗ Nhật Trường,True,7.39,1.16,17.71,0.31,0.00,26.57
0002.jpg,diễn viên Đỗ Nhật Trường,True,6.27,1.21,17.68,0.29,0.00,25.46
0004.jpg,diễn viên Đỗ Nhật Trường,True,6.92,0.96,17.89,0.34,0.00,26.11
0007.jpg,diễn viên Đỗ Nhật Trường,True,6.63,1.02,19.64,0.32,0.00,27.61
0014.jpg,diễn viên Đỗ Nhật Trường,True,7.77,0.86,18.02,0.30,0.00,26.95
0015.jpg,diễn viên Đỗ Nhật Trường,True,6.61,1.02,17.80,0.33,0.00,25.76
0018.jpg,diễn viên Đỗ Nhật Trường,True,5.49,0.95,19.19,0.45,0.00,26.08
0019.jpg,diễn viên Đỗ Nhật Trường,True,5.51,1.19,20.22,0.32,0.00,27.25
0022.jpg,diễn viên Đỗ Nhật Trường,True,5.80,1.59,19.75,0.69,0.00,27.83
0023.jpg,diễn viên Đỗ Nhật Trường,True,8.50,0.95,18.47,0.32,0.00,28.25
0024.jpg,diễn viên Đỗ Nhật Trường,True,5.71,0.04,20.53,0.34,0.00,26.63
0025.jpg,diễn viên Đỗ Nhật Trường,True,6.65,0.87,16.73,0.31,0.00,24.56
0026.jpg,diễn viên Đỗ Nhật Trường,True,5.70,0.86,16.65,0.30,0.00,23.51
0028.jpg,diễn viên Đỗ Nhật Trường,True,4.38,0.79,16.24,0.27,0.00,21.69
0001.jpg,diễn viên Đường Nghệ Hân,True,4.47,0.88,16.87,0.31,0.00,22.53
0004.jpg,diễn viên Đường Nghệ Hân,True,5.21,1.44,14.46,0.30,0.00,21.41
0005.jpg,diễn viên Đường Nghệ Hân,True,4.93,0.05,16.77,0.29,0.00,22.04
0007.jpg,diễn viên Đường Nghệ Hân,True,7.32,0.05,18.50,0.32,0.00,26.19
0010.jpg,diễn viên Đường Nghệ Hân,True,5.24,1.11,17.95,0.33,0.00,24.64
0011.jpg,diễn viên Đường Nghệ Hân,True,5.37,0.04,18.03,0.34,0.00,23.78
0012.jpg,diễn viên Đường Nghệ Hân,True,6.55,1.12,18.99,0.29,0.00,26.95
0013.jpg,diễn viên Đường Nghệ Hân,True,7.87,1.00,19.42,0.33,0.00,28.62
0015.jpg,diễn viên Đường Nghệ Hân,True,6.35,0.89,17.31,0.29,0.00,24.83
0018.jpg,diễn viên Đường Nghệ Hân,True,6.09,1.08,19.73,0.33,0.00,27.23
0021.jpg,diễn viên Đường Nghệ Hân,True,6.79,1.17,20.42,0.38,0.00,28.76
0025.jpg,diễn viên Đường Nghệ Hân,True,7.59,1.84,19.32,0.36,0.00,29.12
0026.jpg,diễn viên Đường Nghệ Hân,True,7.24,0.86,19.27,0.31,0.00,27.69
0027.jpg,diễn viên Đường Nghệ Hân,True,7.18,1.09,17.83,0.30,0.00,26.39
0028.jpg,diễn viên Đường Nghệ Hân,True,7.18,0.89,19.45,0.33,0.00,27.86
0001.jpg,hoa hậu Catriona Gray,True,6.37,1.43,18.03,0.30,0.00,26.12
0002.jpg,hoa hậu Catriona Gray,True,6.51,1.34,18.45,0.30,0.00,26.61
0006.jpg,hoa hậu Catriona Gray,True,6.23,0.96,19.93,0.34,0.00,27.45
0007.jpg,hoa hậu Catriona Gray,True,7.47,1.08,17.62,0.32,0.00,26.49
0008.jpg,hoa hậu Catriona Gray,True,5.33,0.04,18.26,0.41,0.00,24.04
0009.jpg,hoa hậu Catriona Gray,True,5.49,0.84,18.82,0.33,0.00,25.47
0010.jpg,hoa hậu Catriona Gray,True,7.11,0.86,19.10,0.71,0.00,27.79
0011.jpg,hoa hậu Catriona Gray,True,6.74,1.08,17.47,0.30,0.00,25.60
0012.jpg,hoa hậu Catriona Gray,True,7.02,1.12,18.03,0.32,0.00,26.49
0013.jpg,hoa hậu Catriona Gray,True,5.31,1.17,16.58,0.26,0.00,23.32
0014.jpg,hoa hậu Catriona Gray,True,6.34,0.05,18.04,0.30,0.00,24.73
0015.jpg,hoa hậu Catriona Gray,True,7.03,0.48,17.97,0.32,0.00,25.80
0016.jpg,hoa hậu Catriona Gray,True,5.35,1.00,18.00,0.33,0.00,24.68
0018.jpg,hoa hậu Catriona Gray,True,6.65,0.90,17.93,0.32,0.00,25.80
0019.jpg,hoa hậu Catriona Gray,True,6.93,1.03,16.97,0.31,0.00,25.23
0020.jpg,hoa hậu Catriona Gray,True,5.89,0.92,19.39,0.33,0.00,26.54
0021.jpg,hoa hậu Catriona Gray,True,24.94,1.01,17.95,0.31,0.00,44.21
0022.jpg,hoa hậu Catriona Gray,True,7.24,1.25,18.60,0.31,0.00,27.40
0023.jpg,hoa hậu Catriona Gray,True,6.77,1.32,19.58,0.32,0.00,27.99
0024.jpg,hoa hậu Catriona Gray,True,6.19,1.20,18.69,0.27,0.00,26.34
0026.jpg,hoa hậu Catriona Gray,True,6.17,0.97,17.51,0.30,0.00,24.95
0027.jpg,hoa hậu Catriona Gray,True,6.28,0.90,18.71,0.36,0.00,26.26
0028.jpg,hoa hậu Catriona Gray,True,7.43,1.10,19.09,0.30,0.00,27.92
0029.jpg,hoa hậu Catriona Gray,True,5.55,1.21,17.89,0.41,0.00,25.06
0030.jpg,hoa hậu Catriona Gray,True,5.96,0.94,19.53,0.47,0.00,26.91
0031.jpg,hoa hậu Catriona Gray,True,5.84,0.88,17.34,0.25,0.00,24.31
0032.jpg,hoa hậu Catriona Gray,True,5.51,0.98,17.76,0.96,0.00,25.20
0033.jpg,hoa hậu Catriona Gray,True,5.55,0.90,18.33,0.45,0.00,25.24
0034.jpg,hoa hậu Catriona Gray,True,6.59,1.02,18.32,0.71,0.00,26.64
0036.jpg,hoa hậu Catriona Gray,True,5.84,0.96,16.07,0.36,0.00,23.23
0037.jpg,hoa hậu Catriona Gray,True,7.02,0.97,21.56,0.47,0.00,30.02
0039.jpg,hoa hậu Catriona Gray,True,6.71,1.17,32.96,0.30,0.00,41.14
0040.jpg,hoa hậu Catriona Gray,True,6.60,1.67,18.65,0.34,0.00,27.27
0041.jpg,hoa hậu Catriona Gray,True,5.66,0.96,18.96,0.33,0.00,25.91
0001.jpg,hoa hậu Georgina Rodriguez,True,7.22,1.13,17.42,0.34,0.00,26.10
0002.jpg,hoa hậu Georgina Rodriguez,True,5.98,0.96,18.77,0.30,0.00,26.01
0004.jpg,hoa hậu Georgina Rodriguez,True,5.64,1.12,19.87,0.40,0.00,27.03
0006.jpg,hoa hậu Georgina Rodriguez,True,6.94,0.92,18.70,0.30,0.00,26.86
0008.jpg,hoa hậu Georgina Rodriguez,True,6.37,0.98,18.20,0.37,0.00,25.91
0010.jpg,hoa hậu Georgina Rodriguez,True,6.41,0.88,20.11,0.35,0.00,27.75
0012.jpg,hoa hậu Georgina Rodriguez,True,7.21,1.04,17.20,0.33,0.00,25.78
0015.jpg,hoa hậu Georgina Rodriguez,True,6.12,0.56,19.99,0.33,0.00,27.01
0016.jpg,hoa hậu Georgina Rodriguez,True,6.65,1.51,20.61,0.36,0.00,29.13
0017.jpg,hoa hậu Georgina Rodriguez,True,6.21,1.19,19.25,0.31,0.00,26.96
0018.jpg,hoa hậu Georgina Rodriguez,True,6.28,1.20,20.66,0.39,0.00,28.52
0019.jpg,hoa hậu Georgina Rodriguez,True,6.69,0.98,20.95,0.73,0.00,29.35
0020.jpg,hoa hậu Georgina Rodriguez,True,6.43,1.18,18.88,0.34,0.00,26.83
0021.jpg,hoa hậu Georgina Rodriguez,True,6.33,0.52,19.10,0.32,0.00,26.27
0022.jpg,hoa hậu Georgina Rodriguez,True,6.33,1.47,17.40,0.31,0.00,25.51
0023.jpg,hoa hậu Georgina Rodriguez,True,5.86,0.56,17.45,0.32,0.00,24.18
0024.jpg,hoa hậu Georgina Rodriguez,True,6.35,0.96,20.87,0.31,0.00,28.48
0001.jpg,hoa hậu Jolie Nguyễn,True,5.78,0.96,19.30,0.33,0.00,26.37
0002.jpg,hoa hậu Jolie Nguyễn,True,6.27,0.46,20.72,0.41,0.00,27.87
0004.jpg,hoa hậu Jolie Nguyễn,True,6.73,1.04,21.27,0.37,0.00,29.41
0006.jpg,hoa hậu Jolie Nguyễn,True,6.21,1.13,38.08,0.39,0.00,45.81
0009.jpg,hoa hậu Jolie Nguyễn,True,6.00,1.01,21.69,0.33,0.00,29.03
0011.jpg,hoa hậu Jolie Nguyễn,True,23.95,1.35,22.21,0.35,0.00,47.86
0018.jpg,hoa hậu Jolie Nguyễn,True,8.07,1.33,25.97,1.53,0.00,36.90
0019.jpg,hoa hậu Jolie Nguyễn,True,7.05,1.07,20.71,0.37,0.00,29.20
0023.jpg,hoa hậu Jolie Nguyễn,True,8.05,1.36,20.36,0.38,0.00,30.15
0024.jpg,hoa hậu Jolie Nguyễn,True,7.15,0.05,20.70,0.38,0.00,28.28
0025.jpg,hoa hậu Jolie Nguyễn,True,7.38,0.56,21.53,0.36,0.00,29.84
0027.jpg,hoa hậu Jolie Nguyễn,True,8.29,1.14,20.56,0.36,0.00,30.34
0028.jpg,hoa hậu Jolie Nguyễn,True,6.96,1.23,22.72,0.41,0.00,31.32
0030.jpg,hoa hậu Jolie Nguyễn,True,6.48,0.96,22.08,0.45,0.00,29.97
0032.jpg,hoa hậu Jolie Nguyễn,True,7.87,1.25,22.49,0.40,0.00,32.01
0033.jpg,hoa hậu Jolie Nguyễn,True,6.79,1.07,24.13,0.38,0.00,32.38
0036.jpg,hoa hậu Jolie Nguyễn,True,10.88,1.27,23.87,0.59,0.00,36.60
0037.jpg,hoa hậu Jolie Nguyễn,True,6.97,1.73,24.03,0.37,0.00,33.10
0039.jpg,hoa hậu Jolie Nguyễn,True,8.21,1.29,21.83,0.37,0.00,31.70
0040.jpg,hoa hậu Jolie Nguyễn,True,7.40,1.21,25.88,0.43,0.00,34.92
0041.jpg,hoa hậu Jolie Nguyễn,True,8.73,1.40,24.12,0.40,0.00,34.65
0001.jpg,hoa hậu Lan Khuê,True,7.49,1.20,24.45,0.45,0.01,33.59
0004.jpg,hoa hậu Lan Khuê,True,7.20,1.47,25.72,0.41,0.00,34.81
0005.jpg,hoa hậu Lan Khuê,True,7.89,1.39,22.27,0.38,0.00,31.94
0006.jpg,hoa hậu Lan Khuê,True,7.30,0.47,24.40,0.81,0.00,32.98
0007.jpg,hoa hậu Lan Khuê,True,6.65,1.19,25.61,0.42,0.00,33.88
0008.jpg,hoa hậu Lan Khuê,True,6.89,0.05,25.04,0.38,0.00,32.35
0010.jpg,hoa hậu Lan Khuê,True,8.05,0.06,20.86,0.40,0.00,29.36
0011.jpg,hoa hậu Lan Khuê,True,7.12,0.05,20.08,0.36,0.00,27.61
0012.jpg,hoa hậu Lan Khuê,True,9.83,1.43,23.93,1.04,0.00,36.24
0013.jpg,hoa hậu Lan Khuê,True,25.02,1.49,24.84,0.37,0.00,51.72
0014.jpg,hoa hậu Lan Khuê,True,8.41,1.17,25.12,0.43,0.00,35.14
0018.jpg,hoa hậu Lan Khuê,True,7.07,1.28,24.46,0.40,0.00,33.20
0019.jpg,hoa hậu Lan Khuê,True,8.31,1.42,23.00,0.39,0.00,33.12
0020.jpg,hoa hậu Lan Khuê,True,7.69,0.06,24.77,0.43,0.00,32.95
0021.jpg,hoa hậu Lan Khuê,True,6.89,1.17,21.83,0.44,0.00,30.33
0022.jpg,hoa hậu Lan Khuê,True,7.89,1.45,21.54,0.39,0.00,31.27
0024.jpg,hoa hậu Lan Khuê,True,7.39,0.97,22.06,0.38,0.00,30.80
0025.jpg,hoa hậu Lan Khuê,True,8.33,0.05,24.33,0.43,0.00,33.14
0026.jpg,hoa hậu Lan Khuê,True,7.75,1.52,24.23,0.44,0.00,33.94
0027.jpg,hoa hậu Lan Khuê,True,8.64,1.43,24.61,0.41,0.00,35.10
0028.jpg,hoa hậu Lan Khuê,True,10.41,0.06,23.61,0.41,0.00,34.48
0029.jpg,hoa hậu Lan Khuê,True,6.95,1.13,23.60,0.39,0.00,32.06
0030.jpg,hoa hậu Lan Khuê,True,8.28,1.16,24.30,0.44,0.00,34.18
0031.jpg,hoa hậu Lan Khuê,True,8.59,1.12,21.76,0.41,0.00,31.89
0032.jpg,hoa hậu Lan Khuê,True,7.77,1.28,22.39,0.41,0.00,31.84
0034.jpg,hoa hậu Lan Khuê,True,7.20,0.06,21.00,0.36,0.00,28.62
0001.jpg,hoa hậu Lưu Thị Diễm Hương,True,8.61,0.05,20.54,0.37,0.00,29.57
0002.jpg,hoa hậu Lưu Thị Diễm Hương,True,8.51,1.35,19.74,0.39,0.00,30.00
0004.jpg,hoa hậu Lưu Thị Diễm Hương,True,7.46,1.11,22.86,0.43,0.00,31.86
0006.jpg,hoa hậu Lưu Thị Diễm Hương,True,7.44,1.21,19.36,0.35,0.00,28.36
0008.jpg,hoa hậu Lưu Thị Diễm Hương,True,10.31,1.36,20.27,0.36,0.00,32.30
0009.jpg,hoa hậu Lưu Thị Diễm Hương,True,8.39,1.15,21.44,0.40,0.00,31.38
0010.jpg,hoa hậu Lưu Thị Diễm Hương,True,7.07,0.59,35.24,0.41,0.00,43.32
0011.jpg,hoa hậu Lưu Thị Diễm Hương,True,6.86,1.30,20.32,0.37,0.00,28.84
0012.jpg,hoa hậu Lưu Thị Diễm Hương,True,8.38,0.56,22.50,0.38,0.00,31.82
0014.jpg,hoa hậu Lưu Thị Diễm Hương,True,16.15,1.45,27.66,0.44,0.00,45.71
0015.jpg,hoa hậu Lưu Thị Diễm Hương,True,8.17,1.60,24.38,0.42,0.00,34.58
0016.jpg,hoa hậu Lưu Thị Diễm Hương,True,12.21,1.25,25.33,0.34,0.00,39.12
0018.jpg,hoa hậu Lưu Thị Diễm Hương,True,11.96,1.20,26.90,0.38,0.00,40.43
0019.jpg,hoa hậu Lưu Thị Diễm Hương,True,11.36,1.45,22.27,0.34,0.00,35.43
0020.jpg,hoa hậu Lưu Thị Diễm Hương,True,10.17,1.24,21.87,0.58,0.00,33.86
0023.jpg,hoa hậu Lưu Thị Diễm Hương,True,7.10,1.16,23.35,0.33,0.00,31.95
0024.jpg,hoa hậu Lưu Thị Diễm Hương,True,8.13,1.24,22.64,0.37,0.00,32.38
0025.jpg,hoa hậu Lưu Thị Diễm Hương,True,9.40,1.34,19.53,0.34,0.00,30.62
0026.jpg,hoa hậu Lưu Thị Diễm Hương,True,8.78,1.00,21.12,0.36,0.00,31.26
0027.jpg,hoa hậu Lưu Thị Diễm Hương,True,6.52,0.05,21.30,0.38,0.00,28.26
0029.jpg,hoa hậu Lưu Thị Diễm Hương,True,7.48,1.41,18.59,0.33,0.00,27.82
0030.jpg,hoa hậu Lưu Thị Diễm Hương,True,26.14,1.30,22.95,0.38,0.00,50.77
0031.jpg,hoa hậu Lưu Thị Diễm Hương,True,7.47,1.13,24.59,0.40,0.00,33.58
0033.jpg,hoa hậu Lưu Thị Diễm Hương,True,7.14,1.02,22.74,0.39,0.00,31.29
0034.jpg,hoa hậu Lưu Thị Diễm Hương,True,9.50,1.04,24.38,0.50,0.00,35.42
0035.jpg,hoa hậu Lưu Thị Diễm Hương,True,6.53,1.03,21.03,0.36,0.00,28.95
0036.jpg,hoa hậu Lưu Thị Diễm Hương,True,7.02,2.15,19.85,0.33,0.00,29.35
0001.jpg,hoa hậu Lý Gia Hân,True,8.08,1.24,81.30,1.47,0.00,92.09
0002.jpg,hoa hậu Lý Gia Hân,True,9.01,0.99,23.56,0.35,0.00,33.91
0003.jpg,hoa hậu Lý Gia Hân,True,9.14,1.03,22.51,0.53,0.00,33.21
0005.jpg,hoa hậu Lý Gia Hân,True,7.34,1.12,24.66,0.42,0.00,33.54
0009.jpg,hoa hậu Lý Gia Hân,True,8.11,0.05,21.55,0.39,0.00,30.11
0010.jpg,hoa hậu Lý Gia Hân,True,6.95,0.93,21.50,0.36,0.00,29.75
0011.jpg,hoa hậu Lý Gia Hân,True,30.49,1.06,20.53,0.33,0.00,52.42
0012.jpg,hoa hậu Lý Gia Hân,True,11.13,1.13,23.27,0.39,0.00,35.92
0013.jpg,hoa hậu Lý Gia Hân,True,9.18,1.16,27.42,0.41,0.00,38.18
0014.jpg,hoa hậu Lý Gia Hân,True,9.91,1.29,23.20,0.43,0.00,34.83
0015.jpg,hoa hậu Lý Gia Hân,True,8.23,1.07,24.09,0.69,0.00,34.07
0016.jpg,hoa hậu Lý Gia Hân,True,11.10,1.14,41.86,0.36,0.00,54.46
0019.jpg,hoa hậu Lý Gia Hân,True,10.78,1.37,24.23,0.39,0.00,36.77
0021.jpg,hoa hậu Lý Gia Hân,True,12.17,1.26,23.46,0.57,0.00,37.47
0024.jpg,hoa hậu Lý Gia Hân,True,9.05,1.55,23.23,0.49,0.00,34.32
0027.jpg,hoa hậu Lý Gia Hân,True,9.78,1.36,24.39,0.40,0.00,35.93
0029.jpg,hoa hậu Lý Gia Hân,True,6.68,1.15,22.60,0.42,0.00,30.86
0030.jpg,hoa hậu Lý Gia Hân,True,7.21,1.06,22.94,0.38,0.00,31.59
0031.jpg,hoa hậu Lý Gia Hân,True,7.71,1.27,22.90,0.35,0.00,32.22
0033.jpg,hoa hậu Lý Gia Hân,True,7.40,1.76,21.84,0.53,0.00,31.54
0035.jpg,hoa hậu Lý Gia Hân,True,8.91,1.08,22.09,0.38,0.00,32.46
0038.jpg,hoa hậu Lý Gia Hân,True,7.25,1.39,21.28,0.37,0.00,30.29
0039.jpg,hoa hậu Lý Gia Hân,True,7.90,1.34,23.63,0.44,0.00,33.31
0040.jpg,hoa hậu Lý Gia Hân,True,8.98,2.10,24.23,0.41,0.00,35.73
0001.jpg,hoa hậu Ngọc Châu,True,8.70,1.26,29.91,0.63,0.00,40.51
0003.jpg,hoa hậu Ngọc Châu,True,8.44,1.46,24.38,0.39,0.00,34.66
0005.jpg,hoa hậu Ngọc Châu,True,7.73,1.55,25.66,0.36,0.00,35.31
0009.jpg,hoa hậu Ngọc Châu,True,7.40,1.15,22.13,0.35,0.00,31.03
0010.jpg,hoa hậu Ngọc Châu,True,6.43,1.12,22.22,0.40,0.00,30.16
0011.jpg,hoa hậu Ngọc Châu,True,7.48,1.10,20.97,0.38,0.00,29.94
0012.jpg,hoa hậu Ngọc Châu,True,10.02,1.26,21.43,0.41,0.00,33.13
0014.jpg,hoa hậu Ngọc Châu,True,8.90,1.36,20.42,0.48,0.00,31.17
0015.jpg,hoa hậu Ngọc Châu,True,9.27,1.24,22.50,0.35,0.00,33.37
0016.jpg,hoa hậu Ngọc Châu,True,8.05,1.14,22.90,0.42,0.00,32.51
0022.jpg,hoa hậu Ngọc Châu,True,13.32,1.44,26.48,0.44,0.00,41.69
0023.jpg,hoa hậu Ngọc Châu,True,8.11,1.20,24.35,0.45,0.00,34.11
0024.jpg,hoa hậu Ngọc Châu,True,7.94,1.16,26.81,0.42,0.00,36.33
0025.jpg,hoa hậu Ngọc Châu,True,10.20,1.23,25.95,0.56,0.00,37.93
0026.jpg,hoa hậu Ngọc Châu,True,7.89,1.25,26.40,0.40,0.00,35.94
0028.jpg,hoa hậu Ngọc Châu,True,8.66,1.41,23.29,0.47,0.00,33.84
0029.jpg,hoa hậu Ngọc Châu,True,6.59,1.16,22.98,0.40,0.00,31.14
0031.jpg,hoa hậu Ngọc Châu,True,7.27,1.12,22.50,0.41,0.00,31.31
0033.jpg,hoa hậu Ngọc Châu,True,6.71,1.01,21.15,0.36,0.00,29.23
0034.jpg,hoa hậu Ngọc Châu,True,8.38,1.69,25.13,0.39,0.00,35.60
0035.jpg,hoa hậu Ngọc Châu,True,7.34,1.09,24.22,0.37,0.00,33.02
0036.jpg,hoa hậu Ngọc Châu,True,6.74,1.39,22.13,0.47,0.00,30.73
0037.jpg,hoa hậu Ngọc Châu,True,7.42,1.12,23.83,0.39,0.00,32.75
0038.jpg,hoa hậu Ngọc Châu,True,9.03,1.37,25.77,1.14,0.00,37.32
0040.jpg,hoa hậu Ngọc Châu,True,8.36,1.27,20.37,0.35,0.00,30.35
0041.jpg,hoa hậu Ngọc Châu,True,7.19,0.06,19.87,0.51,0.00,27.63
0042.jpg,hoa hậu Ngọc Châu,True,10.41,0.05,32.73,0.76,0.00,43.95
0044.jpg,hoa hậu Ngọc Châu,True,11.10,1.28,24.52,0.59,0.00,37.50
0045.jpg,hoa hậu Ngọc Châu,True,6.72,1.34,24.45,0.45,0.00,32.96
0001.jpg,hoa hậu Nguyễn Thị Ánh Ngọc,True,12.34,1.39,24.94,0.40,0.00,39.08
0002.jpg,hoa hậu Nguyễn Thị Ánh Ngọc,True,41.84,1.36,42.21,0.67,0.00,86.07
0003.jpg,hoa hậu Nguyễn Thị Ánh Ngọc,True,8.83,1.39,25.79,0.54,0.00,36.55
0004.jpg,hoa hậu Nguyễn Thị Ánh Ngọc,True,7.39,1.15,29.60,1.34,0.00,39.48
0005.jpg,hoa hậu Nguyễn Thị Ánh Ngọc,True,30.77,1.34,28.45,0.43,0.00,61.00
0006.jpg,hoa hậu Nguyễn Thị Ánh Ngọc,True,7.43,1.11,28.51,0.39,0.00,37.44
0007.jpg,hoa hậu Nguyễn Thị Ánh Ngọc,True,10.71,0.65,31.79,0.33,0.00,43.48
0008.jpg,hoa hậu Nguyễn Thị Ánh Ngọc,True,8.72,1.17,26.98,0.33,0.00,37.20
0010.jpg,hoa hậu Nguyễn Thị Ánh Ngọc,True,8.78,0.06,25.58,0.36,0.00,34.79
0011.jpg,hoa hậu Nguyễn Thị Ánh Ngọc,True,14.10,1.29,25.19,0.38,0.00,40.97
0013.jpg,hoa hậu Nguyễn Thị Ánh Ngọc,True,6.91,1.62,23.94,0.42,0.00,32.90
0015.jpg,hoa hậu Nguyễn Thị Ánh Ngọc,True,8.46,1.28,26.61,0.36,0.00,36.70
0016.jpg,hoa hậu Nguyễn Thị Ánh Ngọc,True,9.63,1.69,25.94,0.43,0.00,37.70
0017.jpg,hoa hậu Nguyễn Thị Ánh Ngọc,True,14.57,1.09,25.24,0.39,0.00,41.28
0018.jpg,hoa hậu Nguyễn Thị Ánh Ngọc,True,12.37,1.32,25.18,0.47,0.00,39.35
0021.jpg,hoa hậu Nguyễn Thị Ánh Ngọc,True,24.62,1.45,36.84,0.70,0.01,63.63
0022.jpg,hoa hậu Nguyễn Thị Ánh Ngọc,True,10.46,0.18,28.14,0.46,0.00,39.24
0024.jpg,hoa hậu Nguyễn Thị Ánh Ngọc,True,9.64,1.40,28.61,0.42,0.00,40.07
0025.jpg,hoa hậu Nguyễn Thị Ánh Ngọc,True,11.23,1.42,28.15,0.46,0.00,41.26
0026.jpg,hoa hậu Nguyễn Thị Ánh Ngọc,True,10.51,0.81,35.53,5.84,0.00,52.70
0027.jpg,hoa hậu Nguyễn Thị Ánh Ngọc,True,19.87,1.43,36.78,0.92,0.00,59.00
0028.jpg,hoa hậu Nguyễn Thị Ánh Ngọc,True,18.74,1.54,35.90,0.42,0.00,56.59
0029.jpg,hoa hậu Nguyễn Thị Ánh Ngọc,True,16.91,3.48,25.94,0.34,0.00,46.68
0030.jpg,hoa hậu Nguyễn Thị Ánh Ngọc,True,9.93,1.40,23.39,0.36,0.00,35.09
0031.jpg,hoa hậu Nguyễn Thị Ánh Ngọc,True,7.90,2.00,23.82,0.32,0.00,34.04
0032.jpg,hoa hậu Nguyễn Thị Ánh Ngọc,True,7.61,1.13,23.04,0.68,0.00,32.46
0002.jpg,hoa hậu Nguyễn Thúc Thùy Tiên,True,9.26,1.40,24.98,0.36,0.00,36.00
0003.jpg,hoa hậu Nguyễn Thúc Thùy Tiên,True,8.38,1.05,23.01,0.53,0.00,32.97
0004.jpg,hoa hậu Nguyễn Thúc Thùy Tiên,True,7.22,1.18,21.81,0.38,0.00,30.59
0005.jpg,hoa hậu Nguyễn Thúc Thùy Tiên,True,10.30,1.06,24.84,0.48,0.00,36.67
0006.jpg,hoa hậu Nguyễn Thúc Thùy Tiên,True,9.02,1.08,25.83,0.60,0.00,36.53
0007.jpg,hoa hậu Nguyễn Thúc Thùy Tiên,True,7.61,1.06,23.41,0.57,0.00,32.66
0008.jpg,hoa hậu Nguyễn Thúc Thùy Tiên,True,7.97,1.25,23.77,0.47,0.00,33.46
0011.jpg,hoa hậu Nguyễn Thúc Thùy Tiên,True,10.44,1.47,22.93,0.37,0.00,35.22
0012.jpg,hoa hậu Nguyễn Thúc Thùy Tiên,True,6.72,1.14,22.23,0.68,0.00,30.77
0013.jpg,hoa hậu Nguyễn Thúc Thùy Tiên,True,8.02,0.13,24.20,0.39,0.00,32.74
0015.jpg,hoa hậu Nguyễn Thúc Thùy Tiên,True,8.92,1.18,23.03,0.37,0.00,33.51
0016.jpg,hoa hậu Nguyễn Thúc Thùy Tiên,True,8.29,1.00,22.50,0.51,0.00,32.30
0017.jpg,hoa hậu Nguyễn Thúc Thùy Tiên,True,6.94,1.05,22.52,0.39,0.00,30.89
0018.jpg,hoa hậu Nguyễn Thúc Thùy Tiên,True,6.25,1.12,23.42,0.37,0.00,31.16
0019.jpg,hoa hậu Nguyễn Thúc Thùy Tiên,True,6.90,1.33,20.82,0.39,0.00,29.44
0021.jpg,hoa hậu Nguyễn Thúc Thùy Tiên,True,7.05,0.94,21.29,0.38,0.00,29.66
0022.jpg,hoa hậu Nguyễn Thúc Thùy Tiên,True,6.96,1.20,19.99,0.35,0.00,28.51
0023.jpg,hoa hậu Nguyễn Thúc Thùy Tiên,True,7.55,1.28,22.76,0.33,0.00,31.93
0024.jpg,hoa hậu Nguyễn Thúc Thùy Tiên,True,8.38,1.13,20.15,0.37,0.00,30.03
0025.jpg,hoa hậu Nguyễn Thúc Thùy Tiên,True,7.13,1.45,23.32,0.34,0.00,32.24
0027.jpg,hoa hậu Nguyễn Thúc Thùy Tiên,True,7.99,1.48,21.30,0.33,0.00,31.11
0028.jpg,hoa hậu Nguyễn Thúc Thùy Tiên,True,8.04,1.32,22.13,0.37,0.00,31.87
0029.jpg,hoa hậu Nguyễn Thúc Thùy Tiên,True,6.46,1.01,19.87,0.39,0.00,27.74
0030.jpg,hoa hậu Nguyễn Thúc Thùy Tiên,True,7.22,0.50,22.46,0.38,0.00,30.56
0032.jpg,hoa hậu Nguyễn Thúc Thùy Tiên,True,7.09,1.06,21.72,0.47,0.00,30.35
0033.jpg,hoa hậu Nguyễn Thúc Thùy Tiên,True,8.29,1.27,20.67,0.37,0.00,30.60
0034.jpg,hoa hậu Nguyễn Thúc Thùy Tiên,True,6.50,1.15,20.46,0.42,0.00,28.53
0035.jpg,hoa hậu Nguyễn Thúc Thùy Tiên,True,8.76,1.07,22.03,0.34,0.00,32.21
0036.jpg,hoa hậu Nguyễn Thúc Thùy Tiên,True,7.58,1.20,21.35,0.38,0.00,30.52
0037.jpg,hoa hậu Nguyễn Thúc Thùy Tiên,True,11.99,1.02,21.13,0.40,0.00,34.53
0038.jpg,hoa hậu Nguyễn Thúc Thùy Tiên,True,6.96,1.17,20.83,0.37,0.00,29.34
0002.jpg,hoa hậu Phạm Hương,True,8.71,1.30,22.28,0.36,0.00,32.65
0006.jpg,hoa hậu Phạm Hương,True,10.43,1.26,20.92,0.44,0.00,33.05
0008.jpg,hoa hậu Phạm Hương,True,6.98,1.04,19.52,0.34,0.00,27.87
0009.jpg,hoa hậu Phạm Hương,True,6.15,0.90,18.44,0.49,0.00,25.98
0010.jpg,hoa hậu Phạm Hương,True,6.51,1.28,20.09,0.31,0.00,28.19
0011.jpg,hoa hậu Phạm Hương,True,5.35,0.95,20.99,0.31,0.00,27.60
0012.jpg,hoa hậu Phạm Hương,True,5.77,0.93,19.24,0.32,0.00,26.26
0013.jpg,hoa hậu Phạm Hương,True,6.48,1.11,20.71,0.36,0.00,28.65
0014.jpg,hoa hậu Phạm Hương,True,5.95,1.11,19.57,0.35,0.00,26.99
0015.jpg,hoa hậu Phạm Hương,True,5.88,1.01,19.78,0.38,0.00,27.06
0016.jpg,hoa hậu Phạm Hương,True,6.39,1.03,20.56,0.37,0.00,28.35
0017.jpg,hoa hậu Phạm Hương,True,10.82,1.02,21.29,0.31,0.00,33.44
0018.jpg,hoa hậu Phạm Hương,True,8.11,1.20,21.33,0.40,0.00,31.04
0020.jpg,hoa hậu Phạm Hương,True,10.43,1.10,22.21,0.39,0.00,34.14
0022.jpg,hoa hậu Phạm Hương,True,9.01,1.09,20.50,0.33,0.00,30.92
0023.jpg,hoa hậu Phạm Hương,True,10.58,1.60,22.70,0.38,0.00,35.25
0024.jpg,hoa hậu Phạm Hương,True,6.58,0.95,20.05,0.39,0.00,27.97
0025.jpg,hoa hậu Phạm Hương,True,6.42,0.94,23.21,0.38,0.00,30.96
0026.jpg,hoa hậu Phạm Hương,True,6.45,1.22,22.78,0.35,0.00,30.80
0027.jpg,hoa hậu Phạm Hương,True,8.67,1.12,22.47,0.36,0.00,32.63
0028.jpg,hoa hậu Phạm Hương,True,8.91,1.22,20.95,0.57,0.00,31.64
0029.jpg,hoa hậu Phạm Hương,True,7.54,1.05,21.69,0.35,0.00,30.62
0030.jpg,hoa hậu Phạm Hương,True,8.91,1.21,22.22,0.33,0.00,32.68
0031.jpg,hoa hậu Phạm Hương,True,7.94,1.09,22.58,0.34,0.00,31.95
0033.jpg,hoa hậu Phạm Hương,True,6.80,1.11,19.79,0.31,0.00,28.01
0034.jpg,hoa hậu Phạm Hương,True,6.19,1.15,21.47,0.34,0.00,29.15
0035.jpg,hoa hậu Phạm Hương,True,6.37,0.06,21.35,0.34,0.00,28.13
0036.jpg,hoa hậu Phạm Hương,True,7.64,1.24,18.61,0.36,0.00,27.86
0038.jpg,hoa hậu Phạm Hương,True,6.66,1.32,22.39,0.38,0.00,30.75
0039.jpg,hoa hậu Phạm Hương,True,5.91,0.95,19.68,0.33,0.00,26.87
0041.jpg,hoa hậu Phạm Hương,True,6.06,1.24,20.50,0.39,0.00,28.18
0042.jpg,hoa hậu Phạm Hương,True,6.74,1.33,25.97,0.35,0.00,34.39
0044.jpg,hoa hậu Phạm Hương,True,7.46,2.57,23.06,0.39,0.00,33.48
0045.jpg,hoa hậu Phạm Hương,True,7.36,1.27,22.22,1.01,0.00,31.85
0046.jpg,hoa hậu Phạm Hương,True,6.75,0.93,21.56,0.60,0.00,29.85
0001.jpg,hoa hậu Rinrada Thurapan,True,7.33,0.93,17.68,0.81,0.00,26.75
0002.jpg,hoa hậu Rinrada Thurapan,True,7.93,1.22,20.50,0.38,0.00,30.03
0007.jpg,hoa hậu Rinrada Thurapan,True,7.65,1.98,19.52,0.28,0.00,29.43
0009.jpg,hoa hậu Rinrada Thurapan,True,5.86,0.86,20.14,0.40,0.00,27.27
0010.jpg,hoa hậu Rinrada Thurapan,True,7.68,1.14,19.78,0.45,0.00,29.05
0011.jpg,hoa hậu Rinrada Thurapan,True,6.81,1.60,19.69,0.29,0.00,28.40
0012.jpg,hoa hậu Rinrada Thurapan,True,7.82,1.27,19.00,0.33,0.00,28.42
0013.jpg,hoa hậu Rinrada Thurapan,True,6.14,0.96,18.35,0.30,0.00,25.75
0015.jpg,hoa hậu Rinrada Thurapan,True,5.52,0.91,18.93,0.34,0.00,25.70
0016.jpg,hoa hậu Rinrada Thurapan,True,5.62,1.17,19.74,0.33,0.00,26.86
0017.jpg,hoa hậu Rinrada Thurapan,True,5.63,1.37,18.34,0.29,0.00,25.62
0020.jpg,hoa hậu Rinrada Thurapan,True,5.77,1.51,36.66,0.41,0.00,44.35
0021.jpg,hoa hậu Rinrada Thurapan,True,7.26,1.58,21.31,0.40,0.00,30.56
0023.jpg,hoa hậu Rinrada Thurapan,True,19.00,1.01,20.99,0.39,0.00,41.39
0024.jpg,hoa hậu Rinrada Thurapan,True,8.32,1.13,25.13,0.52,0.00,35.11
0028.jpg,hoa hậu Rinrada Thurapan,True,9.14,1.14,21.33,0.37,0.00,31.97
0030.jpg,hoa hậu Rinrada Thurapan,True,8.17,1.13,20.40,0.37,0.00,30.06
0031.jpg,hoa hậu Rinrada Thurapan,True,7.19,0.54,20.85,0.48,0.00,29.06
0032.jpg,hoa hậu Rinrada Thurapan,True,7.26,1.02,22.58,0.37,0.00,31.24
0033.jpg,hoa hậu Rinrada Thurapan,True,8.88,1.09,20.70,0.38,0.00,31.06
0035.jpg,hoa hậu Rinrada Thurapan,True,7.17,0.98,21.34,0.40,0.00,29.89
0036.jpg,hoa hậu Rinrada Thurapan,True,7.07,1.21,23.55,0.42,0.00,32.24
0037.jpg,hoa hậu Rinrada Thurapan,True,7.03,1.08,22.70,0.34,0.00,31.15
0038.jpg,hoa hậu Rinrada Thurapan,True,5.91,1.13,21.00,0.38,0.00,28.42
0039.jpg,hoa hậu Rinrada Thurapan,True,7.30,1.27,23.28,0.33,0.00,32.18
0040.jpg,hoa hậu Rinrada Thurapan,True,7.19,1.09,22.63,0.35,0.00,31.26
0041.jpg,hoa hậu Rinrada Thurapan,True,7.23,1.14,22.37,0.70,0.00,31.44
0042.jpg,hoa hậu Rinrada Thurapan,True,6.84,1.65,20.63,0.35,0.00,29.46
0043.jpg,hoa hậu Rinrada Thurapan,True,6.55,0.99,19.14,0.30,0.00,26.97
0044.jpg,hoa hậu Rinrada Thurapan,True,6.19,0.94,18.68,0.33,0.00,26.14
0045.jpg,hoa hậu Rinrada Thurapan,True,7.97,1.22,17.93,0.33,0.00,27.44

# SUMMARY STATISTICS (only images with face detected)
step,mean_ms,median_ms,p95_ms,p99_ms,min_ms,max_ms,std_ms,count
1_detection,9.11,8.00,15.22,25.90,4.20,89.14,4.51,5216
2_best_frame,1.27,1.19,1.93,3.93,0.04,36.86,0.98,5216
3_embedding,24.88,22.92,37.55,60.37,13.39,160.09,8.99,5216
4_matching,1.07,0.39,1.48,7.62,0.22,1403.41,19.75,5216
5_state_check,0.00,0.00,0.00,0.00,0.00,0.05,0.00,5216
total,36.34,32.76,55.62,93.26,18.95,1443.60,24.08,5216

# METADATA
backend,facelivt
embed_dim,512
platform,Windows-10-10.0.19045-SP0
machine,AMD64
opencv,4.13.0
onnxruntime,1.20.0
timestamp,2026-05-10T10:17:06.914767
